{
"type": "FeatureCollection",
"name": "sekolah_kabupaten_bogor",
"crs": { "type": "name", "properties": { "name": "urn:ogc:def:crs:OGC:1.3:CRS84" } },
"features": [
{"type":"Feature","properties":{"full_id":"r9700648","osm_id":"9700648","osm_type":"relation","amenity":"school","addr:province":null,"addr:housename":null,"short_name":null,"branch":null,"official_name":null,"layer":null,"mobile":null,"wikipedia":null,"wikidata":null,"website":null,"phone":null,"email":null,"natural":null,"landuse":null,"ref":null,"addr:subdistrict":null,"addr:district":null,"club":null,"religion":null,"grades":null,"opening_hours":null,"evacuation_center":null,"capacity:persons":null,"building:material":null,"building:floor":null,"building:condition":null,"backup_generator":null,"barrier":null,"sport":null,"leisure":null,"education":null,"type:id":null,"building:walls":null,"building:structure":null,"building:roof":null,"building:levels":null,"addr:postcode":null,"addr:housenumber":null,"addr:full":null,"access:roof":null,"nspn":null,"addr:city":null,"operator":null,"addr:street":null,"addr:state":null,"school:type_idn":null,"check_date":null,"wheelchair":null,"school:gender":null,"operator:type":null,"isced:level":null,"building":null,"type":"multipolygon","name":"SMP - SMA Mardi Waluya"},"geometry":{"type":"MultiPolygon","coordinates":[[[[106.8581061,-6.4657431],[106.8581866,-6.4656045],[106.8579438,-6.4654526],[106.8581276,-6.4652807],[106.8582952,-6.4651461],[106.8583918,-6.4649035],[106.8585406,-6.4649089],[106.8585674,-6.4646364],[106.8586224,-6.4645671],[106.8586818,-6.4645034],[106.8587726,-6.4645091],[106.8591247,-6.4645824],[106.8592112,-6.4645751],[106.8592863,-6.464657],[106.8592921,-6.4646712],[106.8593476,-6.4647223],[106.8594157,-6.4647739],[106.85952,-6.4648546],[106.8595874,-6.4649105],[106.8595478,-6.4649908],[106.8594646,-6.4650724],[106.8593553,-6.4651028],[106.8592641,-6.465202],[106.859124,-6.4654019],[106.8590797,-6.4654632],[106.8589926,-6.4658443],[106.8587659,-6.4659989],[106.8586881,-6.4661388],[106.8586224,-6.4663254],[106.8585507,-6.4664626],[106.8584166,-6.4667485],[106.8583032,-6.4669744],[106.858257,-6.4671456],[106.8581738,-6.4673941],[106.8580813,-6.467664],[106.8580598,-6.467644],[106.8580417,-6.4676233],[106.8581155,-6.4674021],[106.8582201,-6.467069],[106.8582791,-6.4669037],[106.8583462,-6.4667638],[106.8584561,-6.4665133],[106.8585768,-6.4662708],[106.8586989,-6.4659976],[106.8581061,-6.4657431]]]]}},
{"type":"Feature","properties":{"full_id":"r9700649","osm_id":"9700649","osm_type":"relation","amenity":"school","addr:province":null,"addr:housename":null,"short_name":null,"branch":null,"official_name":null,"layer":null,"mobile":null,"wikipedia":null,"wikidata":null,"website":null,"phone":null,"email":null,"natural":null,"landuse":null,"ref":null,"addr:subdistrict":null,"addr:district":null,"club":null,"religion":null,"grades":null,"opening_hours":null,"evacuation_center":null,"capacity:persons":null,"building:material":null,"building:floor":null,"building:condition":null,"backup_generator":null,"barrier":null,"sport":null,"leisure":null,"education":null,"type:id":null,"building:walls":null,"building:structure":null,"building:roof":null,"building:levels":null,"addr:postcode":null,"addr:housenumber":null,"addr:full":null,"access:roof":null,"nspn":null,"addr:city":null,"operator":null,"addr:street":null,"addr:state":null,"school:type_idn":null,"check_date":null,"wheelchair":null,"school:gender":null,"operator:type":null,"isced:level":null,"building":null,"type":"multipolygon","name":null},"geometry":{"type":"MultiPolygon","coordinates":[[[[106.8586224,-6.4663254],[106.858605,-6.4664546],[106.8588625,-6.4665653],[106.8587659,-6.4669011],[106.8590114,-6.4670183],[106.8589684,-6.4671529],[106.8588209,-6.4670716],[106.8586949,-6.4672155],[106.8585835,-6.4674221],[106.8584695,-6.4675667],[106.8584085,-6.4675334],[106.8583609,-6.4676167],[106.8584256,-6.4676796],[106.8583415,-6.4677899],[106.8583851,-6.4678352],[106.8583435,-6.4678798],[106.8582868,-6.4678389],[106.8580813,-6.467664],[106.8581738,-6.4673941],[106.858257,-6.4671456],[106.8583032,-6.4669744],[106.8584166,-6.4667485],[106.8585507,-6.4664626],[106.8586224,-6.4663254]]]]}},
{"type":"Feature","properties":{"full_id":"r9700796","osm_id":"9700796","osm_type":"relation","amenity":"school","addr:province":null,"addr:housename":null,"short_name":null,"branch":null,"official_name":null,"layer":null,"mobile":null,"wikipedia":null,"wikidata":null,"website":null,"phone":null,"email":null,"natural":null,"landuse":null,"ref":null,"addr:subdistrict":null,"addr:district":null,"club":null,"religion":null,"grades":null,"opening_hours":null,"evacuation_center":null,"capacity:persons":null,"building:material":null,"building:floor":null,"building:condition":null,"backup_generator":null,"barrier":null,"sport":null,"leisure":null,"education":null,"type:id":null,"building:walls":null,"building:structure":null,"building:roof":null,"building:levels":null,"addr:postcode":null,"addr:housenumber":null,"addr:full":null,"access:roof":null,"nspn":null,"addr:city":null,"operator":null,"addr:street":null,"addr:state":null,"school:type_idn":null,"check_date":null,"wheelchair":null,"school:gender":null,"operator:type":null,"isced:level":null,"building":null,"type":"multipolygon","name":"TK-SD-SMP Taman Rejeki"},"geometry":{"type":"MultiPolygon","coordinates":[[[[106.8596994,-6.4667372],[106.8595967,-6.4667325],[106.8595867,-6.4666152],[106.8595049,-6.4665946],[106.8594995,-6.4664933],[106.859474,-6.4664786],[106.8594901,-6.4663567],[106.8595163,-6.4661322],[106.8595411,-6.4659363],[106.8597181,-6.465929],[106.8597255,-6.4660129],[106.8598643,-6.4660136],[106.8598737,-6.4662454],[106.8599334,-6.4662574],[106.8599649,-6.46641],[106.8597939,-6.466492],[106.8597228,-6.466498],[106.8597255,-6.4667372],[106.8596994,-6.4667372]],[[106.8596415,-6.4666237],[106.8595967,-6.4666266],[106.8596028,-6.4667192],[106.8596476,-6.4667163],[106.8596415,-6.4666237]],[[106.8596021,-6.4665019],[106.8595979,-6.4664255],[106.8594928,-6.4664313],[106.8594841,-6.466478],[106.8595035,-6.4664826],[106.8595102,-6.4665892],[106.8596135,-6.4666072],[106.8596115,-6.4665519],[106.8595619,-6.4665506],[106.8595612,-6.466504],[106.8596021,-6.4665019]],[[106.8599061,-6.4663719],[106.8599012,-6.4662621],[106.8595545,-6.4662774],[106.8595594,-6.4663873],[106.8599061,-6.4663719]],[[106.8597534,-6.4662527],[106.8597449,-6.4660822],[106.8596638,-6.4660862],[106.8596723,-6.4662567],[106.8597534,-6.4662527]],[[106.8596451,-6.4662561],[106.8596357,-6.4660323],[106.8595397,-6.4660362],[106.8595491,-6.4662601],[106.8596451,-6.4662561]],[[106.8598668,-6.4662489],[106.8598516,-6.4660249],[106.8597724,-6.4660302],[106.8597877,-6.4662542],[106.8598668,-6.4662489]],[[106.8596988,-6.4660448],[106.8597,-6.4659436],[106.859643,-6.4659429],[106.8596418,-6.4660441],[106.8596988,-6.4660448]]]]}},
{"type":"Feature","properties":{"full_id":"r9701073","osm_id":"9701073","osm_type":"relation","amenity":"school","addr:province":null,"addr:housename":null,"short_name":null,"branch":null,"official_name":null,"layer":null,"mobile":null,"wikipedia":null,"wikidata":null,"website":null,"phone":null,"email":null,"natural":null,"landuse":null,"ref":null,"addr:subdistrict":null,"addr:district":null,"club":null,"religion":null,"grades":null,"opening_hours":null,"evacuation_center":null,"capacity:persons":null,"building:material":null,"building:floor":null,"building:condition":null,"backup_generator":null,"barrier":null,"sport":null,"leisure":null,"education":null,"type:id":null,"building:walls":null,"building:structure":null,"building:roof":null,"building:levels":null,"addr:postcode":null,"addr:housenumber":null,"addr:full":null,"access:roof":null,"nspn":null,"addr:city":null,"operator":null,"addr:street":null,"addr:state":null,"school:type_idn":null,"check_date":null,"wheelchair":null,"school:gender":null,"operator:type":null,"isced:level":null,"building":null,"type":"multipolygon","name":"TK SD Mardi Waluya"},"geometry":{"type":"MultiPolygon","coordinates":[[[[106.8569427,-6.4662987],[106.8569635,-6.4661795],[106.8569937,-6.4661948],[106.8570272,-6.4661908],[106.8570466,-6.4661075],[106.8570815,-6.4661009],[106.8571157,-6.4660129],[106.8572056,-6.4660402],[106.8574516,-6.4661208],[106.8574302,-6.4662341],[106.8574463,-6.4662614],[106.8572994,-6.4665486],[106.85728,-6.4666092],[106.8572572,-6.4667172],[106.8571861,-6.4668284],[106.8571328,-6.4667951],[106.857105,-6.4667705],[106.8569259,-6.4666126],[106.8569427,-6.4662987]]]]}},
{"type":"Feature","properties":{"full_id":"r9701074","osm_id":"9701074","osm_type":"relation","amenity":"school","addr:province":null,"addr:housename":null,"short_name":null,"branch":null,"official_name":null,"layer":null,"mobile":null,"wikipedia":null,"wikidata":null,"website":null,"phone":null,"email":null,"natural":null,"landuse":null,"ref":null,"addr:subdistrict":null,"addr:district":null,"club":null,"religion":null,"grades":null,"opening_hours":null,"evacuation_center":null,"capacity:persons":null,"building:material":null,"building:floor":null,"building:condition":null,"backup_generator":null,"barrier":null,"sport":null,"leisure":null,"education":null,"type:id":null,"building:walls":null,"building:structure":null,"building:roof":null,"building:levels":null,"addr:postcode":null,"addr:housenumber":null,"addr:full":null,"access:roof":null,"nspn":null,"addr:city":null,"operator":null,"addr:street":null,"addr:state":null,"school:type_idn":null,"check_date":null,"wheelchair":null,"school:gender":null,"operator:type":null,"isced:level":null,"building":null,"type":"multipolygon","name":null},"geometry":{"type":"MultiPolygon","coordinates":[[[[106.8567871,-6.4665033],[106.8566993,-6.4664253],[106.8566356,-6.4663647],[106.8566725,-6.4663307],[106.8566409,-6.4662821],[106.8567489,-6.4661302],[106.8569635,-6.4661795],[106.8569427,-6.4662987],[106.8568468,-6.4662914],[106.8567871,-6.4665033]]]]}},
{"type":"Feature","properties":{"full_id":"r9701319","osm_id":"9701319","osm_type":"relation","amenity":"school","addr:province":null,"addr:housename":null,"short_name":null,"branch":null,"official_name":null,"layer":null,"mobile":null,"wikipedia":null,"wikidata":null,"website":null,"phone":null,"email":null,"natural":null,"landuse":null,"ref":null,"addr:subdistrict":null,"addr:district":null,"club":null,"religion":null,"grades":null,"opening_hours":null,"evacuation_center":null,"capacity:persons":null,"building:material":null,"building:floor":null,"building:condition":null,"backup_generator":null,"barrier":null,"sport":null,"leisure":null,"education":null,"type:id":null,"building:walls":null,"building:structure":null,"building:roof":null,"building:levels":null,"addr:postcode":null,"addr:housenumber":null,"addr:full":null,"access:roof":null,"nspn":null,"addr:city":null,"operator":null,"addr:street":null,"addr:state":null,"school:type_idn":null,"check_date":null,"wheelchair":null,"school:gender":null,"operator:type":null,"isced:level":null,"building":null,"type":"multipolygon","name":"MTS Al asiyah"},"geometry":{"type":"MultiPolygon","coordinates":[[[[106.8559067,-6.467622],[106.8558926,-6.4676386],[106.8558638,-6.4676726],[106.8558477,-6.4676566],[106.8557961,-6.4676946],[106.8557344,-6.4676486],[106.8555748,-6.4674288],[106.8556767,-6.4673401],[106.8557746,-6.4672122],[106.8559845,-6.4673321],[106.8559503,-6.4674867],[106.8559067,-6.467622]],[[106.8556754,-6.4673601],[106.8555988,-6.4674228],[106.855751,-6.4676062],[106.8558275,-6.4675435],[106.8556754,-6.4673601]],[[106.8557759,-6.4672315],[106.8556914,-6.4673597],[106.8557424,-6.4674154],[106.855792,-6.4673328],[106.8558598,-6.4673695],[106.855794,-6.4674847],[106.8558718,-6.46756],[106.8559032,-6.4675207],[106.8559224,-6.4675359],[106.8559747,-6.4673451],[106.8557759,-6.4672315]]]]}},
{"type":"Feature","properties":{"full_id":"r9711641","osm_id":"9711641","osm_type":"relation","amenity":"school","addr:province":null,"addr:housename":null,"short_name":null,"branch":null,"official_name":null,"layer":null,"mobile":null,"wikipedia":null,"wikidata":null,"website":null,"phone":null,"email":null,"natural":null,"landuse":null,"ref":null,"addr:subdistrict":null,"addr:district":null,"club":null,"religion":null,"grades":null,"opening_hours":null,"evacuation_center":null,"capacity:persons":null,"building:material":null,"building:floor":null,"building:condition":null,"backup_generator":null,"barrier":null,"sport":null,"leisure":null,"education":null,"type:id":null,"building:walls":null,"building:structure":null,"building:roof":null,"building:levels":null,"addr:postcode":null,"addr:housenumber":null,"addr:full":null,"access:roof":null,"nspn":null,"addr:city":null,"operator":null,"addr:street":null,"addr:state":null,"school:type_idn":null,"check_date":null,"wheelchair":null,"school:gender":null,"operator:type":null,"isced:level":null,"building":null,"type":"multipolygon","name":"SDN Keranji 2"},"geometry":{"type":"MultiPolygon","coordinates":[[[[106.8603109,-6.4607732],[106.8603873,-6.4609011],[106.860105,-6.461124],[106.8602284,-6.461149],[106.8602418,-6.4612196],[106.8602304,-6.4614688],[106.859924,-6.4614435],[106.8599515,-6.4611343],[106.8599696,-6.4608145],[106.8600842,-6.4607512],[106.8603109,-6.4607732]]]]}},
{"type":"Feature","properties":{"full_id":"r9711783","osm_id":"9711783","osm_type":"relation","amenity":"school","addr:province":null,"addr:housename":null,"short_name":null,"branch":null,"official_name":null,"layer":null,"mobile":null,"wikipedia":null,"wikidata":null,"website":null,"phone":null,"email":null,"natural":null,"landuse":null,"ref":null,"addr:subdistrict":null,"addr:district":null,"club":null,"religion":null,"grades":null,"opening_hours":null,"evacuation_center":null,"capacity:persons":null,"building:material":null,"building:floor":null,"building:condition":null,"backup_generator":null,"barrier":null,"sport":null,"leisure":null,"education":null,"type:id":null,"building:walls":null,"building:structure":null,"building:roof":null,"building:levels":null,"addr:postcode":null,"addr:housenumber":null,"addr:full":null,"access:roof":null,"nspn":null,"addr:city":null,"operator":null,"addr:street":null,"addr:state":null,"school:type_idn":null,"check_date":null,"wheelchair":null,"school:gender":null,"operator:type":null,"isced:level":null,"building":null,"type":"multipolygon","name":"TK-SD-SMP Amal Kasih"},"geometry":{"type":"MultiPolygon","coordinates":[[[[106.860386,-6.4595932],[106.8607347,-6.4594226],[106.8609063,-6.4596398],[106.8605858,-6.4599943],[106.860846,-6.4601782],[106.8609117,-6.4604287],[106.8608755,-6.4605113],[106.860504,-6.4603847],[106.8603028,-6.4606326],[106.8600561,-6.46057],[106.859297,-6.4602728],[106.8593133,-6.4602395],[106.8593198,-6.4601969],[106.8594083,-6.4600703],[106.8597396,-6.4597451],[106.8600655,-6.4595892],[106.860386,-6.4595932]]]]}},
{"type":"Feature","properties":{"full_id":"r17634611","osm_id":"17634611","osm_type":"relation","amenity":"school","addr:province":null,"addr:housename":null,"short_name":null,"branch":null,"official_name":null,"layer":null,"mobile":null,"wikipedia":null,"wikidata":null,"website":null,"phone":null,"email":null,"natural":null,"landuse":null,"ref":null,"addr:subdistrict":null,"addr:district":null,"club":null,"religion":null,"grades":null,"opening_hours":null,"evacuation_center":null,"capacity:persons":null,"building:material":null,"building:floor":null,"building:condition":null,"backup_generator":null,"barrier":null,"sport":null,"leisure":null,"education":null,"type:id":null,"building:walls":null,"building:structure":null,"building:roof":null,"building:levels":null,"addr:postcode":null,"addr:housenumber":null,"addr:full":null,"access:roof":null,"nspn":null,"addr:city":null,"operator":null,"addr:street":null,"addr:state":null,"school:type_idn":null,"check_date":null,"wheelchair":null,"school:gender":null,"operator:type":null,"isced:level":null,"building":"yes","type":"multipolygon","name":"SMP-SMK Yafahi Dramaga"},"geometry":{"type":"MultiPolygon","coordinates":[[[[106.7259872,-6.5780585],[106.7259632,-6.578164],[106.7259619,-6.5781637],[106.7259214,-6.5783792],[106.7259057,-6.5784627],[106.7259049,-6.5784625],[106.7259022,-6.5784761],[106.72555,-6.5784073],[106.7255535,-6.5783897],[106.7255433,-6.5783863],[106.7255691,-6.5783105],[106.7256787,-6.5779892],[106.7258937,-6.5780375],[106.7259825,-6.578054],[106.7259819,-6.5780573],[106.7259872,-6.5780585]],[[106.725671,-6.5783304],[106.7258327,-6.5783619],[106.7258737,-6.5781439],[106.7257445,-6.5781149],[106.725671,-6.5783304]]]]}},
{"type":"Feature","properties":{"full_id":"r19238210","osm_id":"19238210","osm_type":"relation","amenity":"school","addr:province":null,"addr:housename":null,"short_name":null,"branch":null,"official_name":null,"layer":null,"mobile":null,"wikipedia":null,"wikidata":null,"website":null,"phone":null,"email":null,"natural":null,"landuse":null,"ref":null,"addr:subdistrict":null,"addr:district":null,"club":null,"religion":null,"grades":null,"opening_hours":null,"evacuation_center":null,"capacity:persons":null,"building:material":null,"building:floor":null,"building:condition":null,"backup_generator":null,"barrier":null,"sport":null,"leisure":null,"education":null,"type:id":null,"building:walls":null,"building:structure":null,"building:roof":null,"building:levels":null,"addr:postcode":null,"addr:housenumber":null,"addr:full":null,"access:roof":null,"nspn":null,"addr:city":null,"operator":null,"addr:street":null,"addr:state":null,"school:type_idn":null,"check_date":null,"wheelchair":null,"school:gender":"mixed","operator:type":"public","isced:level":"3","building":null,"type":"multipolygon","name":"SMK Negeri 1 Ciomas"},"geometry":{"type":"MultiPolygon","coordinates":[[[[106.7584839,-6.5861094],[106.758404,-6.5861151],[106.7583938,-6.585955],[106.7584737,-6.5859494],[106.7584839,-6.5861094]]],[[[106.7585118,-6.5861066],[106.7585016,-6.5859465],[106.7585815,-6.5859409],[106.7585917,-6.5861009],[106.7585118,-6.5861066]]],[[[106.7587545,-6.5855578],[106.7588329,-6.5862216],[106.7582544,-6.5862829],[106.7581883,-6.5854926],[106.7581524,-6.5854959],[106.7581408,-6.5853703],[106.7585251,-6.5853326],[106.7585502,-6.5855757],[106.7587545,-6.5855578]],[[106.7583383,-6.5857979],[106.7583487,-6.5859344],[106.7583668,-6.5861568],[106.75862,-6.5861365],[106.758602,-6.5859141],[106.7585911,-6.5857782],[106.7583383,-6.5857979]],[[106.7582032,-6.5854952],[106.7582651,-6.5861934],[106.7582667,-6.5861933],[106.7582729,-6.5862634],[106.7588214,-6.5862155],[106.7588134,-6.5861254],[106.7583557,-6.5861654],[106.7582956,-6.5854871],[106.7582032,-6.5854952]],[[106.7586295,-6.5857523],[106.758662,-6.586128],[106.7587705,-6.5861187],[106.758738,-6.585743],[106.7587405,-6.5857428],[106.7587316,-6.5856391],[106.7587291,-6.5856393],[106.7587274,-6.5856205],[106.7586188,-6.5856298],[106.7586204,-6.5856485],[106.7583251,-6.5856737],[106.7583341,-6.5857775],[106.7586295,-6.5857523]],[[106.7581503,-6.5853815],[106.7581598,-6.5854878],[106.7583252,-6.5854732],[106.7583157,-6.5853669],[106.7581503,-6.5853815]],[[106.7583416,-6.5853645],[106.7583511,-6.5854708],[106.7585165,-6.5854562],[106.758507,-6.5853499],[106.7583416,-6.5853645]]]]}},
{"type":"Feature","properties":{"full_id":"r19271798","osm_id":"19271798","osm_type":"relation","amenity":"school","addr:province":null,"addr:housename":null,"short_name":null,"branch":null,"official_name":null,"layer":null,"mobile":null,"wikipedia":null,"wikidata":null,"website":null,"phone":null,"email":null,"natural":null,"landuse":null,"ref":null,"addr:subdistrict":null,"addr:district":null,"club":null,"religion":null,"grades":null,"opening_hours":null,"evacuation_center":null,"capacity:persons":null,"building:material":null,"building:floor":null,"building:condition":null,"backup_generator":null,"barrier":null,"sport":null,"leisure":null,"education":null,"type:id":null,"building:walls":null,"building:structure":null,"building:roof":null,"building:levels":null,"addr:postcode":null,"addr:housenumber":null,"addr:full":null,"access:roof":null,"nspn":null,"addr:city":null,"operator":null,"addr:street":null,"addr:state":null,"school:type_idn":null,"check_date":null,"wheelchair":null,"school:gender":null,"operator:type":null,"isced:level":"3","building":null,"type":"multipolygon","name":"SMA Negeri 1 Ciomas"},"geometry":{"type":"MultiPolygon","coordinates":[[[[106.748906,-6.6049725],[106.749187,-6.6051445],[106.749534,-6.6045854],[106.7498035,-6.6047505],[106.7495157,-6.6052141],[106.7496142,-6.6052744],[106.7494804,-6.6054899],[106.7493277,-6.6053964],[106.7492458,-6.6055285],[106.7491581,-6.6054747],[106.7490878,-6.605588],[106.7487463,-6.6053788],[106.7488497,-6.6052122],[106.7487827,-6.6051711],[106.7488619,-6.6050435],[106.748906,-6.6049725]],[[106.7487744,-6.6053665],[106.7488568,-6.6054182],[106.7488533,-6.6054238],[106.749077,-6.6055639],[106.7491364,-6.6054703],[106.748918,-6.6053335],[106.748956,-6.6052736],[106.7488682,-6.6052187],[106.7487744,-6.6053665]],[[106.7492252,-6.60549],[106.7492802,-6.6054013],[106.7489999,-6.6052295],[106.7489448,-6.6053182],[106.7492252,-6.60549]],[[106.7495336,-6.6053759],[106.7495108,-6.6053617],[106.7495665,-6.6052735],[106.7493868,-6.6051616],[106.7493311,-6.6052498],[106.7492755,-6.6053379],[106.749478,-6.605464],[106.7495336,-6.6053759]],[[106.7489417,-6.6052485],[106.7489959,-6.6051613],[106.7488594,-6.6050777],[106.7488053,-6.6051649],[106.7489417,-6.6052485]],[[106.7495442,-6.6046254],[106.7491929,-6.6051799],[106.749104,-6.6051242],[106.7490539,-6.6052032],[106.7492318,-6.6053144],[106.7492378,-6.6053049],[106.7492508,-6.605313],[106.7492895,-6.6052519],[106.7493104,-6.605219],[106.7495794,-6.6047943],[106.7496657,-6.6048482],[106.7497324,-6.604743],[106.7495442,-6.6046254]]]]}},
{"type":"Feature","properties":{"full_id":"r19467189","osm_id":"19467189","osm_type":"relation","amenity":"school","addr:province":null,"addr:housename":null,"short_name":null,"branch":null,"official_name":null,"layer":null,"mobile":null,"wikipedia":null,"wikidata":null,"website":null,"phone":null,"email":null,"natural":null,"landuse":null,"ref":null,"addr:subdistrict":null,"addr:district":null,"club":null,"religion":null,"grades":null,"opening_hours":null,"evacuation_center":null,"capacity:persons":null,"building:material":null,"building:floor":null,"building:condition":null,"backup_generator":null,"barrier":null,"sport":null,"leisure":null,"education":null,"type:id":null,"building:walls":null,"building:structure":null,"building:roof":null,"building:levels":null,"addr:postcode":null,"addr:housenumber":null,"addr:full":null,"access:roof":null,"nspn":null,"addr:city":null,"operator":null,"addr:street":null,"addr:state":null,"school:type_idn":null,"check_date":null,"wheelchair":"no","school:gender":null,"operator:type":null,"isced:level":"2","building":null,"type":"multipolygon","name":"SMP Informatika Bina Generasi"},"geometry":{"type":"MultiPolygon","coordinates":[[[[106.7617987,-6.5983513],[106.7618094,-6.598791],[106.7614152,-6.5988083],[106.7613991,-6.598362],[106.7617987,-6.5983513]],[[106.7614152,-6.5984419],[106.76143,-6.5987881],[106.7615506,-6.598783],[106.7615357,-6.5984368],[106.7614152,-6.5984419]],[[106.7616579,-6.5983913],[106.761674,-6.5987656],[106.761798,-6.5987604],[106.7617819,-6.598386],[106.7616579,-6.5983913]]]]}},
{"type":"Feature","properties":{"full_id":"w89975150","osm_id":"89975150","osm_type":"way","amenity":"school","addr:province":null,"addr:housename":null,"short_name":null,"branch":null,"official_name":null,"layer":null,"mobile":null,"wikipedia":null,"wikidata":null,"website":null,"phone":null,"email":null,"natural":null,"landuse":null,"ref":null,"addr:subdistrict":null,"addr:district":null,"club":null,"religion":null,"grades":null,"opening_hours":null,"evacuation_center":null,"capacity:persons":null,"building:material":null,"building:floor":null,"building:condition":null,"backup_generator":null,"barrier":null,"sport":null,"leisure":null,"education":null,"type:id":null,"building:walls":null,"building:structure":null,"building:roof":null,"building:levels":null,"addr:postcode":null,"addr:housenumber":null,"addr:full":null,"access:roof":null,"nspn":null,"addr:city":null,"operator":null,"addr:street":null,"addr:state":null,"school:type_idn":null,"check_date":null,"wheelchair":null,"school:gender":null,"operator:type":null,"isced:level":null,"building":null,"type":null,"name":"SMK Negeri 1 Cibinong"},"geometry":{"type":"MultiPolygon","coordinates":[[[[106.8068091,-6.521251],[106.8074635,-6.521219],[106.8075172,-6.5216028],[106.8079785,-6.5216454],[106.8080977,-6.5225115],[106.8072811,-6.5225941],[106.8069593,-6.5225621],[106.8068091,-6.521251]]]]}},
{"type":"Feature","properties":{"full_id":"w166431642","osm_id":"166431642","osm_type":"way","amenity":"school","addr:province":null,"addr:housename":null,"short_name":null,"branch":null,"official_name":null,"layer":null,"mobile":null,"wikipedia":null,"wikidata":null,"website":null,"phone":null,"email":null,"natural":null,"landuse":null,"ref":null,"addr:subdistrict":null,"addr:district":null,"club":null,"religion":null,"grades":null,"opening_hours":null,"evacuation_center":null,"capacity:persons":null,"building:material":null,"building:floor":null,"building:condition":null,"backup_generator":null,"barrier":null,"sport":null,"leisure":null,"education":null,"type:id":null,"building:walls":null,"building:structure":null,"building:roof":null,"building:levels":null,"addr:postcode":null,"addr:housenumber":null,"addr:full":null,"access:roof":null,"nspn":null,"addr:city":null,"operator":null,"addr:street":null,"addr:state":null,"school:type_idn":null,"check_date":null,"wheelchair":null,"school:gender":null,"operator:type":null,"isced:level":null,"building":null,"type":null,"name":"Pesantren Terpadu Al-Kahfi"},"geometry":{"type":"MultiPolygon","coordinates":[[[[106.8199208,-6.7446434],[106.8202668,-6.7433302],[106.8204331,-6.7432849],[106.8204653,-6.7431198],[106.8207389,-6.7430585],[106.8209723,-6.7438816],[106.8209374,-6.7444516],[106.8209991,-6.7453732],[106.8216509,-6.745336],[106.8216589,-6.7455464],[106.8215328,-6.745565],[106.8215945,-6.7459699],[106.8215328,-6.7460045],[106.821624,-6.7462469],[106.8219995,-6.746207],[106.8221471,-6.7467876],[106.8222705,-6.7470167],[106.8223429,-6.7471499],[106.8223482,-6.7472671],[106.8222249,-6.7474029],[106.8221015,-6.7477785],[106.8222249,-6.7481008],[106.8221632,-6.7481168],[106.8215489,-6.7478957],[106.8214041,-6.7475574],[106.8212163,-6.7471605],[106.8214497,-6.7470327],[106.8213424,-6.7468436],[106.821219,-6.7468489],[106.8209669,-6.7469634],[106.8208757,-6.746737],[106.8205646,-6.7467024],[106.8205029,-6.7456503],[106.8197545,-6.7454585],[106.8198189,-6.7450776],[106.8196955,-6.745035],[106.819717,-6.7446168],[106.8199208,-6.7446434]]]]}},
{"type":"Feature","properties":{"full_id":"w173453803","osm_id":"173453803","osm_type":"way","amenity":"school","addr:province":null,"addr:housename":null,"short_name":null,"branch":null,"official_name":null,"layer":null,"mobile":null,"wikipedia":null,"wikidata":null,"website":null,"phone":null,"email":null,"natural":null,"landuse":null,"ref":null,"addr:subdistrict":null,"addr:district":null,"club":null,"religion":null,"grades":null,"opening_hours":null,"evacuation_center":null,"capacity:persons":null,"building:material":null,"building:floor":null,"building:condition":null,"backup_generator":null,"barrier":null,"sport":null,"leisure":null,"education":null,"type:id":null,"building:walls":null,"building:structure":null,"building:roof":null,"building:levels":null,"addr:postcode":null,"addr:housenumber":null,"addr:full":null,"access:roof":null,"nspn":null,"addr:city":null,"operator":null,"addr:street":null,"addr:state":null,"school:type_idn":null,"check_date":null,"wheelchair":null,"school:gender":null,"operator:type":null,"isced:level":null,"building":"yes","type":null,"name":"MTs. Kahfi Al Hamid"},"geometry":{"type":"MultiPolygon","coordinates":[[[[106.7439814,-6.6002518],[106.7439851,-6.6003303],[106.7439074,-6.6003338],[106.7439063,-6.6003094],[106.7438939,-6.60031],[106.743897,-6.600377],[106.7438176,-6.6003806],[106.7438125,-6.6002721],[106.7438554,-6.6002701],[106.7438549,-6.6002575],[106.7439814,-6.6002518]]]]}},
{"type":"Feature","properties":{"full_id":"w174054804","osm_id":"174054804","osm_type":"way","amenity":"school","addr:province":null,"addr:housename":null,"short_name":null,"branch":null,"official_name":null,"layer":null,"mobile":null,"wikipedia":null,"wikidata":null,"website":null,"phone":null,"email":null,"natural":null,"landuse":null,"ref":null,"addr:subdistrict":null,"addr:district":null,"club":null,"religion":null,"grades":null,"opening_hours":null,"evacuation_center":null,"capacity:persons":null,"building:material":null,"building:floor":null,"building:condition":null,"backup_generator":null,"barrier":null,"sport":null,"leisure":null,"education":null,"type:id":null,"building:walls":null,"building:structure":null,"building:roof":null,"building:levels":null,"addr:postcode":null,"addr:housenumber":null,"addr:full":null,"access:roof":null,"nspn":null,"addr:city":null,"operator":null,"addr:street":null,"addr:state":null,"school:type_idn":null,"check_date":"2026-04-05","wheelchair":null,"school:gender":null,"operator:type":null,"isced:level":null,"building":null,"type":null,"name":"SMP PGRI 3"},"geometry":{"type":"MultiPolygon","coordinates":[[[[106.7704391,-6.6020018],[106.7703842,-6.6014822],[106.7706895,-6.601444],[106.7707465,-6.6019772],[106.7704391,-6.6020018]]]]}},
{"type":"Feature","properties":{"full_id":"w174064132","osm_id":"174064132","osm_type":"way","amenity":"school","addr:province":null,"addr:housename":null,"short_name":null,"branch":null,"official_name":null,"layer":null,"mobile":null,"wikipedia":null,"wikidata":null,"website":null,"phone":null,"email":null,"natural":null,"landuse":null,"ref":null,"addr:subdistrict":null,"addr:district":null,"club":null,"religion":null,"grades":null,"opening_hours":null,"evacuation_center":null,"capacity:persons":null,"building:material":null,"building:floor":null,"building:condition":null,"backup_generator":null,"barrier":null,"sport":null,"leisure":null,"education":null,"type:id":null,"building:walls":null,"building:structure":null,"building:roof":null,"building:levels":null,"addr:postcode":null,"addr:housenumber":null,"addr:full":null,"access:roof":null,"nspn":null,"addr:city":null,"operator":null,"addr:street":null,"addr:state":null,"school:type_idn":"sd","check_date":null,"wheelchair":"no","school:gender":null,"operator:type":"government","isced:level":null,"building":"yes","type":null,"name":"SD Negeri Ciomas"},"geometry":{"type":"MultiPolygon","coordinates":[[[[106.7659686,-6.6021276],[106.766106,-6.6019141],[106.7663146,-6.6020349],[106.7663103,-6.6020909],[106.7662969,-6.6021428],[106.7662768,-6.6021868],[106.766254,-6.6022241],[106.7662097,-6.6022918],[106.7659686,-6.6021276]]]]}},
{"type":"Feature","properties":{"full_id":"w186309679","osm_id":"186309679","osm_type":"way","amenity":"school","addr:province":null,"addr:housename":null,"short_name":null,"branch":null,"official_name":null,"layer":null,"mobile":null,"wikipedia":null,"wikidata":null,"website":null,"phone":null,"email":null,"natural":null,"landuse":null,"ref":null,"addr:subdistrict":null,"addr:district":null,"club":null,"religion":null,"grades":null,"opening_hours":null,"evacuation_center":null,"capacity:persons":null,"building:material":null,"building:floor":null,"building:condition":null,"backup_generator":null,"barrier":null,"sport":null,"leisure":null,"education":null,"type:id":null,"building:walls":null,"building:structure":null,"building:roof":null,"building:levels":null,"addr:postcode":null,"addr:housenumber":null,"addr:full":null,"access:roof":null,"nspn":null,"addr:city":null,"operator":null,"addr:street":null,"addr:state":null,"school:type_idn":null,"check_date":null,"wheelchair":null,"school:gender":null,"operator:type":null,"isced:level":null,"building":"yes","type":null,"name":null},"geometry":{"type":"MultiPolygon","coordinates":[[[[106.5142609,-6.5314625],[106.514331,-6.5313821],[106.5144993,-6.531527],[106.5144291,-6.5316074],[106.5142609,-6.5314625]]]]}},
{"type":"Feature","properties":{"full_id":"w186309702","osm_id":"186309702","osm_type":"way","amenity":"school","addr:province":null,"addr:housename":null,"short_name":null,"branch":null,"official_name":null,"layer":null,"mobile":null,"wikipedia":null,"wikidata":null,"website":null,"phone":null,"email":null,"natural":null,"landuse":null,"ref":null,"addr:subdistrict":null,"addr:district":null,"club":null,"religion":null,"grades":null,"opening_hours":null,"evacuation_center":null,"capacity:persons":null,"building:material":null,"building:floor":null,"building:condition":null,"backup_generator":null,"barrier":null,"sport":null,"leisure":null,"education":null,"type:id":null,"building:walls":null,"building:structure":null,"building:roof":null,"building:levels":null,"addr:postcode":null,"addr:housenumber":null,"addr:full":null,"access:roof":null,"nspn":null,"addr:city":null,"operator":null,"addr:street":null,"addr:state":null,"school:type_idn":null,"check_date":null,"wheelchair":null,"school:gender":null,"operator:type":null,"isced:level":null,"building":"yes","type":null,"name":null},"geometry":{"type":"MultiPolygon","coordinates":[[[[106.5146093,-6.5311881],[106.5146985,-6.5311666],[106.5147995,-6.5315803],[106.5147102,-6.5316018],[106.5146093,-6.5311881]]]]}},
{"type":"Feature","properties":{"full_id":"w186309708","osm_id":"186309708","osm_type":"way","amenity":"school","addr:province":null,"addr:housename":null,"short_name":null,"branch":null,"official_name":null,"layer":null,"mobile":null,"wikipedia":null,"wikidata":null,"website":null,"phone":null,"email":null,"natural":null,"landuse":null,"ref":null,"addr:subdistrict":null,"addr:district":null,"club":null,"religion":null,"grades":null,"opening_hours":null,"evacuation_center":null,"capacity:persons":null,"building:material":null,"building:floor":null,"building:condition":null,"backup_generator":null,"barrier":null,"sport":null,"leisure":null,"education":null,"type:id":null,"building:walls":null,"building:structure":null,"building:roof":null,"building:levels":null,"addr:postcode":null,"addr:housenumber":null,"addr:full":null,"access:roof":null,"nspn":null,"addr:city":null,"operator":null,"addr:street":null,"addr:state":null,"school:type_idn":null,"check_date":null,"wheelchair":null,"school:gender":null,"operator:type":null,"isced:level":null,"building":"yes","type":null,"name":null},"geometry":{"type":"MultiPolygon","coordinates":[[[[106.5147158,-6.5316143],[106.5148132,-6.5315964],[106.5148595,-6.5318443],[106.5147621,-6.5318622],[106.5147158,-6.5316143]]]]}},
{"type":"Feature","properties":{"full_id":"w186309724","osm_id":"186309724","osm_type":"way","amenity":"school","addr:province":null,"addr:housename":null,"short_name":null,"branch":null,"official_name":null,"layer":null,"mobile":null,"wikipedia":null,"wikidata":null,"website":null,"phone":null,"email":null,"natural":null,"landuse":null,"ref":null,"addr:subdistrict":null,"addr:district":null,"club":null,"religion":null,"grades":null,"opening_hours":null,"evacuation_center":null,"capacity:persons":null,"building:material":null,"building:floor":null,"building:condition":null,"backup_generator":null,"barrier":null,"sport":null,"leisure":null,"education":null,"type:id":null,"building:walls":null,"building:structure":null,"building:roof":null,"building:levels":null,"addr:postcode":null,"addr:housenumber":null,"addr:full":null,"access:roof":null,"nspn":null,"addr:city":null,"operator":null,"addr:street":null,"addr:state":null,"school:type_idn":null,"check_date":null,"wheelchair":null,"school:gender":null,"operator:type":null,"isced:level":null,"building":"yes","type":null,"name":null},"geometry":{"type":"MultiPolygon","coordinates":[[[[106.5140934,-6.5322286],[106.5140133,-6.5321653],[106.5143385,-6.5317586],[106.5144186,-6.5318219],[106.5140934,-6.5322286]]]]}},
{"type":"Feature","properties":{"full_id":"w186309730","osm_id":"186309730","osm_type":"way","amenity":"school","addr:province":null,"addr:housename":null,"short_name":null,"branch":null,"official_name":null,"layer":null,"mobile":null,"wikipedia":null,"wikidata":null,"website":null,"phone":null,"email":null,"natural":null,"landuse":null,"ref":null,"addr:subdistrict":null,"addr:district":null,"club":null,"religion":null,"grades":null,"opening_hours":null,"evacuation_center":null,"capacity:persons":null,"building:material":null,"building:floor":null,"building:condition":null,"backup_generator":null,"barrier":null,"sport":null,"leisure":null,"education":null,"type:id":null,"building:walls":null,"building:structure":null,"building:roof":null,"building:levels":null,"addr:postcode":null,"addr:housenumber":null,"addr:full":null,"access:roof":null,"nspn":null,"addr:city":null,"operator":null,"addr:street":null,"addr:state":null,"school:type_idn":null,"check_date":null,"wheelchair":null,"school:gender":null,"operator:type":null,"isced:level":null,"building":"yes","type":null,"name":null},"geometry":{"type":"MultiPolygon","coordinates":[[[[106.5145476,-6.5316533],[106.5144453,-6.5317954],[106.5143569,-6.5317325],[106.5144592,-6.5315905],[106.5145476,-6.5316533]]]]}},
{"type":"Feature","properties":{"full_id":"w186309741","osm_id":"186309741","osm_type":"way","amenity":"school","addr:province":null,"addr:housename":null,"short_name":null,"branch":null,"official_name":null,"layer":null,"mobile":null,"wikipedia":null,"wikidata":null,"website":null,"phone":null,"email":null,"natural":null,"landuse":null,"ref":null,"addr:subdistrict":null,"addr:district":null,"club":null,"religion":null,"grades":null,"opening_hours":null,"evacuation_center":null,"capacity:persons":null,"building:material":null,"building:floor":null,"building:condition":null,"backup_generator":null,"barrier":null,"sport":null,"leisure":null,"education":null,"type:id":null,"building:walls":null,"building:structure":null,"building:roof":null,"building:levels":null,"addr:postcode":null,"addr:housenumber":null,"addr:full":null,"access:roof":null,"nspn":null,"addr:city":null,"operator":null,"addr:street":null,"addr:state":null,"school:type_idn":null,"check_date":null,"wheelchair":null,"school:gender":null,"operator:type":null,"isced:level":null,"building":"yes","type":null,"name":null},"geometry":{"type":"MultiPolygon","coordinates":[[[[106.5140134,-6.5322996],[106.513684,-6.5320141],[106.5137442,-6.5319455],[106.5140737,-6.532231],[106.5140134,-6.5322996]]]]}},
{"type":"Feature","properties":{"full_id":"w186309752","osm_id":"186309752","osm_type":"way","amenity":"school","addr:province":null,"addr:housename":null,"short_name":null,"branch":null,"official_name":null,"layer":null,"mobile":null,"wikipedia":null,"wikidata":null,"website":null,"phone":null,"email":null,"natural":null,"landuse":null,"ref":null,"addr:subdistrict":null,"addr:district":null,"club":null,"religion":null,"grades":null,"opening_hours":null,"evacuation_center":null,"capacity:persons":null,"building:material":null,"building:floor":null,"building:condition":null,"backup_generator":null,"barrier":null,"sport":null,"leisure":null,"education":null,"type:id":null,"building:walls":null,"building:structure":null,"building:roof":null,"building:levels":null,"addr:postcode":null,"addr:housenumber":null,"addr:full":null,"access:roof":null,"nspn":null,"addr:city":null,"operator":null,"addr:street":null,"addr:state":null,"school:type_idn":null,"check_date":null,"wheelchair":null,"school:gender":null,"operator:type":null,"isced:level":null,"building":"yes","type":null,"name":null},"geometry":{"type":"MultiPolygon","coordinates":[[[[106.5137068,-6.5318862],[106.5138681,-6.5316912],[106.5139515,-6.5317592],[106.5137902,-6.5319542],[106.5137068,-6.5318862]]]]}},
{"type":"Feature","properties":{"full_id":"w186309760","osm_id":"186309760","osm_type":"way","amenity":"school","addr:province":null,"addr:housename":null,"short_name":null,"branch":null,"official_name":null,"layer":null,"mobile":null,"wikipedia":null,"wikidata":null,"website":null,"phone":null,"email":null,"natural":null,"landuse":null,"ref":null,"addr:subdistrict":null,"addr:district":null,"club":null,"religion":null,"grades":null,"opening_hours":null,"evacuation_center":null,"capacity:persons":null,"building:material":null,"building:floor":null,"building:condition":null,"backup_generator":null,"barrier":null,"sport":null,"leisure":null,"education":null,"type:id":null,"building:walls":null,"building:structure":null,"building:roof":null,"building:levels":null,"addr:postcode":null,"addr:housenumber":null,"addr:full":null,"access:roof":null,"nspn":null,"addr:city":null,"operator":null,"addr:street":null,"addr:state":null,"school:type_idn":null,"check_date":null,"wheelchair":null,"school:gender":null,"operator:type":null,"isced:level":null,"building":"yes","type":null,"name":null},"geometry":{"type":"MultiPolygon","coordinates":[[[[106.5141347,-6.5313782],[106.5142917,-6.5312675],[106.5143557,-6.531357],[106.5141986,-6.5314677],[106.5141347,-6.5313782]]]]}},
{"type":"Feature","properties":{"full_id":"w186309764","osm_id":"186309764","osm_type":"way","amenity":"school","addr:province":null,"addr:housename":null,"short_name":null,"branch":null,"official_name":null,"layer":null,"mobile":null,"wikipedia":null,"wikidata":null,"website":null,"phone":null,"email":null,"natural":null,"landuse":null,"ref":null,"addr:subdistrict":null,"addr:district":null,"club":null,"religion":null,"grades":null,"opening_hours":null,"evacuation_center":null,"capacity:persons":null,"building:material":null,"building:floor":null,"building:condition":null,"backup_generator":null,"barrier":null,"sport":null,"leisure":null,"education":null,"type:id":null,"building:walls":null,"building:structure":null,"building:roof":null,"building:levels":null,"addr:postcode":null,"addr:housenumber":null,"addr:full":null,"access:roof":null,"nspn":null,"addr:city":null,"operator":null,"addr:street":null,"addr:state":null,"school:type_idn":null,"check_date":null,"wheelchair":null,"school:gender":null,"operator:type":null,"isced:level":null,"building":"yes","type":null,"name":null},"geometry":{"type":"MultiPolygon","coordinates":[[[[106.5138796,-6.5316777],[106.5141095,-6.5314054],[106.5141821,-6.5314659],[106.5139522,-6.5317382],[106.5138796,-6.5316777]]]]}},
{"type":"Feature","properties":{"full_id":"w187998325","osm_id":"187998325","osm_type":"way","amenity":"school","addr:province":null,"addr:housename":null,"short_name":null,"branch":null,"official_name":null,"layer":null,"mobile":null,"wikipedia":null,"wikidata":null,"website":null,"phone":null,"email":null,"natural":null,"landuse":null,"ref":null,"addr:subdistrict":null,"addr:district":null,"club":null,"religion":null,"grades":null,"opening_hours":null,"evacuation_center":null,"capacity:persons":null,"building:material":null,"building:floor":null,"building:condition":null,"backup_generator":null,"barrier":null,"sport":null,"leisure":null,"education":null,"type:id":null,"building:walls":null,"building:structure":null,"building:roof":null,"building:levels":null,"addr:postcode":null,"addr:housenumber":null,"addr:full":null,"access:roof":null,"nspn":null,"addr:city":null,"operator":null,"addr:street":null,"addr:state":null,"school:type_idn":null,"check_date":null,"wheelchair":null,"school:gender":null,"operator:type":null,"isced:level":null,"building":null,"type":null,"name":"KB-TK-SD-SMP-SMA Marsudirini"},"geometry":{"type":"MultiPolygon","coordinates":[[[[106.7024278,-6.4826233],[106.7032961,-6.4815934],[106.7034243,-6.4813775],[106.7038433,-6.4808152],[106.7040838,-6.4810371],[106.7042689,-6.4811794],[106.7045199,-6.4813014],[106.7045943,-6.4816574],[106.7050247,-6.4821196],[106.7037721,-6.4838823],[106.7026477,-6.4831121],[106.7024278,-6.4826233]]]]}},
{"type":"Feature","properties":{"full_id":"w187999083","osm_id":"187999083","osm_type":"way","amenity":"school","addr:province":null,"addr:housename":null,"short_name":null,"branch":null,"official_name":null,"layer":null,"mobile":null,"wikipedia":null,"wikidata":null,"website":null,"phone":null,"email":null,"natural":null,"landuse":null,"ref":null,"addr:subdistrict":null,"addr:district":null,"club":null,"religion":null,"grades":null,"opening_hours":null,"evacuation_center":null,"capacity:persons":null,"building:material":null,"building:floor":null,"building:condition":null,"backup_generator":null,"barrier":null,"sport":null,"leisure":null,"education":null,"type:id":null,"building:walls":null,"building:structure":null,"building:roof":null,"building:levels":null,"addr:postcode":null,"addr:housenumber":null,"addr:full":null,"access:roof":null,"nspn":null,"addr:city":null,"operator":null,"addr:street":null,"addr:state":null,"school:type_idn":null,"check_date":null,"wheelchair":null,"school:gender":null,"operator:type":null,"isced:level":null,"building":null,"type":null,"name":"TK-SD-SMP-SMA Madania"},"geometry":{"type":"MultiPolygon","coordinates":[[[[106.7026839,-6.4774145],[106.7025444,-6.4773612],[106.7023513,-6.4773185],[106.7020509,-6.4772119],[106.7020724,-6.4770414],[106.7017725,-6.4768921],[106.7018154,-6.4766896],[106.7015257,-6.4765084],[106.7017891,-6.4760105],[106.701912,-6.4755708],[106.7020402,-6.4750804],[106.702126,-6.4749845],[106.7024908,-6.4750484],[106.7036388,-6.4757413],[106.7026839,-6.4774145]]]]}},
{"type":"Feature","properties":{"full_id":"w189617224","osm_id":"189617224","osm_type":"way","amenity":"school","addr:province":null,"addr:housename":null,"short_name":null,"branch":null,"official_name":null,"layer":null,"mobile":null,"wikipedia":null,"wikidata":null,"website":null,"phone":null,"email":null,"natural":null,"landuse":null,"ref":null,"addr:subdistrict":null,"addr:district":null,"club":null,"religion":null,"grades":null,"opening_hours":null,"evacuation_center":null,"capacity:persons":null,"building:material":null,"building:floor":null,"building:condition":null,"backup_generator":null,"barrier":null,"sport":null,"leisure":null,"education":null,"type:id":null,"building:walls":null,"building:structure":null,"building:roof":null,"building:levels":null,"addr:postcode":null,"addr:housenumber":null,"addr:full":null,"access:roof":null,"nspn":null,"addr:city":null,"operator":null,"addr:street":null,"addr:state":null,"school:type_idn":null,"check_date":null,"wheelchair":null,"school:gender":null,"operator:type":null,"isced:level":null,"building":"yes","type":null,"name":"SD Negeri 03 Bantarkambing"},"geometry":{"type":"MultiPolygon","coordinates":[[[[106.7370558,-6.5394546],[106.7372606,-6.5394516],[106.7372619,-6.5395398],[106.7370477,-6.5395429],[106.7370475,-6.5395347],[106.7369806,-6.5395356],[106.7369771,-6.5392972],[106.7370535,-6.5392961],[106.7370558,-6.5394546]]]]}},
{"type":"Feature","properties":{"full_id":"w189617283","osm_id":"189617283","osm_type":"way","amenity":"school","addr:province":null,"addr:housename":null,"short_name":null,"branch":null,"official_name":null,"layer":null,"mobile":null,"wikipedia":null,"wikidata":null,"website":null,"phone":null,"email":null,"natural":null,"landuse":null,"ref":null,"addr:subdistrict":null,"addr:district":null,"club":null,"religion":null,"grades":null,"opening_hours":null,"evacuation_center":null,"capacity:persons":null,"building:material":null,"building:floor":null,"building:condition":null,"backup_generator":null,"barrier":null,"sport":null,"leisure":null,"education":null,"type:id":null,"building:walls":null,"building:structure":null,"building:roof":null,"building:levels":null,"addr:postcode":null,"addr:housenumber":null,"addr:full":null,"access:roof":null,"nspn":null,"addr:city":null,"operator":null,"addr:street":null,"addr:state":null,"school:type_idn":null,"check_date":null,"wheelchair":null,"school:gender":null,"operator:type":null,"isced:level":null,"building":"yes","type":null,"name":"SD Negeri 06 Bantarkambing"},"geometry":{"type":"MultiPolygon","coordinates":[[[[106.7371539,-6.5392984],[106.7372217,-6.5392984],[106.7372205,-6.5392872],[106.7375517,-6.5392529],[106.7375596,-6.5393285],[106.7372438,-6.5393612],[106.7372438,-6.5394337],[106.7371539,-6.5394337],[106.7371539,-6.5392984]]]]}},
{"type":"Feature","properties":{"full_id":"w189617348","osm_id":"189617348","osm_type":"way","amenity":"school","addr:province":null,"addr:housename":null,"short_name":null,"branch":null,"official_name":null,"layer":null,"mobile":null,"wikipedia":null,"wikidata":null,"website":null,"phone":null,"email":null,"natural":null,"landuse":null,"ref":null,"addr:subdistrict":null,"addr:district":null,"club":null,"religion":null,"grades":null,"opening_hours":null,"evacuation_center":null,"capacity:persons":null,"building:material":null,"building:floor":null,"building:condition":null,"backup_generator":null,"barrier":null,"sport":null,"leisure":null,"education":null,"type:id":null,"building:walls":null,"building:structure":null,"building:roof":null,"building:levels":null,"addr:postcode":null,"addr:housenumber":null,"addr:full":null,"access:roof":null,"nspn":null,"addr:city":null,"operator":null,"addr:street":null,"addr:state":null,"school:type_idn":null,"check_date":null,"wheelchair":null,"school:gender":null,"operator:type":null,"isced:level":null,"building":"yes","type":null,"name":"SD Negeri 01 Bantarkambing"},"geometry":{"type":"MultiPolygon","coordinates":[[[[106.7367246,-6.5394557],[106.7364859,-6.5394323],[106.7365109,-6.5391803],[106.7366086,-6.5391899],[106.7365912,-6.5393649],[106.7367322,-6.5393786],[106.7367246,-6.5394557]]]]}},
{"type":"Feature","properties":{"full_id":"w189638789","osm_id":"189638789","osm_type":"way","amenity":"school","addr:province":null,"addr:housename":null,"short_name":null,"branch":null,"official_name":null,"layer":null,"mobile":null,"wikipedia":null,"wikidata":null,"website":null,"phone":null,"email":null,"natural":null,"landuse":null,"ref":null,"addr:subdistrict":null,"addr:district":null,"club":null,"religion":null,"grades":null,"opening_hours":null,"evacuation_center":null,"capacity:persons":null,"building:material":null,"building:floor":null,"building:condition":null,"backup_generator":null,"barrier":null,"sport":null,"leisure":null,"education":null,"type:id":null,"building:walls":null,"building:structure":null,"building:roof":null,"building:levels":null,"addr:postcode":null,"addr:housenumber":null,"addr:full":null,"access:roof":null,"nspn":null,"addr:city":null,"operator":null,"addr:street":null,"addr:state":null,"school:type_idn":null,"check_date":null,"wheelchair":null,"school:gender":null,"operator:type":null,"isced:level":null,"building":"yes","type":null,"name":"SD Negeri 05 Babakan Dramaga"},"geometry":{"type":"MultiPolygon","coordinates":[[[[106.7332283,-6.553368],[106.7332274,-6.5533628],[106.7331698,-6.5533718],[106.7331583,-6.5532998],[106.7332167,-6.5532906],[106.7332136,-6.5532716],[106.7334281,-6.5532379],[106.7334435,-6.5533341],[106.7332283,-6.553368]]]]}},
{"type":"Feature","properties":{"full_id":"w189646315","osm_id":"189646315","osm_type":"way","amenity":"school","addr:province":null,"addr:housename":null,"short_name":null,"branch":null,"official_name":null,"layer":null,"mobile":null,"wikipedia":null,"wikidata":null,"website":null,"phone":null,"email":null,"natural":null,"landuse":null,"ref":null,"addr:subdistrict":null,"addr:district":null,"club":null,"religion":null,"grades":null,"opening_hours":null,"evacuation_center":null,"capacity:persons":null,"building:material":null,"building:floor":null,"building:condition":null,"backup_generator":null,"barrier":null,"sport":null,"leisure":null,"education":null,"type:id":null,"building:walls":null,"building:structure":null,"building:roof":null,"building:levels":null,"addr:postcode":null,"addr:housenumber":null,"addr:full":null,"access:roof":null,"nspn":null,"addr:city":null,"operator":null,"addr:street":null,"addr:state":null,"school:type_idn":null,"check_date":null,"wheelchair":null,"school:gender":null,"operator:type":null,"isced:level":null,"building":"yes","type":null,"name":"SD Negeri 02 Babakan Dramaga"},"geometry":{"type":"MultiPolygon","coordinates":[[[[106.7290475,-6.5496955],[106.7289489,-6.5496913],[106.7289617,-6.5493944],[106.7290603,-6.5493986],[106.7290475,-6.5496955]]]]}},
{"type":"Feature","properties":{"full_id":"w224316118","osm_id":"224316118","osm_type":"way","amenity":"school","addr:province":null,"addr:housename":null,"short_name":null,"branch":null,"official_name":null,"layer":null,"mobile":null,"wikipedia":null,"wikidata":null,"website":null,"phone":null,"email":null,"natural":null,"landuse":null,"ref":null,"addr:subdistrict":null,"addr:district":null,"club":null,"religion":null,"grades":null,"opening_hours":null,"evacuation_center":null,"capacity:persons":null,"building:material":null,"building:floor":null,"building:condition":null,"backup_generator":null,"barrier":null,"sport":null,"leisure":null,"education":null,"type:id":null,"building:walls":null,"building:structure":null,"building:roof":null,"building:levels":null,"addr:postcode":null,"addr:housenumber":null,"addr:full":null,"access:roof":null,"nspn":null,"addr:city":null,"operator":null,"addr:street":null,"addr:state":null,"school:type_idn":null,"check_date":null,"wheelchair":null,"school:gender":null,"operator:type":null,"isced:level":null,"building":null,"type":null,"name":"SMP IT"},"geometry":{"type":"MultiPolygon","coordinates":[[[[106.8301026,-6.4745854],[106.8299656,-6.4744952],[106.8303514,-6.4736464],[106.8308911,-6.4741509],[106.8306072,-6.4747877],[106.8301026,-6.4745854]]]]}},
{"type":"Feature","properties":{"full_id":"w254612232","osm_id":"254612232","osm_type":"way","amenity":"school","addr:province":null,"addr:housename":null,"short_name":null,"branch":null,"official_name":null,"layer":null,"mobile":null,"wikipedia":null,"wikidata":null,"website":null,"phone":null,"email":null,"natural":null,"landuse":null,"ref":null,"addr:subdistrict":null,"addr:district":null,"club":null,"religion":null,"grades":null,"opening_hours":null,"evacuation_center":null,"capacity:persons":null,"building:material":null,"building:floor":null,"building:condition":null,"backup_generator":null,"barrier":null,"sport":null,"leisure":null,"education":null,"type:id":null,"building:walls":null,"building:structure":null,"building:roof":null,"building:levels":null,"addr:postcode":null,"addr:housenumber":null,"addr:full":null,"access:roof":null,"nspn":null,"addr:city":null,"operator":null,"addr:street":"Jalan Raya Ciomas","addr:state":"JW","school:type_idn":null,"check_date":null,"wheelchair":null,"school:gender":null,"operator:type":null,"isced:level":"0","building":"yes","type":null,"name":"TK Anggraini"},"geometry":{"type":"MultiPolygon","coordinates":[[[[106.7657826,-6.6017503],[106.7659094,-6.6017884],[106.7659253,-6.6016892],[106.7661369,-6.6017361],[106.7661308,-6.6018268],[106.7661072,-6.6018878],[106.766021,-6.6018536],[106.7659602,-6.6018476],[106.7658905,-6.6019676],[106.7658653,-6.6020783],[106.7658297,-6.602053],[106.7657955,-6.6019554],[106.7657512,-6.6017613],[106.7657826,-6.6017503]]]]}},
{"type":"Feature","properties":{"full_id":"w254613285","osm_id":"254613285","osm_type":"way","amenity":null,"addr:province":null,"addr:housename":null,"short_name":null,"branch":null,"official_name":null,"layer":null,"mobile":null,"wikipedia":null,"wikidata":null,"website":null,"phone":null,"email":null,"natural":null,"landuse":null,"ref":null,"addr:subdistrict":null,"addr:district":null,"club":null,"religion":null,"grades":null,"opening_hours":null,"evacuation_center":null,"capacity:persons":null,"building:material":null,"building:floor":null,"building:condition":null,"backup_generator":null,"barrier":null,"sport":null,"leisure":null,"education":null,"type:id":null,"building:walls":null,"building:structure":null,"building:roof":null,"building:levels":null,"addr:postcode":null,"addr:housenumber":null,"addr:full":null,"access:roof":null,"nspn":null,"addr:city":null,"operator":null,"addr:street":null,"addr:state":null,"school:type_idn":null,"check_date":null,"wheelchair":null,"school:gender":null,"operator:type":null,"isced:level":null,"building":"yes","type":null,"name":null},"geometry":{"type":"MultiPolygon","coordinates":[[[[106.749104,-6.6051242],[106.7491929,-6.6051799],[106.7495442,-6.6046254],[106.7497324,-6.604743],[106.7496657,-6.6048482],[106.7495794,-6.6047943],[106.7493104,-6.605219],[106.7492895,-6.6052519],[106.7492508,-6.605313],[106.7492378,-6.6053049],[106.7492318,-6.6053144],[106.7490539,-6.6052032],[106.749104,-6.6051242]]]]}},
{"type":"Feature","properties":{"full_id":"w254613286","osm_id":"254613286","osm_type":"way","amenity":"school","addr:province":null,"addr:housename":null,"short_name":null,"branch":null,"official_name":null,"layer":null,"mobile":null,"wikipedia":null,"wikidata":null,"website":null,"phone":null,"email":null,"natural":null,"landuse":null,"ref":null,"addr:subdistrict":null,"addr:district":null,"club":null,"religion":null,"grades":null,"opening_hours":null,"evacuation_center":null,"capacity:persons":null,"building:material":null,"building:floor":null,"building:condition":null,"backup_generator":null,"barrier":null,"sport":null,"leisure":null,"education":null,"type:id":null,"building:walls":null,"building:structure":null,"building:roof":null,"building:levels":null,"addr:postcode":null,"addr:housenumber":null,"addr:full":null,"access:roof":null,"nspn":null,"addr:city":null,"operator":null,"addr:street":null,"addr:state":null,"school:type_idn":null,"check_date":null,"wheelchair":null,"school:gender":null,"operator:type":null,"isced:level":null,"building":"yes","type":null,"name":"SMPN 1 Ciomas"},"geometry":{"type":"MultiPolygon","coordinates":[[[[106.7536883,-6.6037434],[106.7537044,-6.6025071],[106.753876,-6.6025178],[106.7540155,-6.6027043],[106.7540209,-6.6029388],[106.7544393,-6.6029654],[106.7544232,-6.6031626],[106.7541711,-6.6031626],[106.7538331,-6.6033651],[106.7538492,-6.6036262],[106.7543427,-6.6035995],[106.7542944,-6.6033224],[106.7544178,-6.6033278],[106.7544607,-6.6037008],[106.7540852,-6.603786],[106.7536883,-6.6037434]]]]}},
{"type":"Feature","properties":{"full_id":"w258724362","osm_id":"258724362","osm_type":"way","amenity":"school","addr:province":null,"addr:housename":null,"short_name":null,"branch":null,"official_name":null,"layer":null,"mobile":null,"wikipedia":null,"wikidata":null,"website":null,"phone":null,"email":null,"natural":null,"landuse":null,"ref":null,"addr:subdistrict":null,"addr:district":null,"club":null,"religion":null,"grades":null,"opening_hours":null,"evacuation_center":null,"capacity:persons":null,"building:material":null,"building:floor":null,"building:condition":null,"backup_generator":null,"barrier":null,"sport":null,"leisure":null,"education":null,"type:id":null,"building:walls":null,"building:structure":null,"building:roof":null,"building:levels":null,"addr:postcode":null,"addr:housenumber":null,"addr:full":null,"access:roof":null,"nspn":null,"addr:city":null,"operator":null,"addr:street":null,"addr:state":null,"school:type_idn":null,"check_date":null,"wheelchair":null,"school:gender":null,"operator:type":null,"isced:level":null,"building":"school","type":null,"name":"Daar El-Salam"},"geometry":{"type":"MultiPolygon","coordinates":[[[[106.9752983,-6.3129732],[106.9762371,-6.3131679],[106.9762059,-6.3134158],[106.9761756,-6.3136571],[106.9754163,-6.3137624],[106.9752983,-6.3129732]]]]}},
{"type":"Feature","properties":{"full_id":"w258873606","osm_id":"258873606","osm_type":"way","amenity":"school","addr:province":null,"addr:housename":null,"short_name":null,"branch":null,"official_name":null,"layer":null,"mobile":null,"wikipedia":null,"wikidata":null,"website":null,"phone":null,"email":null,"natural":null,"landuse":null,"ref":null,"addr:subdistrict":null,"addr:district":null,"club":null,"religion":null,"grades":null,"opening_hours":null,"evacuation_center":null,"capacity:persons":null,"building:material":null,"building:floor":null,"building:condition":null,"backup_generator":null,"barrier":null,"sport":null,"leisure":null,"education":null,"type:id":null,"building:walls":null,"building:structure":null,"building:roof":null,"building:levels":null,"addr:postcode":null,"addr:housenumber":null,"addr:full":null,"access:roof":null,"nspn":null,"addr:city":null,"operator":"Yayasan Asti Dharma","addr:street":null,"addr:state":null,"school:type_idn":null,"check_date":null,"wheelchair":null,"school:gender":null,"operator:type":null,"isced:level":null,"building":null,"type":null,"name":"Sekolah Bunda Hati Kudus"},"geometry":{"type":"MultiPolygon","coordinates":[[[[106.9563262,-6.3860472],[106.9565508,-6.3857925],[106.95656,-6.3856176],[106.9568798,-6.3855704],[106.9570076,-6.3863386],[106.9568568,-6.3876169],[106.9567596,-6.3879901],[106.9565917,-6.3882886],[106.9564768,-6.3883501],[106.9562471,-6.3883369],[106.9559599,-6.3882886],[106.955686,-6.388192],[106.9553679,-6.3880603],[106.9551204,-6.3879593],[106.9549128,-6.3878276],[106.9546919,-6.3877793],[106.954418,-6.3877662],[106.9541793,-6.3877724],[106.9540896,-6.3875673],[106.9540247,-6.3874189],[106.9542898,-6.3872832],[106.9546875,-6.3871427],[106.9549908,-6.3870039],[106.9553636,-6.3867993],[106.9557136,-6.3865794],[106.9560481,-6.3862986],[106.9563262,-6.3860472]]]]}},
{"type":"Feature","properties":{"full_id":"w258873936","osm_id":"258873936","osm_type":"way","amenity":"school","addr:province":null,"addr:housename":null,"short_name":null,"branch":null,"official_name":null,"layer":null,"mobile":null,"wikipedia":null,"wikidata":null,"website":null,"phone":null,"email":null,"natural":null,"landuse":null,"ref":null,"addr:subdistrict":null,"addr:district":null,"club":null,"religion":null,"grades":null,"opening_hours":null,"evacuation_center":null,"capacity:persons":null,"building:material":null,"building:floor":null,"building:condition":null,"backup_generator":null,"barrier":null,"sport":null,"leisure":null,"education":null,"type:id":null,"building:walls":null,"building:structure":null,"building:roof":null,"building:levels":null,"addr:postcode":null,"addr:housenumber":null,"addr:full":null,"access:roof":null,"nspn":null,"addr:city":null,"operator":null,"addr:street":null,"addr:state":null,"school:type_idn":null,"check_date":null,"wheelchair":null,"school:gender":null,"operator:type":null,"isced:level":null,"building":null,"type":null,"name":"Sekolah Islam Terpadu Fajar Hidayah"},"geometry":{"type":"MultiPolygon","coordinates":[[[[106.9550478,-6.3660633],[106.9553107,-6.3652504],[106.9551055,-6.3651824],[106.9553187,-6.3648732],[106.9556547,-6.3649575],[106.9555306,-6.3653037],[106.9561677,-6.3655737],[106.9559162,-6.3660008],[106.9557935,-6.3662553],[106.9556942,-6.3665352],[106.9556192,-6.3665939],[106.9552812,-6.3665672],[106.9548762,-6.3665992],[106.9547247,-6.3665374],[106.9548547,-6.366266],[106.9547615,-6.3662261],[106.9548655,-6.3659888],[106.9550478,-6.3660633]]]]}},
{"type":"Feature","properties":{"full_id":"w283720509","osm_id":"283720509","osm_type":"way","amenity":"school","addr:province":null,"addr:housename":null,"short_name":null,"branch":null,"official_name":null,"layer":null,"mobile":null,"wikipedia":null,"wikidata":null,"website":null,"phone":null,"email":null,"natural":null,"landuse":null,"ref":null,"addr:subdistrict":null,"addr:district":null,"club":null,"religion":null,"grades":null,"opening_hours":null,"evacuation_center":null,"capacity:persons":null,"building:material":null,"building:floor":null,"building:condition":null,"backup_generator":null,"barrier":null,"sport":null,"leisure":null,"education":null,"type:id":null,"building:walls":null,"building:structure":null,"building:roof":null,"building:levels":null,"addr:postcode":null,"addr:housenumber":null,"addr:full":null,"access:roof":null,"nspn":"20254587","addr:city":"Kec. Cibinong - Kab. Bogor","operator":null,"addr:street":"JL. KP. SAMPORA RT 01 RW 01 KEL. NANGGEWER MEKAR","addr:state":null,"school:type_idn":null,"check_date":null,"wheelchair":null,"school:gender":null,"operator:type":null,"isced:level":"1","building":null,"type":null,"name":"SDN NANGGEWER MEKAR"},"geometry":{"type":"MultiPolygon","coordinates":[[[[106.8396913,-6.496659],[106.8397597,-6.4964338],[106.8401123,-6.4965396],[106.8400323,-6.496803],[106.8398942,-6.4967616],[106.8399427,-6.4966018],[106.8398169,-6.4965641],[106.839767,-6.4967283],[106.8396783,-6.4967017],[106.8396913,-6.496659]]]]}},
{"type":"Feature","properties":{"full_id":"w311373715","osm_id":"311373715","osm_type":"way","amenity":"school","addr:province":null,"addr:housename":null,"short_name":null,"branch":null,"official_name":null,"layer":null,"mobile":null,"wikipedia":null,"wikidata":null,"website":null,"phone":null,"email":null,"natural":null,"landuse":null,"ref":null,"addr:subdistrict":null,"addr:district":null,"club":null,"religion":null,"grades":null,"opening_hours":null,"evacuation_center":null,"capacity:persons":null,"building:material":null,"building:floor":null,"building:condition":null,"backup_generator":null,"barrier":null,"sport":null,"leisure":null,"education":null,"type:id":null,"building:walls":null,"building:structure":null,"building:roof":null,"building:levels":null,"addr:postcode":null,"addr:housenumber":null,"addr:full":null,"access:roof":null,"nspn":null,"addr:city":null,"operator":null,"addr:street":null,"addr:state":null,"school:type_idn":null,"check_date":null,"wheelchair":null,"school:gender":null,"operator:type":null,"isced:level":null,"building":null,"type":null,"name":"SDN. Bojong Gede"},"geometry":{"type":"MultiPolygon","coordinates":[[[[106.7943888,-6.489858],[106.7948824,-6.4900419],[106.7947831,-6.4904523],[106.7943446,-6.4902826],[106.7943888,-6.489858]]]]}},
{"type":"Feature","properties":{"full_id":"w311374907","osm_id":"311374907","osm_type":"way","amenity":"school","addr:province":null,"addr:housename":null,"short_name":null,"branch":null,"official_name":null,"layer":null,"mobile":null,"wikipedia":null,"wikidata":null,"website":null,"phone":null,"email":null,"natural":null,"landuse":null,"ref":null,"addr:subdistrict":null,"addr:district":null,"club":null,"religion":null,"grades":null,"opening_hours":null,"evacuation_center":null,"capacity:persons":null,"building:material":null,"building:floor":null,"building:condition":null,"backup_generator":null,"barrier":null,"sport":null,"leisure":null,"education":null,"type:id":null,"building:walls":null,"building:structure":null,"building:roof":null,"building:levels":null,"addr:postcode":null,"addr:housenumber":null,"addr:full":null,"access:roof":null,"nspn":null,"addr:city":null,"operator":null,"addr:street":null,"addr:state":null,"school:type_idn":null,"check_date":null,"wheelchair":null,"school:gender":null,"operator:type":null,"isced:level":null,"building":null,"type":null,"name":"SLTP"},"geometry":{"type":"MultiPolygon","coordinates":[[[[106.8019848,-6.4796723],[106.8022839,-6.4798184],[106.8021967,-6.4799841],[106.8019393,-6.4798136],[106.8019848,-6.4796723]]]]}},
{"type":"Feature","properties":{"full_id":"w311507973","osm_id":"311507973","osm_type":"way","amenity":"school","addr:province":null,"addr:housename":null,"short_name":null,"branch":null,"official_name":null,"layer":null,"mobile":null,"wikipedia":null,"wikidata":null,"website":null,"phone":null,"email":null,"natural":null,"landuse":null,"ref":null,"addr:subdistrict":null,"addr:district":null,"club":null,"religion":null,"grades":null,"opening_hours":null,"evacuation_center":null,"capacity:persons":null,"building:material":null,"building:floor":null,"building:condition":null,"backup_generator":null,"barrier":null,"sport":null,"leisure":null,"education":null,"type:id":null,"building:walls":null,"building:structure":null,"building:roof":null,"building:levels":null,"addr:postcode":null,"addr:housenumber":null,"addr:full":null,"access:roof":null,"nspn":null,"addr:city":null,"operator":null,"addr:street":null,"addr:state":null,"school:type_idn":null,"check_date":null,"wheelchair":null,"school:gender":null,"operator:type":null,"isced:level":null,"building":null,"type":null,"name":"TK As salam"},"geometry":{"type":"MultiPolygon","coordinates":[[[[106.7929122,-6.4828461],[106.7930168,-6.4828328],[106.7930356,-6.4829634],[106.7929149,-6.4829714],[106.7929149,-6.4829447],[106.7929122,-6.4828461]]]]}},
{"type":"Feature","properties":{"full_id":"w327363963","osm_id":"327363963","osm_type":"way","amenity":"school","addr:province":null,"addr:housename":null,"short_name":null,"branch":null,"official_name":null,"layer":null,"mobile":null,"wikipedia":null,"wikidata":null,"website":null,"phone":null,"email":null,"natural":null,"landuse":null,"ref":null,"addr:subdistrict":null,"addr:district":null,"club":null,"religion":null,"grades":null,"opening_hours":null,"evacuation_center":null,"capacity:persons":null,"building:material":null,"building:floor":null,"building:condition":null,"backup_generator":null,"barrier":null,"sport":null,"leisure":null,"education":null,"type:id":"SMAN","building:walls":"brick","building:structure":"reinforced_masonry","building:roof":"tile","building:levels":"2","addr:postcode":"16820","addr:housenumber":"66","addr:full":"Jl Pasar Lama N 66","access:roof":"no","nspn":null,"addr:city":"Cileungsi","operator":null,"addr:street":"Jl Pasar Lama Cileungsi","addr:state":null,"school:type_idn":null,"check_date":null,"wheelchair":null,"school:gender":null,"operator:type":null,"isced:level":null,"building":null,"type":null,"name":"SMAN 1 Cileungsi"},"geometry":{"type":"MultiPolygon","coordinates":[[[[106.9559251,-6.3939693],[106.9562948,-6.3940758],[106.9562439,-6.3942862],[106.9565386,-6.3943447],[106.9564824,-6.3945497],[106.956268,-6.3945258],[106.9562198,-6.3948666],[106.955826,-6.3947361],[106.9558876,-6.3944832],[106.9557831,-6.3944273],[106.9559251,-6.3939693]]]]}},
{"type":"Feature","properties":{"full_id":"w331216537","osm_id":"331216537","osm_type":"way","amenity":"school","addr:province":null,"addr:housename":null,"short_name":null,"branch":null,"official_name":null,"layer":null,"mobile":null,"wikipedia":null,"wikidata":null,"website":null,"phone":null,"email":null,"natural":null,"landuse":null,"ref":null,"addr:subdistrict":null,"addr:district":null,"club":null,"religion":null,"grades":null,"opening_hours":null,"evacuation_center":null,"capacity:persons":null,"building:material":null,"building:floor":null,"building:condition":null,"backup_generator":null,"barrier":null,"sport":null,"leisure":null,"education":null,"type:id":"SDN","building:walls":"brick","building:structure":"reinforced_masonry","building:roof":"tile","building:levels":"2","addr:postcode":"16820","addr:housenumber":"5","addr:full":"Jl Camat Enjan","access:roof":"no","nspn":null,"addr:city":"Cileungsi","operator":null,"addr:street":"Jl Camat Enjan","addr:state":null,"school:type_idn":null,"check_date":null,"wheelchair":null,"school:gender":null,"operator:type":null,"isced:level":null,"building":null,"type":null,"name":"SDN Cileungsi 06"},"geometry":{"type":"MultiPolygon","coordinates":[[[[106.9619011,-6.4020096],[106.962105,-6.4020416],[106.9620513,-6.4023321],[106.9619735,-6.4024228],[106.9620352,-6.4025427],[106.9618877,-6.4026387],[106.9617348,-6.4024014],[106.9619011,-6.4020096]]]]}},
{"type":"Feature","properties":{"full_id":"w331217270","osm_id":"331217270","osm_type":"way","amenity":"school","addr:province":null,"addr:housename":null,"short_name":null,"branch":null,"official_name":null,"layer":null,"mobile":null,"wikipedia":null,"wikidata":null,"website":null,"phone":null,"email":null,"natural":null,"landuse":null,"ref":null,"addr:subdistrict":null,"addr:district":null,"club":null,"religion":null,"grades":null,"opening_hours":null,"evacuation_center":null,"capacity:persons":null,"building:material":null,"building:floor":null,"building:condition":null,"backup_generator":null,"barrier":null,"sport":null,"leisure":null,"education":null,"type:id":null,"building:walls":null,"building:structure":null,"building:roof":null,"building:levels":null,"addr:postcode":"16820","addr:housenumber":null,"addr:full":null,"access:roof":null,"nspn":null,"addr:city":null,"operator":null,"addr:street":"Cileungsi","addr:state":null,"school:type_idn":null,"check_date":null,"wheelchair":null,"school:gender":null,"operator:type":null,"isced:level":null,"building":null,"type":null,"name":"SMP Sejahtera 02 Cileungsi"},"geometry":{"type":"MultiPolygon","coordinates":[[[[106.9621112,-6.4063018],[106.9625819,-6.4062333],[106.9626226,-6.4065885],[106.962136,-6.4066149],[106.9621254,-6.4064805],[106.9621112,-6.4063018]]]]}},
{"type":"Feature","properties":{"full_id":"w332142492","osm_id":"332142492","osm_type":"way","amenity":"school","addr:province":null,"addr:housename":null,"short_name":null,"branch":null,"official_name":null,"layer":null,"mobile":null,"wikipedia":null,"wikidata":null,"website":null,"phone":null,"email":null,"natural":null,"landuse":null,"ref":null,"addr:subdistrict":null,"addr:district":null,"club":null,"religion":null,"grades":null,"opening_hours":null,"evacuation_center":null,"capacity:persons":null,"building:material":null,"building:floor":null,"building:condition":null,"backup_generator":null,"barrier":null,"sport":null,"leisure":null,"education":null,"type:id":"SD","building:walls":"brick","building:structure":"reinforced_masonry","building:roof":"tile","building:levels":"2","addr:postcode":null,"addr:housenumber":null,"addr:full":"Jl Perumahan Permata Cibubur","access:roof":"no","nspn":null,"addr:city":null,"operator":null,"addr:street":null,"addr:state":null,"school:type_idn":null,"check_date":null,"wheelchair":null,"school:gender":null,"operator:type":null,"isced:level":null,"building":"yes","type":null,"name":"SDN Cibeureum"},"geometry":{"type":"MultiPolygon","coordinates":[[[[106.9642858,-6.4135724],[106.9643275,-6.4134686],[106.9645019,-6.4135379],[106.964502,-6.4135376],[106.9646007,-6.4135772],[106.9646105,-6.4135812],[106.9645113,-6.4138255],[106.9644027,-6.4137819],[106.9644598,-6.4136415],[106.9642858,-6.4135724]]]]}},
{"type":"Feature","properties":{"full_id":"w332548985","osm_id":"332548985","osm_type":"way","amenity":"school","addr:province":null,"addr:housename":null,"short_name":null,"branch":null,"official_name":null,"layer":null,"mobile":null,"wikipedia":null,"wikidata":null,"website":null,"phone":null,"email":null,"natural":null,"landuse":null,"ref":null,"addr:subdistrict":null,"addr:district":null,"club":null,"religion":null,"grades":null,"opening_hours":null,"evacuation_center":null,"capacity:persons":null,"building:material":null,"building:floor":null,"building:condition":null,"backup_generator":null,"barrier":null,"sport":null,"leisure":null,"education":null,"type:id":null,"building:walls":null,"building:structure":null,"building:roof":null,"building:levels":null,"addr:postcode":null,"addr:housenumber":null,"addr:full":null,"access:roof":null,"nspn":null,"addr:city":"Bogor","operator":null,"addr:street":null,"addr:state":null,"school:type_idn":null,"check_date":null,"wheelchair":null,"school:gender":null,"operator:type":null,"isced:level":null,"building":"yes","type":null,"name":"SMA Yadika 7"},"geometry":{"type":"MultiPolygon","coordinates":[[[[106.7574069,-6.5199846],[106.7580576,-6.519713],[106.7581343,-6.5198986],[106.7574764,-6.5201707],[106.7574069,-6.5199846]]]]}},
{"type":"Feature","properties":{"full_id":"w333112818","osm_id":"333112818","osm_type":"way","amenity":"school","addr:province":null,"addr:housename":null,"short_name":null,"branch":null,"official_name":null,"layer":null,"mobile":null,"wikipedia":null,"wikidata":null,"website":null,"phone":null,"email":null,"natural":null,"landuse":null,"ref":null,"addr:subdistrict":null,"addr:district":null,"club":null,"religion":null,"grades":null,"opening_hours":null,"evacuation_center":null,"capacity:persons":null,"building:material":null,"building:floor":null,"building:condition":null,"backup_generator":null,"barrier":null,"sport":null,"leisure":null,"education":null,"type:id":null,"building:walls":null,"building:structure":null,"building:roof":null,"building:levels":null,"addr:postcode":null,"addr:housenumber":null,"addr:full":null,"access:roof":null,"nspn":null,"addr:city":null,"operator":null,"addr:street":null,"addr:state":null,"school:type_idn":null,"check_date":null,"wheelchair":null,"school:gender":null,"operator:type":null,"isced:level":null,"building":null,"type":null,"name":"SMK Yadika 7"},"geometry":{"type":"MultiPolygon","coordinates":[[[[106.7573029,-6.5196482],[106.7577903,-6.5194482],[106.757866,-6.5196235],[106.7573692,-6.5198235],[106.7573029,-6.5196482]]]]}},
{"type":"Feature","properties":{"full_id":"w356796786","osm_id":"356796786","osm_type":"way","amenity":"school","addr:province":null,"addr:housename":null,"short_name":null,"branch":null,"official_name":null,"layer":null,"mobile":null,"wikipedia":null,"wikidata":null,"website":null,"phone":null,"email":null,"natural":null,"landuse":null,"ref":null,"addr:subdistrict":null,"addr:district":null,"club":null,"religion":null,"grades":null,"opening_hours":null,"evacuation_center":null,"capacity:persons":null,"building:material":null,"building:floor":null,"building:condition":null,"backup_generator":null,"barrier":null,"sport":null,"leisure":null,"education":null,"type:id":null,"building:walls":null,"building:structure":null,"building:roof":null,"building:levels":"2","addr:postcode":"16330","addr:housenumber":"RT.02/01","addr:full":null,"access:roof":null,"nspn":null,"addr:city":"Bogor","operator":null,"addr:street":"Jalan H. Mawi","addr:state":null,"school:type_idn":"sma","check_date":null,"wheelchair":null,"school:gender":null,"operator:type":null,"isced:level":null,"building":null,"type":null,"name":"SMU YPUI"},"geometry":{"type":"MultiPolygon","coordinates":[[[[106.7147361,-6.4315449],[106.7147035,-6.4313928],[106.714684,-6.4312892],[106.7146547,-6.4309753],[106.7146254,-6.4308038],[106.7145641,-6.4307271],[106.7145977,-6.4307134],[106.7148606,-6.4307861],[106.715007,-6.4308155],[106.7151598,-6.4305944],[106.7152843,-6.4306494],[106.715138,-6.4309029],[106.7151301,-6.4309638],[106.7150767,-6.4310384],[106.7149838,-6.4310325],[106.7149689,-6.4310387],[106.7148542,-6.4314847],[106.714851,-6.4315268],[106.7147361,-6.4315449]]]]}},
{"type":"Feature","properties":{"full_id":"w392012554","osm_id":"392012554","osm_type":"way","amenity":"school","addr:province":null,"addr:housename":null,"short_name":null,"branch":null,"official_name":null,"layer":null,"mobile":null,"wikipedia":null,"wikidata":null,"website":null,"phone":null,"email":null,"natural":null,"landuse":null,"ref":null,"addr:subdistrict":null,"addr:district":null,"club":null,"religion":null,"grades":null,"opening_hours":null,"evacuation_center":null,"capacity:persons":null,"building:material":null,"building:floor":null,"building:condition":null,"backup_generator":null,"barrier":null,"sport":null,"leisure":null,"education":null,"type:id":null,"building:walls":null,"building:structure":null,"building:roof":null,"building:levels":null,"addr:postcode":null,"addr:housenumber":null,"addr:full":null,"access:roof":null,"nspn":null,"addr:city":null,"operator":null,"addr:street":null,"addr:state":null,"school:type_idn":null,"check_date":null,"wheelchair":null,"school:gender":null,"operator:type":null,"isced:level":null,"building":"yes","type":null,"name":null},"geometry":{"type":"MultiPolygon","coordinates":[[[[106.8455233,-6.6913344],[106.8456775,-6.6913956],[106.8456088,-6.6915663],[106.8454545,-6.691505],[106.8455233,-6.6913344]]]]}},
{"type":"Feature","properties":{"full_id":"w397382601","osm_id":"397382601","osm_type":"way","amenity":"school","addr:province":null,"addr:housename":null,"short_name":null,"branch":null,"official_name":null,"layer":null,"mobile":null,"wikipedia":null,"wikidata":null,"website":null,"phone":null,"email":null,"natural":null,"landuse":null,"ref":null,"addr:subdistrict":null,"addr:district":null,"club":null,"religion":null,"grades":null,"opening_hours":null,"evacuation_center":null,"capacity:persons":null,"building:material":null,"building:floor":null,"building:condition":null,"backup_generator":null,"barrier":null,"sport":null,"leisure":null,"education":null,"type:id":null,"building:walls":null,"building:structure":null,"building:roof":null,"building:levels":null,"addr:postcode":null,"addr:housenumber":null,"addr:full":null,"access:roof":null,"nspn":null,"addr:city":null,"operator":null,"addr:street":null,"addr:state":null,"school:type_idn":null,"check_date":null,"wheelchair":null,"school:gender":null,"operator:type":null,"isced:level":null,"building":null,"type":null,"name":"Insan Cendekia Magnet School"},"geometry":{"type":"MultiPolygon","coordinates":[[[[106.7064365,-6.6340049],[106.7065672,-6.6339844],[106.7066863,-6.6340748],[106.706782,-6.6341862],[106.7068186,-6.6344087],[106.7062779,-6.6344006],[106.7063064,-6.6350871],[106.7067189,-6.6351086],[106.7067536,-6.6357535],[106.7059893,-6.6358908],[106.7053672,-6.6357575],[106.7051884,-6.6355435],[106.7052006,-6.6352648],[106.7054445,-6.6344612],[106.7055421,-6.6343158],[106.7064365,-6.6340049]]]]}},
{"type":"Feature","properties":{"full_id":"w480568253","osm_id":"480568253","osm_type":"way","amenity":"school","addr:province":null,"addr:housename":null,"short_name":null,"branch":null,"official_name":null,"layer":null,"mobile":null,"wikipedia":null,"wikidata":null,"website":null,"phone":null,"email":null,"natural":null,"landuse":null,"ref":null,"addr:subdistrict":null,"addr:district":null,"club":null,"religion":null,"grades":null,"opening_hours":null,"evacuation_center":null,"capacity:persons":null,"building:material":null,"building:floor":null,"building:condition":null,"backup_generator":null,"barrier":null,"sport":null,"leisure":null,"education":null,"type:id":null,"building:walls":null,"building:structure":null,"building:roof":null,"building:levels":null,"addr:postcode":null,"addr:housenumber":null,"addr:full":null,"access:roof":null,"nspn":null,"addr:city":null,"operator":null,"addr:street":null,"addr:state":null,"school:type_idn":null,"check_date":null,"wheelchair":null,"school:gender":null,"operator:type":null,"isced:level":null,"building":"yes","type":null,"name":"SD Negeri 02 Laladon"},"geometry":{"type":"MultiPolygon","coordinates":[[[[106.7546816,-6.5821698],[106.7546853,-6.5820741],[106.7549475,-6.5820841],[106.7549438,-6.5821798],[106.7546816,-6.5821698]]]]}},
{"type":"Feature","properties":{"full_id":"w494322616","osm_id":"494322616","osm_type":"way","amenity":"school","addr:province":null,"addr:housename":null,"short_name":null,"branch":null,"official_name":null,"layer":null,"mobile":null,"wikipedia":null,"wikidata":null,"website":null,"phone":null,"email":null,"natural":null,"landuse":null,"ref":null,"addr:subdistrict":null,"addr:district":null,"club":null,"religion":null,"grades":null,"opening_hours":null,"evacuation_center":null,"capacity:persons":null,"building:material":null,"building:floor":null,"building:condition":null,"backup_generator":null,"barrier":null,"sport":null,"leisure":null,"education":null,"type:id":null,"building:walls":null,"building:structure":null,"building:roof":null,"building:levels":null,"addr:postcode":null,"addr:housenumber":null,"addr:full":null,"access:roof":null,"nspn":null,"addr:city":null,"operator":null,"addr:street":null,"addr:state":null,"school:type_idn":null,"check_date":null,"wheelchair":null,"school:gender":null,"operator:type":null,"isced:level":null,"building":"yes","type":null,"name":"Bogor Centre School Borcess"},"geometry":{"type":"MultiPolygon","coordinates":[[[[106.7596284,-6.5239439],[106.7596576,-6.5237738],[106.7599875,-6.5238298],[106.7599583,-6.5239999],[106.7596284,-6.5239439]]]]}},
{"type":"Feature","properties":{"full_id":"w495588636","osm_id":"495588636","osm_type":"way","amenity":"school","addr:province":null,"addr:housename":null,"short_name":null,"branch":null,"official_name":null,"layer":null,"mobile":null,"wikipedia":null,"wikidata":null,"website":null,"phone":null,"email":null,"natural":null,"landuse":null,"ref":null,"addr:subdistrict":null,"addr:district":null,"club":null,"religion":null,"grades":null,"opening_hours":null,"evacuation_center":null,"capacity:persons":null,"building:material":null,"building:floor":null,"building:condition":null,"backup_generator":null,"barrier":null,"sport":null,"leisure":null,"education":null,"type:id":null,"building:walls":null,"building:structure":null,"building:roof":null,"building:levels":null,"addr:postcode":null,"addr:housenumber":null,"addr:full":null,"access:roof":null,"nspn":null,"addr:city":null,"operator":null,"addr:street":null,"addr:state":null,"school:type_idn":null,"check_date":null,"wheelchair":null,"school:gender":null,"operator:type":null,"isced:level":null,"building":"yes","type":null,"name":"SMP PGRI 14 Bogor"},"geometry":{"type":"MultiPolygon","coordinates":[[[[106.7395897,-6.5765066],[106.7397557,-6.5765306],[106.739759,-6.5765061],[106.7398354,-6.5765161],[106.7398307,-6.576552],[106.7398293,-6.5765518],[106.73982,-6.5766153],[106.7394794,-6.576566],[106.7395122,-6.5763595],[106.739702,-6.5763842],[106.73969,-6.5764749],[106.7395962,-6.5764627],[106.7395897,-6.5765066]]]]}},
{"type":"Feature","properties":{"full_id":"w499200639","osm_id":"499200639","osm_type":"way","amenity":"school","addr:province":null,"addr:housename":null,"short_name":null,"branch":null,"official_name":null,"layer":null,"mobile":null,"wikipedia":null,"wikidata":null,"website":null,"phone":null,"email":null,"natural":null,"landuse":null,"ref":null,"addr:subdistrict":null,"addr:district":null,"club":null,"religion":null,"grades":null,"opening_hours":null,"evacuation_center":null,"capacity:persons":null,"building:material":null,"building:floor":null,"building:condition":null,"backup_generator":null,"barrier":null,"sport":null,"leisure":null,"education":null,"type:id":null,"building:walls":null,"building:structure":null,"building:roof":null,"building:levels":null,"addr:postcode":null,"addr:housenumber":null,"addr:full":null,"access:roof":null,"nspn":null,"addr:city":null,"operator":null,"addr:street":null,"addr:state":null,"school:type_idn":"sma","check_date":null,"wheelchair":null,"school:gender":null,"operator:type":null,"isced:level":null,"building":"yes","type":null,"name":"SMK Nurul Hikmah"},"geometry":{"type":"MultiPolygon","coordinates":[[[[107.0550084,-6.4389523],[107.0555138,-6.4390257],[107.0555012,-6.4391448],[107.0549958,-6.4390687],[107.0550084,-6.4389523]]]]}},
{"type":"Feature","properties":{"full_id":"w499200640","osm_id":"499200640","osm_type":"way","amenity":"school","addr:province":null,"addr:housename":null,"short_name":null,"branch":null,"official_name":null,"layer":null,"mobile":null,"wikipedia":null,"wikidata":null,"website":null,"phone":null,"email":null,"natural":null,"landuse":null,"ref":null,"addr:subdistrict":null,"addr:district":null,"club":null,"religion":null,"grades":null,"opening_hours":null,"evacuation_center":null,"capacity:persons":null,"building:material":null,"building:floor":null,"building:condition":null,"backup_generator":null,"barrier":null,"sport":null,"leisure":null,"education":null,"type:id":null,"building:walls":null,"building:structure":null,"building:roof":null,"building:levels":null,"addr:postcode":null,"addr:housenumber":null,"addr:full":null,"access:roof":null,"nspn":null,"addr:city":null,"operator":null,"addr:street":null,"addr:state":null,"school:type_idn":"sma","check_date":null,"wheelchair":null,"school:gender":null,"operator:type":null,"isced:level":null,"building":"yes","type":null,"name":"SMK Nurul Hikmah"},"geometry":{"type":"MultiPolygon","coordinates":[[[[107.055345,-6.4387164],[107.0556073,-6.4387208],[107.0556088,-6.438807],[107.0556106,-6.438807],[107.0556106,-6.4389816],[107.0555167,-6.4389816],[107.0555167,-6.4388113],[107.0553467,-6.4388041],[107.055345,-6.4387164]]]]}},
{"type":"Feature","properties":{"full_id":"w499592368","osm_id":"499592368","osm_type":"way","amenity":"school","addr:province":null,"addr:housename":null,"short_name":null,"branch":null,"official_name":null,"layer":null,"mobile":null,"wikipedia":null,"wikidata":null,"website":null,"phone":null,"email":null,"natural":null,"landuse":null,"ref":null,"addr:subdistrict":null,"addr:district":null,"club":null,"religion":null,"grades":null,"opening_hours":null,"evacuation_center":null,"capacity:persons":null,"building:material":null,"building:floor":null,"building:condition":null,"backup_generator":null,"barrier":null,"sport":null,"leisure":null,"education":null,"type:id":null,"building:walls":null,"building:structure":null,"building:roof":null,"building:levels":null,"addr:postcode":null,"addr:housenumber":null,"addr:full":null,"access:roof":null,"nspn":null,"addr:city":null,"operator":null,"addr:street":null,"addr:state":null,"school:type_idn":null,"check_date":null,"wheelchair":null,"school:gender":null,"operator:type":null,"isced:level":null,"building":"yes","type":null,"name":"SMP Muhammadiyah 1 Cileungsi"},"geometry":{"type":"MultiPolygon","coordinates":[[[[106.9660959,-6.3989061],[106.9662541,-6.3989674],[106.9661945,-6.3991193],[106.9660362,-6.399058],[106.9660959,-6.3989061]]]]}},
{"type":"Feature","properties":{"full_id":"w500192456","osm_id":"500192456","osm_type":"way","amenity":"school","addr:province":null,"addr:housename":null,"short_name":null,"branch":null,"official_name":null,"layer":null,"mobile":null,"wikipedia":null,"wikidata":null,"website":null,"phone":null,"email":null,"natural":null,"landuse":null,"ref":null,"addr:subdistrict":null,"addr:district":null,"club":null,"religion":null,"grades":null,"opening_hours":null,"evacuation_center":null,"capacity:persons":null,"building:material":null,"building:floor":null,"building:condition":null,"backup_generator":null,"barrier":null,"sport":null,"leisure":null,"education":null,"type:id":null,"building:walls":null,"building:structure":null,"building:roof":null,"building:levels":null,"addr:postcode":null,"addr:housenumber":null,"addr:full":"Jl. Kp. Padurenan No.98, RT.2/RW.3, Pabuaran, Cibinong, Bogor, Jawa Barat 16916","access:roof":null,"nspn":null,"addr:city":null,"operator":null,"addr:street":null,"addr:state":null,"school:type_idn":"sma","check_date":null,"wheelchair":null,"school:gender":null,"operator:type":null,"isced:level":null,"building":"yes","type":null,"name":"Daarul Fudlola"},"geometry":{"type":"MultiPolygon","coordinates":[[[[106.8501593,-6.4479873],[106.8501185,-6.4479875],[106.8501188,-6.447921],[106.8503519,-6.4479217],[106.8503518,-6.4479902],[106.8502909,-6.4479903],[106.850291,-6.4480699],[106.8503475,-6.4480689],[106.8503492,-6.4481621],[106.8501198,-6.4481661],[106.8501182,-6.4480729],[106.8501598,-6.4480722],[106.8501593,-6.4479873]]]]}},
{"type":"Feature","properties":{"full_id":"w500372185","osm_id":"500372185","osm_type":"way","amenity":"school","addr:province":null,"addr:housename":null,"short_name":null,"branch":null,"official_name":null,"layer":null,"mobile":null,"wikipedia":null,"wikidata":null,"website":null,"phone":null,"email":null,"natural":null,"landuse":null,"ref":null,"addr:subdistrict":null,"addr:district":null,"club":null,"religion":null,"grades":null,"opening_hours":null,"evacuation_center":null,"capacity:persons":null,"building:material":null,"building:floor":null,"building:condition":null,"backup_generator":null,"barrier":null,"sport":null,"leisure":null,"education":null,"type:id":null,"building:walls":null,"building:structure":null,"building:roof":null,"building:levels":null,"addr:postcode":null,"addr:housenumber":null,"addr:full":null,"access:roof":null,"nspn":null,"addr:city":null,"operator":null,"addr:street":null,"addr:state":null,"school:type_idn":null,"check_date":null,"wheelchair":null,"school:gender":null,"operator:type":null,"isced:level":null,"building":"yes","type":null,"name":"SD Negeri 01 Pagelaran"},"geometry":{"type":"MultiPolygon","coordinates":[[[[106.7564086,-6.5969893],[106.7565058,-6.5969734],[106.7565501,-6.5972425],[106.7566148,-6.597232],[106.7566297,-6.5973226],[106.7563927,-6.5973611],[106.7563775,-6.5972687],[106.7564526,-6.5972565],[106.7564086,-6.5969893]]]]}},
{"type":"Feature","properties":{"full_id":"w502585623","osm_id":"502585623","osm_type":"way","amenity":"school","addr:province":null,"addr:housename":null,"short_name":null,"branch":null,"official_name":null,"layer":null,"mobile":null,"wikipedia":null,"wikidata":null,"website":null,"phone":null,"email":null,"natural":null,"landuse":null,"ref":null,"addr:subdistrict":null,"addr:district":null,"club":null,"religion":null,"grades":null,"opening_hours":null,"evacuation_center":null,"capacity:persons":null,"building:material":null,"building:floor":null,"building:condition":null,"backup_generator":null,"barrier":null,"sport":null,"leisure":null,"education":null,"type:id":null,"building:walls":null,"building:structure":null,"building:roof":null,"building:levels":null,"addr:postcode":null,"addr:housenumber":null,"addr:full":null,"access:roof":null,"nspn":null,"addr:city":null,"operator":null,"addr:street":null,"addr:state":null,"school:type_idn":null,"check_date":null,"wheelchair":null,"school:gender":null,"operator:type":null,"isced:level":null,"building":null,"type":null,"name":null},"geometry":{"type":"MultiPolygon","coordinates":[[[[107.0652544,-6.4463551],[107.0657158,-6.4462085],[107.0658499,-6.4467015],[107.0658821,-6.4468161],[107.0658365,-6.4469148],[107.0655549,-6.4469841],[107.0654288,-6.4468668],[107.065351,-6.4467175],[107.0652544,-6.4463551]]]]}},
{"type":"Feature","properties":{"full_id":"w503259410","osm_id":"503259410","osm_type":"way","amenity":"school","addr:province":null,"addr:housename":null,"short_name":null,"branch":null,"official_name":null,"layer":null,"mobile":null,"wikipedia":null,"wikidata":null,"website":null,"phone":null,"email":null,"natural":null,"landuse":null,"ref":null,"addr:subdistrict":null,"addr:district":null,"club":null,"religion":null,"grades":null,"opening_hours":null,"evacuation_center":null,"capacity:persons":null,"building:material":null,"building:floor":null,"building:condition":null,"backup_generator":null,"barrier":null,"sport":null,"leisure":null,"education":null,"type:id":null,"building:walls":null,"building:structure":null,"building:roof":null,"building:levels":null,"addr:postcode":null,"addr:housenumber":null,"addr:full":null,"access:roof":null,"nspn":null,"addr:city":null,"operator":null,"addr:street":null,"addr:state":null,"school:type_idn":null,"check_date":null,"wheelchair":null,"school:gender":null,"operator:type":null,"isced:level":null,"building":"yes","type":null,"name":"Sekolah Citra Berkat"},"geometry":{"type":"MultiPolygon","coordinates":[[[[107.0497593,-6.4392335],[107.0502486,-6.4395981],[107.050144,-6.4397367],[107.0496547,-6.4393721],[107.0497593,-6.4392335]]]]}},
{"type":"Feature","properties":{"full_id":"w506495406","osm_id":"506495406","osm_type":"way","amenity":"school","addr:province":null,"addr:housename":null,"short_name":null,"branch":null,"official_name":null,"layer":null,"mobile":null,"wikipedia":null,"wikidata":null,"website":null,"phone":null,"email":null,"natural":null,"landuse":null,"ref":null,"addr:subdistrict":null,"addr:district":null,"club":null,"religion":null,"grades":null,"opening_hours":null,"evacuation_center":null,"capacity:persons":null,"building:material":null,"building:floor":null,"building:condition":null,"backup_generator":null,"barrier":null,"sport":null,"leisure":null,"education":null,"type:id":null,"building:walls":null,"building:structure":null,"building:roof":null,"building:levels":null,"addr:postcode":null,"addr:housenumber":null,"addr:full":null,"access:roof":null,"nspn":null,"addr:city":null,"operator":null,"addr:street":null,"addr:state":null,"school:type_idn":null,"check_date":null,"wheelchair":null,"school:gender":null,"operator:type":null,"isced:level":null,"building":"yes","type":null,"name":null},"geometry":{"type":"MultiPolygon","coordinates":[[[[106.8704094,-6.6977203],[106.870516,-6.6977303],[106.8705087,-6.6978075],[106.8704021,-6.6977975],[106.8704094,-6.6977203]]]]}},
{"type":"Feature","properties":{"full_id":"w506495407","osm_id":"506495407","osm_type":"way","amenity":"school","addr:province":null,"addr:housename":null,"short_name":null,"branch":null,"official_name":null,"layer":null,"mobile":null,"wikipedia":null,"wikidata":null,"website":null,"phone":null,"email":null,"natural":null,"landuse":null,"ref":null,"addr:subdistrict":null,"addr:district":null,"club":null,"religion":null,"grades":null,"opening_hours":null,"evacuation_center":null,"capacity:persons":null,"building:material":null,"building:floor":null,"building:condition":null,"backup_generator":null,"barrier":null,"sport":null,"leisure":null,"education":null,"type:id":null,"building:walls":null,"building:structure":null,"building:roof":null,"building:levels":null,"addr:postcode":null,"addr:housenumber":null,"addr:full":null,"access:roof":null,"nspn":null,"addr:city":null,"operator":null,"addr:street":null,"addr:state":null,"school:type_idn":null,"check_date":null,"wheelchair":null,"school:gender":null,"operator:type":null,"isced:level":null,"building":"yes","type":null,"name":null},"geometry":{"type":"MultiPolygon","coordinates":[[[[106.8704905,-6.6975638],[106.8704765,-6.6977177],[106.8704108,-6.6977117],[106.8704249,-6.6975579],[106.8704905,-6.6975638]]]]}},
{"type":"Feature","properties":{"full_id":"w506495408","osm_id":"506495408","osm_type":"way","amenity":"school","addr:province":null,"addr:housename":null,"short_name":null,"branch":null,"official_name":null,"layer":null,"mobile":null,"wikipedia":null,"wikidata":null,"website":null,"phone":null,"email":null,"natural":null,"landuse":null,"ref":null,"addr:subdistrict":null,"addr:district":null,"club":null,"religion":null,"grades":null,"opening_hours":null,"evacuation_center":null,"capacity:persons":null,"building:material":null,"building:floor":null,"building:condition":null,"backup_generator":null,"barrier":null,"sport":null,"leisure":null,"education":null,"type:id":null,"building:walls":null,"building:structure":null,"building:roof":null,"building:levels":null,"addr:postcode":null,"addr:housenumber":null,"addr:full":null,"access:roof":null,"nspn":null,"addr:city":null,"operator":null,"addr:street":null,"addr:state":null,"school:type_idn":null,"check_date":null,"wheelchair":null,"school:gender":null,"operator:type":null,"isced:level":null,"building":"yes","type":null,"name":null},"geometry":{"type":"MultiPolygon","coordinates":[[[[106.8706736,-6.6975592],[106.8706387,-6.6977616],[106.8705574,-6.6977478],[106.8705922,-6.6975454],[106.8706736,-6.6975592]]]]}},
{"type":"Feature","properties":{"full_id":"w506495409","osm_id":"506495409","osm_type":"way","amenity":"school","addr:province":null,"addr:housename":null,"short_name":null,"branch":null,"official_name":null,"layer":null,"mobile":null,"wikipedia":null,"wikidata":null,"website":null,"phone":null,"email":null,"natural":null,"landuse":null,"ref":null,"addr:subdistrict":null,"addr:district":null,"club":null,"religion":null,"grades":null,"opening_hours":null,"evacuation_center":null,"capacity:persons":null,"building:material":null,"building:floor":null,"building:condition":null,"backup_generator":null,"barrier":null,"sport":null,"leisure":null,"education":null,"type:id":null,"building:walls":null,"building:structure":null,"building:roof":null,"building:levels":null,"addr:postcode":null,"addr:housenumber":null,"addr:full":null,"access:roof":null,"nspn":null,"addr:city":null,"operator":null,"addr:street":null,"addr:state":null,"school:type_idn":null,"check_date":null,"wheelchair":null,"school:gender":null,"operator:type":null,"isced:level":null,"building":"yes","type":null,"name":null},"geometry":{"type":"MultiPolygon","coordinates":[[[[106.8704798,-6.6978229],[106.8705812,-6.6977833],[106.8706342,-6.6979172],[106.8705328,-6.6979568],[106.8704798,-6.6978229]]]]}},
{"type":"Feature","properties":{"full_id":"w537162947","osm_id":"537162947","osm_type":"way","amenity":"school","addr:province":null,"addr:housename":null,"short_name":null,"branch":null,"official_name":null,"layer":null,"mobile":null,"wikipedia":null,"wikidata":null,"website":null,"phone":null,"email":null,"natural":null,"landuse":null,"ref":null,"addr:subdistrict":null,"addr:district":null,"club":null,"religion":null,"grades":null,"opening_hours":null,"evacuation_center":null,"capacity:persons":null,"building:material":null,"building:floor":null,"building:condition":null,"backup_generator":null,"barrier":null,"sport":null,"leisure":null,"education":"school","type:id":null,"building:walls":null,"building:structure":null,"building:roof":null,"building:levels":null,"addr:postcode":null,"addr:housenumber":null,"addr:full":null,"access:roof":null,"nspn":null,"addr:city":null,"operator":null,"addr:street":null,"addr:state":null,"school:type_idn":null,"check_date":null,"wheelchair":null,"school:gender":null,"operator:type":null,"isced:level":null,"building":null,"type":null,"name":"Pondok Pesantren Darus Sholihin"},"geometry":{"type":"MultiPolygon","coordinates":[[[[106.721515,-6.5683769],[106.7219768,-6.5684325],[106.7219027,-6.5698875],[106.7213711,-6.5698634],[106.721515,-6.5683769]]]]}},
{"type":"Feature","properties":{"full_id":"w579488340","osm_id":"579488340","osm_type":"way","amenity":"school","addr:province":null,"addr:housename":null,"short_name":null,"branch":null,"official_name":null,"layer":null,"mobile":null,"wikipedia":null,"wikidata":null,"website":null,"phone":null,"email":null,"natural":null,"landuse":null,"ref":null,"addr:subdistrict":null,"addr:district":null,"club":null,"religion":null,"grades":null,"opening_hours":null,"evacuation_center":null,"capacity:persons":null,"building:material":null,"building:floor":null,"building:condition":null,"backup_generator":null,"barrier":null,"sport":null,"leisure":null,"education":null,"type:id":null,"building:walls":null,"building:structure":null,"building:roof":null,"building:levels":null,"addr:postcode":null,"addr:housenumber":null,"addr:full":null,"access:roof":null,"nspn":null,"addr:city":null,"operator":null,"addr:street":null,"addr:state":null,"school:type_idn":null,"check_date":null,"wheelchair":null,"school:gender":null,"operator:type":null,"isced:level":null,"building":"yes","type":null,"name":"SMKN 2 CILAKU"},"geometry":{"type":"MultiPolygon","coordinates":[[[[106.7621172,-6.6299799],[106.7621013,-6.6299437],[106.7622086,-6.629897],[106.7622245,-6.6299333],[106.7621172,-6.6299799]]]]}},
{"type":"Feature","properties":{"full_id":"w583098119","osm_id":"583098119","osm_type":"way","amenity":"school","addr:province":null,"addr:housename":null,"short_name":null,"branch":null,"official_name":null,"layer":null,"mobile":null,"wikipedia":null,"wikidata":null,"website":null,"phone":null,"email":null,"natural":null,"landuse":null,"ref":null,"addr:subdistrict":null,"addr:district":null,"club":null,"religion":null,"grades":null,"opening_hours":null,"evacuation_center":null,"capacity:persons":null,"building:material":null,"building:floor":null,"building:condition":null,"backup_generator":null,"barrier":null,"sport":null,"leisure":null,"education":null,"type:id":null,"building:walls":null,"building:structure":null,"building:roof":null,"building:levels":null,"addr:postcode":null,"addr:housenumber":null,"addr:full":null,"access:roof":null,"nspn":null,"addr:city":null,"operator":null,"addr:street":null,"addr:state":null,"school:type_idn":null,"check_date":null,"wheelchair":null,"school:gender":null,"operator:type":null,"isced:level":null,"building":null,"type":null,"name":"Sekolah Citra Berkat"},"geometry":{"type":"MultiPolygon","coordinates":[[[[107.050081,-6.4382783],[107.0503045,-6.4384175],[107.0502469,-6.4385089],[107.0501265,-6.4384339],[107.0500472,-6.4385598],[107.049944,-6.4384955],[107.050081,-6.4382783]]]]}},
{"type":"Feature","properties":{"full_id":"w587736142","osm_id":"587736142","osm_type":"way","amenity":"school","addr:province":null,"addr:housename":null,"short_name":null,"branch":null,"official_name":null,"layer":null,"mobile":null,"wikipedia":null,"wikidata":null,"website":null,"phone":null,"email":null,"natural":null,"landuse":null,"ref":null,"addr:subdistrict":null,"addr:district":null,"club":null,"religion":null,"grades":null,"opening_hours":null,"evacuation_center":null,"capacity:persons":null,"building:material":null,"building:floor":null,"building:condition":null,"backup_generator":null,"barrier":null,"sport":null,"leisure":null,"education":null,"type:id":null,"building:walls":null,"building:structure":null,"building:roof":null,"building:levels":null,"addr:postcode":null,"addr:housenumber":null,"addr:full":null,"access:roof":null,"nspn":null,"addr:city":null,"operator":null,"addr:street":null,"addr:state":null,"school:type_idn":"sd","check_date":null,"wheelchair":null,"school:gender":null,"operator:type":"government","isced:level":null,"building":null,"type":null,"name":"SDN SANJA 01"},"geometry":{"type":"MultiPolygon","coordinates":[[[[106.8644884,-6.5057094],[106.8647432,-6.5058186],[106.8644819,-6.5064202],[106.8642271,-6.5063109],[106.8644884,-6.5057094]]]]}},
{"type":"Feature","properties":{"full_id":"w587736303","osm_id":"587736303","osm_type":"way","amenity":"school","addr:province":null,"addr:housename":null,"short_name":null,"branch":null,"official_name":null,"layer":null,"mobile":null,"wikipedia":null,"wikidata":null,"website":null,"phone":null,"email":null,"natural":null,"landuse":null,"ref":null,"addr:subdistrict":null,"addr:district":null,"club":null,"religion":null,"grades":null,"opening_hours":null,"evacuation_center":null,"capacity:persons":null,"building:material":null,"building:floor":null,"building:condition":null,"backup_generator":null,"barrier":null,"sport":null,"leisure":null,"education":"school","type:id":null,"building:walls":null,"building:structure":null,"building:roof":null,"building:levels":null,"addr:postcode":null,"addr:housenumber":null,"addr:full":null,"access:roof":null,"nspn":null,"addr:city":null,"operator":null,"addr:street":null,"addr:state":null,"school:type_idn":null,"check_date":null,"wheelchair":null,"school:gender":null,"operator:type":null,"isced:level":null,"building":"yes","type":null,"name":"SMP Islam Arrohman"},"geometry":{"type":"MultiPolygon","coordinates":[[[[106.8669235,-6.5087507],[106.8669346,-6.5086513],[106.867159,-6.5086761],[106.8671346,-6.508893],[106.8670291,-6.5088814],[106.8670423,-6.5087638],[106.8669235,-6.5087507]]]]}},
{"type":"Feature","properties":{"full_id":"w589235481","osm_id":"589235481","osm_type":"way","amenity":"school","addr:province":null,"addr:housename":null,"short_name":null,"branch":null,"official_name":null,"layer":null,"mobile":null,"wikipedia":null,"wikidata":null,"website":null,"phone":null,"email":null,"natural":null,"landuse":null,"ref":null,"addr:subdistrict":null,"addr:district":null,"club":null,"religion":null,"grades":null,"opening_hours":null,"evacuation_center":null,"capacity:persons":null,"building:material":null,"building:floor":null,"building:condition":null,"backup_generator":null,"barrier":null,"sport":null,"leisure":null,"education":null,"type:id":null,"building:walls":null,"building:structure":null,"building:roof":null,"building:levels":null,"addr:postcode":null,"addr:housenumber":null,"addr:full":null,"access:roof":null,"nspn":null,"addr:city":null,"operator":null,"addr:street":null,"addr:state":null,"school:type_idn":"sma","check_date":null,"wheelchair":null,"school:gender":null,"operator:type":null,"isced:level":null,"building":null,"type":null,"name":"SMAN 1 Citeureup"},"geometry":{"type":"MultiPolygon","coordinates":[[[[106.8873382,-6.5058106],[106.8873234,-6.5057174],[106.8879899,-6.50471],[106.888525,-6.5049632],[106.8880074,-6.5060771],[106.8876708,-6.5060025],[106.8873382,-6.5058106]]]]}},
{"type":"Feature","properties":{"full_id":"w589243547","osm_id":"589243547","osm_type":"way","amenity":"school","addr:province":null,"addr:housename":null,"short_name":null,"branch":null,"official_name":null,"layer":null,"mobile":null,"wikipedia":null,"wikidata":null,"website":null,"phone":null,"email":null,"natural":null,"landuse":null,"ref":null,"addr:subdistrict":null,"addr:district":null,"club":null,"religion":null,"grades":null,"opening_hours":null,"evacuation_center":null,"capacity:persons":null,"building:material":null,"building:floor":null,"building:condition":null,"backup_generator":null,"barrier":null,"sport":null,"leisure":null,"education":null,"type:id":null,"building:walls":null,"building:structure":null,"building:roof":null,"building:levels":null,"addr:postcode":null,"addr:housenumber":null,"addr:full":null,"access:roof":null,"nspn":null,"addr:city":null,"operator":null,"addr:street":null,"addr:state":null,"school:type_idn":"smp","check_date":null,"wheelchair":null,"school:gender":null,"operator:type":null,"isced:level":null,"building":null,"type":null,"name":"SMPN 3 Citeureup"},"geometry":{"type":"MultiPolygon","coordinates":[[[[106.8866274,-6.50366],[106.8866314,-6.5036227],[106.8870042,-6.5033496],[106.8874092,-6.5031244],[106.8875983,-6.5031457],[106.8879376,-6.5033336],[106.8869627,-6.5039212],[106.8866274,-6.50366]]]]}},
{"type":"Feature","properties":{"full_id":"w649464474","osm_id":"649464474","osm_type":"way","amenity":"school","addr:province":null,"addr:housename":null,"short_name":null,"branch":null,"official_name":null,"layer":null,"mobile":null,"wikipedia":null,"wikidata":null,"website":null,"phone":null,"email":null,"natural":null,"landuse":null,"ref":null,"addr:subdistrict":null,"addr:district":null,"club":null,"religion":null,"grades":null,"opening_hours":null,"evacuation_center":null,"capacity:persons":null,"building:material":null,"building:floor":null,"building:condition":null,"backup_generator":null,"barrier":null,"sport":null,"leisure":null,"education":null,"type:id":null,"building:walls":null,"building:structure":null,"building:roof":null,"building:levels":null,"addr:postcode":null,"addr:housenumber":null,"addr:full":null,"access:roof":null,"nspn":null,"addr:city":null,"operator":null,"addr:street":null,"addr:state":null,"school:type_idn":null,"check_date":null,"wheelchair":null,"school:gender":null,"operator:type":null,"isced:level":null,"building":null,"type":null,"name":"Madrasah Al Fatih"},"geometry":{"type":"MultiPolygon","coordinates":[[[[106.876285,-6.5508346],[106.8765592,-6.5507842],[106.8769779,-6.5508347],[106.8775227,-6.5509619],[106.8775918,-6.5510225],[106.8776223,-6.5516081],[106.8770369,-6.5515819],[106.8767139,-6.5516694],[106.8764962,-6.5516203],[106.8763132,-6.5515334],[106.8761986,-6.5513822],[106.876178,-6.5509409],[106.876285,-6.5508346]]]]}},
{"type":"Feature","properties":{"full_id":"w654614819","osm_id":"654614819","osm_type":"way","amenity":"school","addr:province":null,"addr:housename":null,"short_name":null,"branch":null,"official_name":null,"layer":null,"mobile":null,"wikipedia":null,"wikidata":null,"website":null,"phone":null,"email":null,"natural":null,"landuse":null,"ref":null,"addr:subdistrict":null,"addr:district":null,"club":null,"religion":null,"grades":null,"opening_hours":null,"evacuation_center":null,"capacity:persons":null,"building:material":null,"building:floor":null,"building:condition":null,"backup_generator":null,"barrier":null,"sport":null,"leisure":null,"education":null,"type:id":null,"building:walls":null,"building:structure":null,"building:roof":null,"building:levels":null,"addr:postcode":null,"addr:housenumber":null,"addr:full":null,"access:roof":null,"nspn":null,"addr:city":null,"operator":null,"addr:street":null,"addr:state":null,"school:type_idn":null,"check_date":null,"wheelchair":null,"school:gender":null,"operator:type":null,"isced:level":null,"building":"yes","type":null,"name":"MTs Darul Quran"},"geometry":{"type":"MultiPolygon","coordinates":[[[[106.9347569,-6.6823714],[106.9345303,-6.6825698],[106.9344761,-6.6825088],[106.9347028,-6.6823103],[106.9347569,-6.6823714]]]]}},
{"type":"Feature","properties":{"full_id":"w698058513","osm_id":"698058513","osm_type":"way","amenity":null,"addr:province":null,"addr:housename":null,"short_name":null,"branch":null,"official_name":null,"layer":null,"mobile":null,"wikipedia":null,"wikidata":null,"website":null,"phone":null,"email":null,"natural":null,"landuse":null,"ref":null,"addr:subdistrict":null,"addr:district":null,"club":null,"religion":null,"grades":null,"opening_hours":null,"evacuation_center":null,"capacity:persons":null,"building:material":null,"building:floor":null,"building:condition":null,"backup_generator":null,"barrier":null,"sport":null,"leisure":null,"education":null,"type:id":null,"building:walls":null,"building:structure":null,"building:roof":null,"building:levels":null,"addr:postcode":null,"addr:housenumber":null,"addr:full":null,"access:roof":null,"nspn":null,"addr:city":null,"operator":null,"addr:street":null,"addr:state":null,"school:type_idn":null,"check_date":null,"wheelchair":null,"school:gender":null,"operator:type":null,"isced:level":null,"building":"yes","type":null,"name":null},"geometry":{"type":"MultiPolygon","coordinates":[[[[106.8594928,-6.4664313],[106.8595979,-6.4664255],[106.8596021,-6.4665019],[106.8595612,-6.466504],[106.8595619,-6.4665506],[106.8596115,-6.4665519],[106.8596135,-6.4666072],[106.8595102,-6.4665892],[106.8595035,-6.4664826],[106.8594841,-6.466478],[106.8594928,-6.4664313]]]]}},
{"type":"Feature","properties":{"full_id":"w698058514","osm_id":"698058514","osm_type":"way","amenity":null,"addr:province":null,"addr:housename":null,"short_name":null,"branch":null,"official_name":null,"layer":null,"mobile":null,"wikipedia":null,"wikidata":null,"website":null,"phone":null,"email":null,"natural":null,"landuse":null,"ref":null,"addr:subdistrict":null,"addr:district":null,"club":null,"religion":null,"grades":null,"opening_hours":null,"evacuation_center":null,"capacity:persons":null,"building:material":null,"building:floor":null,"building:condition":null,"backup_generator":null,"barrier":null,"sport":null,"leisure":null,"education":null,"type:id":null,"building:walls":null,"building:structure":null,"building:roof":null,"building:levels":null,"addr:postcode":null,"addr:housenumber":null,"addr:full":null,"access:roof":null,"nspn":null,"addr:city":null,"operator":null,"addr:street":null,"addr:state":null,"school:type_idn":null,"check_date":null,"wheelchair":null,"school:gender":null,"operator:type":null,"isced:level":null,"building":"yes","type":null,"name":null},"geometry":{"type":"MultiPolygon","coordinates":[[[[106.8595967,-6.4666266],[106.8596415,-6.4666237],[106.8596476,-6.4667163],[106.8596028,-6.4667192],[106.8595967,-6.4666266]]]]}},
{"type":"Feature","properties":{"full_id":"w698058516","osm_id":"698058516","osm_type":"way","amenity":null,"addr:province":null,"addr:housename":null,"short_name":null,"branch":null,"official_name":null,"layer":null,"mobile":null,"wikipedia":null,"wikidata":null,"website":null,"phone":null,"email":null,"natural":null,"landuse":null,"ref":null,"addr:subdistrict":null,"addr:district":null,"club":null,"religion":null,"grades":null,"opening_hours":null,"evacuation_center":null,"capacity:persons":null,"building:material":null,"building:floor":null,"building:condition":null,"backup_generator":null,"barrier":null,"sport":"basketball","leisure":"pitch","education":null,"type:id":null,"building:walls":null,"building:structure":null,"building:roof":null,"building:levels":null,"addr:postcode":null,"addr:housenumber":null,"addr:full":null,"access:roof":null,"nspn":null,"addr:city":null,"operator":null,"addr:street":null,"addr:state":null,"school:type_idn":null,"check_date":null,"wheelchair":null,"school:gender":null,"operator:type":null,"isced:level":null,"building":null,"type":null,"name":null},"geometry":{"type":"MultiPolygon","coordinates":[[[[106.8596638,-6.4660862],[106.8597449,-6.4660822],[106.8597534,-6.4662527],[106.8596723,-6.4662567],[106.8596638,-6.4660862]]]]}},
{"type":"Feature","properties":{"full_id":"w698058517","osm_id":"698058517","osm_type":"way","amenity":null,"addr:province":null,"addr:housename":null,"short_name":null,"branch":null,"official_name":null,"layer":null,"mobile":null,"wikipedia":null,"wikidata":null,"website":null,"phone":null,"email":null,"natural":null,"landuse":null,"ref":null,"addr:subdistrict":null,"addr:district":null,"club":null,"religion":null,"grades":null,"opening_hours":null,"evacuation_center":null,"capacity:persons":null,"building:material":null,"building:floor":null,"building:condition":null,"backup_generator":null,"barrier":null,"sport":null,"leisure":null,"education":null,"type:id":null,"building:walls":null,"building:structure":null,"building:roof":null,"building:levels":null,"addr:postcode":null,"addr:housenumber":null,"addr:full":null,"access:roof":null,"nspn":null,"addr:city":null,"operator":null,"addr:street":null,"addr:state":null,"school:type_idn":null,"check_date":null,"wheelchair":null,"school:gender":null,"operator:type":null,"isced:level":null,"building":"yes","type":null,"name":null},"geometry":{"type":"MultiPolygon","coordinates":[[[[106.859643,-6.4659429],[106.8597,-6.4659436],[106.8596988,-6.4660448],[106.8596418,-6.4660441],[106.859643,-6.4659429]]]]}},
{"type":"Feature","properties":{"full_id":"w698058518","osm_id":"698058518","osm_type":"way","amenity":null,"addr:province":null,"addr:housename":null,"short_name":null,"branch":null,"official_name":null,"layer":null,"mobile":null,"wikipedia":null,"wikidata":null,"website":null,"phone":null,"email":null,"natural":null,"landuse":null,"ref":null,"addr:subdistrict":null,"addr:district":null,"club":null,"religion":null,"grades":null,"opening_hours":null,"evacuation_center":null,"capacity:persons":null,"building:material":null,"building:floor":null,"building:condition":null,"backup_generator":null,"barrier":null,"sport":null,"leisure":null,"education":null,"type:id":null,"building:walls":null,"building:structure":null,"building:roof":null,"building:levels":null,"addr:postcode":null,"addr:housenumber":null,"addr:full":null,"access:roof":null,"nspn":null,"addr:city":null,"operator":null,"addr:street":null,"addr:state":null,"school:type_idn":null,"check_date":null,"wheelchair":null,"school:gender":null,"operator:type":null,"isced:level":null,"building":"yes","type":null,"name":null},"geometry":{"type":"MultiPolygon","coordinates":[[[[106.8595397,-6.4660362],[106.8596357,-6.4660323],[106.8596451,-6.4662561],[106.8595491,-6.4662601],[106.8595397,-6.4660362]]]]}},
{"type":"Feature","properties":{"full_id":"w698058519","osm_id":"698058519","osm_type":"way","amenity":null,"addr:province":null,"addr:housename":null,"short_name":null,"branch":null,"official_name":null,"layer":null,"mobile":null,"wikipedia":null,"wikidata":null,"website":null,"phone":null,"email":null,"natural":null,"landuse":null,"ref":null,"addr:subdistrict":null,"addr:district":null,"club":null,"religion":null,"grades":null,"opening_hours":null,"evacuation_center":null,"capacity:persons":null,"building:material":null,"building:floor":null,"building:condition":null,"backup_generator":null,"barrier":null,"sport":null,"leisure":null,"education":null,"type:id":null,"building:walls":null,"building:structure":null,"building:roof":null,"building:levels":null,"addr:postcode":null,"addr:housenumber":null,"addr:full":null,"access:roof":null,"nspn":null,"addr:city":null,"operator":null,"addr:street":null,"addr:state":null,"school:type_idn":null,"check_date":null,"wheelchair":null,"school:gender":null,"operator:type":null,"isced:level":null,"building":"yes","type":null,"name":null},"geometry":{"type":"MultiPolygon","coordinates":[[[[106.8595545,-6.4662774],[106.8599012,-6.4662621],[106.8599061,-6.4663719],[106.8595594,-6.4663873],[106.8595545,-6.4662774]]]]}},
{"type":"Feature","properties":{"full_id":"w698058520","osm_id":"698058520","osm_type":"way","amenity":null,"addr:province":null,"addr:housename":null,"short_name":null,"branch":null,"official_name":null,"layer":null,"mobile":null,"wikipedia":null,"wikidata":null,"website":null,"phone":null,"email":null,"natural":null,"landuse":null,"ref":null,"addr:subdistrict":null,"addr:district":null,"club":null,"religion":null,"grades":null,"opening_hours":null,"evacuation_center":null,"capacity:persons":null,"building:material":null,"building:floor":null,"building:condition":null,"backup_generator":null,"barrier":null,"sport":null,"leisure":null,"education":null,"type:id":null,"building:walls":null,"building:structure":null,"building:roof":null,"building:levels":null,"addr:postcode":null,"addr:housenumber":null,"addr:full":null,"access:roof":null,"nspn":null,"addr:city":null,"operator":null,"addr:street":null,"addr:state":null,"school:type_idn":null,"check_date":null,"wheelchair":null,"school:gender":null,"operator:type":null,"isced:level":null,"building":"yes","type":null,"name":null},"geometry":{"type":"MultiPolygon","coordinates":[[[[106.8597724,-6.4660302],[106.8598516,-6.4660249],[106.8598668,-6.4662489],[106.8597877,-6.4662542],[106.8597724,-6.4660302]]]]}},
{"type":"Feature","properties":{"full_id":"w698084083","osm_id":"698084083","osm_type":"way","amenity":null,"addr:province":null,"addr:housename":null,"short_name":null,"branch":null,"official_name":null,"layer":null,"mobile":null,"wikipedia":null,"wikidata":null,"website":null,"phone":null,"email":null,"natural":null,"landuse":null,"ref":null,"addr:subdistrict":null,"addr:district":null,"club":null,"religion":null,"grades":null,"opening_hours":null,"evacuation_center":null,"capacity:persons":null,"building:material":null,"building:floor":null,"building:condition":null,"backup_generator":null,"barrier":null,"sport":null,"leisure":null,"education":null,"type:id":null,"building:walls":null,"building:structure":null,"building:roof":null,"building:levels":null,"addr:postcode":null,"addr:housenumber":null,"addr:full":null,"access:roof":null,"nspn":null,"addr:city":null,"operator":null,"addr:street":null,"addr:state":null,"school:type_idn":null,"check_date":null,"wheelchair":null,"school:gender":null,"operator:type":null,"isced:level":null,"building":"yes","type":null,"name":null},"geometry":{"type":"MultiPolygon","coordinates":[[[[106.8557759,-6.4672315],[106.8559747,-6.4673451],[106.8559224,-6.4675359],[106.8559032,-6.4675207],[106.8558718,-6.46756],[106.855794,-6.4674847],[106.8558598,-6.4673695],[106.855792,-6.4673328],[106.8557424,-6.4674154],[106.8556914,-6.4673597],[106.8557759,-6.4672315]]]]}},
{"type":"Feature","properties":{"full_id":"w698084084","osm_id":"698084084","osm_type":"way","amenity":null,"addr:province":null,"addr:housename":null,"short_name":null,"branch":null,"official_name":null,"layer":null,"mobile":null,"wikipedia":null,"wikidata":null,"website":null,"phone":null,"email":null,"natural":null,"landuse":null,"ref":null,"addr:subdistrict":null,"addr:district":null,"club":null,"religion":null,"grades":null,"opening_hours":null,"evacuation_center":null,"capacity:persons":null,"building:material":null,"building:floor":null,"building:condition":null,"backup_generator":null,"barrier":null,"sport":null,"leisure":null,"education":null,"type:id":null,"building:walls":null,"building:structure":null,"building:roof":null,"building:levels":null,"addr:postcode":null,"addr:housenumber":null,"addr:full":null,"access:roof":null,"nspn":null,"addr:city":null,"operator":null,"addr:street":null,"addr:state":null,"school:type_idn":null,"check_date":null,"wheelchair":null,"school:gender":null,"operator:type":null,"isced:level":null,"building":"yes","type":null,"name":null},"geometry":{"type":"MultiPolygon","coordinates":[[[[106.8556754,-6.4673601],[106.8558275,-6.4675435],[106.855751,-6.4676062],[106.8555988,-6.4674228],[106.8556754,-6.4673601]]]]}},
{"type":"Feature","properties":{"full_id":"w704225562","osm_id":"704225562","osm_type":"way","amenity":"school","addr:province":null,"addr:housename":null,"short_name":null,"branch":null,"official_name":null,"layer":null,"mobile":null,"wikipedia":null,"wikidata":null,"website":null,"phone":null,"email":null,"natural":null,"landuse":null,"ref":null,"addr:subdistrict":null,"addr:district":null,"club":null,"religion":null,"grades":null,"opening_hours":null,"evacuation_center":null,"capacity:persons":null,"building:material":null,"building:floor":null,"building:condition":null,"backup_generator":null,"barrier":null,"sport":null,"leisure":null,"education":null,"type:id":null,"building:walls":null,"building:structure":null,"building:roof":null,"building:levels":null,"addr:postcode":null,"addr:housenumber":null,"addr:full":null,"access:roof":null,"nspn":null,"addr:city":null,"operator":null,"addr:street":null,"addr:state":null,"school:type_idn":null,"check_date":null,"wheelchair":null,"school:gender":null,"operator:type":null,"isced:level":null,"building":"yes","type":null,"name":"SDN Malasari 1"},"geometry":{"type":"MultiPolygon","coordinates":[[[[106.5307862,-6.6773643],[106.5309612,-6.677396],[106.5309439,-6.6774901],[106.5307681,-6.6774549],[106.5307862,-6.6773643]]]]}},
{"type":"Feature","properties":{"full_id":"w705562318","osm_id":"705562318","osm_type":"way","amenity":"school","addr:province":null,"addr:housename":null,"short_name":null,"branch":null,"official_name":null,"layer":null,"mobile":null,"wikipedia":null,"wikidata":null,"website":null,"phone":null,"email":null,"natural":null,"landuse":null,"ref":null,"addr:subdistrict":null,"addr:district":null,"club":null,"religion":null,"grades":null,"opening_hours":null,"evacuation_center":null,"capacity:persons":null,"building:material":null,"building:floor":null,"building:condition":null,"backup_generator":null,"barrier":"wall","sport":null,"leisure":null,"education":null,"type:id":null,"building:walls":null,"building:structure":null,"building:roof":null,"building:levels":null,"addr:postcode":null,"addr:housenumber":null,"addr:full":null,"access:roof":null,"nspn":null,"addr:city":null,"operator":null,"addr:street":null,"addr:state":null,"school:type_idn":null,"check_date":null,"wheelchair":null,"school:gender":null,"operator:type":null,"isced:level":null,"building":null,"type":null,"name":null},"geometry":{"type":"MultiPolygon","coordinates":[[[[106.5420547,-6.6747663],[106.5423672,-6.6748189],[106.5423229,-6.6750933],[106.5422076,-6.675084],[106.5421593,-6.6753624],[106.5421475,-6.6753604],[106.5421265,-6.675359],[106.5421379,-6.6752898],[106.5421506,-6.6751952],[106.542158,-6.6751312],[106.5421063,-6.6750973],[106.5420447,-6.67502],[106.5420165,-6.6749341],[106.5420547,-6.6747663]]]]}},
{"type":"Feature","properties":{"full_id":"w707180621","osm_id":"707180621","osm_type":"way","amenity":"school","addr:province":null,"addr:housename":null,"short_name":null,"branch":null,"official_name":null,"layer":null,"mobile":null,"wikipedia":null,"wikidata":null,"website":null,"phone":null,"email":null,"natural":null,"landuse":null,"ref":null,"addr:subdistrict":null,"addr:district":null,"club":null,"religion":null,"grades":null,"opening_hours":null,"evacuation_center":null,"capacity:persons":null,"building:material":null,"building:floor":null,"building:condition":null,"backup_generator":null,"barrier":null,"sport":null,"leisure":null,"education":null,"type:id":null,"building:walls":null,"building:structure":null,"building:roof":null,"building:levels":null,"addr:postcode":"16830","addr:housenumber":null,"addr:full":null,"access:roof":null,"nspn":null,"addr:city":"Sukawangi, Sukamakmur, Bogor","operator":null,"addr:street":null,"addr:state":null,"school:type_idn":null,"check_date":null,"wheelchair":null,"school:gender":null,"operator:type":null,"isced:level":null,"building":"school","type":null,"name":"SDN Gunung Batu"},"geometry":{"type":"MultiPolygon","coordinates":[[[[107.0598286,-6.6492219],[107.059655,-6.6493117],[107.059548,-6.6491075],[107.0595863,-6.6490877],[107.0595456,-6.6490101],[107.0596267,-6.6489682],[107.0596704,-6.6490515],[107.0597246,-6.6490235],[107.0598286,-6.6492219]]]]}},
{"type":"Feature","properties":{"full_id":"w829541690","osm_id":"829541690","osm_type":"way","amenity":"school","addr:province":null,"addr:housename":null,"short_name":null,"branch":null,"official_name":null,"layer":null,"mobile":null,"wikipedia":null,"wikidata":null,"website":null,"phone":null,"email":null,"natural":null,"landuse":null,"ref":null,"addr:subdistrict":null,"addr:district":null,"club":null,"religion":null,"grades":null,"opening_hours":null,"evacuation_center":null,"capacity:persons":null,"building:material":null,"building:floor":null,"building:condition":null,"backup_generator":null,"barrier":null,"sport":null,"leisure":null,"education":null,"type:id":null,"building:walls":null,"building:structure":null,"building:roof":null,"building:levels":null,"addr:postcode":null,"addr:housenumber":null,"addr:full":null,"access:roof":null,"nspn":null,"addr:city":null,"operator":null,"addr:street":null,"addr:state":null,"school:type_idn":null,"check_date":null,"wheelchair":null,"school:gender":null,"operator:type":null,"isced:level":null,"building":null,"type":null,"name":null},"geometry":{"type":"MultiPolygon","coordinates":[[[[106.7725101,-6.4934612],[106.7728588,-6.4935038],[106.7727985,-6.4939903],[106.7724498,-6.4939477],[106.7725101,-6.4934612]]]]}},
{"type":"Feature","properties":{"full_id":"w829541712","osm_id":"829541712","osm_type":"way","amenity":"school","addr:province":null,"addr:housename":null,"short_name":null,"branch":null,"official_name":null,"layer":null,"mobile":null,"wikipedia":null,"wikidata":null,"website":null,"phone":null,"email":null,"natural":null,"landuse":null,"ref":null,"addr:subdistrict":null,"addr:district":null,"club":null,"religion":null,"grades":null,"opening_hours":null,"evacuation_center":null,"capacity:persons":null,"building:material":null,"building:floor":null,"building:condition":null,"backup_generator":null,"barrier":null,"sport":null,"leisure":null,"education":null,"type:id":null,"building:walls":null,"building:structure":null,"building:roof":null,"building:levels":null,"addr:postcode":null,"addr:housenumber":null,"addr:full":null,"access:roof":null,"nspn":null,"addr:city":null,"operator":null,"addr:street":null,"addr:state":null,"school:type_idn":null,"check_date":null,"wheelchair":null,"school:gender":null,"operator:type":null,"isced:level":null,"building":"yes","type":null,"name":null},"geometry":{"type":"MultiPolygon","coordinates":[[[[106.7726201,-6.4930241],[106.7729071,-6.4930667],[106.7728674,-6.4933303],[106.7725804,-6.4932876],[106.7726201,-6.4930241]]]]}},
{"type":"Feature","properties":{"full_id":"w832083957","osm_id":"832083957","osm_type":"way","amenity":"school","addr:province":null,"addr:housename":null,"short_name":null,"branch":null,"official_name":null,"layer":null,"mobile":null,"wikipedia":null,"wikidata":null,"website":null,"phone":null,"email":null,"natural":null,"landuse":null,"ref":null,"addr:subdistrict":null,"addr:district":null,"club":null,"religion":null,"grades":null,"opening_hours":null,"evacuation_center":null,"capacity:persons":null,"building:material":null,"building:floor":null,"building:condition":null,"backup_generator":null,"barrier":null,"sport":null,"leisure":null,"education":null,"type:id":null,"building:walls":null,"building:structure":null,"building:roof":null,"building:levels":null,"addr:postcode":null,"addr:housenumber":null,"addr:full":null,"access:roof":null,"nspn":null,"addr:city":null,"operator":null,"addr:street":null,"addr:state":null,"school:type_idn":null,"check_date":null,"wheelchair":null,"school:gender":null,"operator:type":null,"isced:level":null,"building":"yes","type":null,"name":"SMP Al Azhar Syifa Budi Cibinong"},"geometry":{"type":"MultiPolygon","coordinates":[[[[106.8072849,-6.5050271],[106.8074968,-6.5051124],[106.8073176,-6.5055521],[106.8071057,-6.5054668],[106.8072849,-6.5050271]]]]}},
{"type":"Feature","properties":{"full_id":"w838109447","osm_id":"838109447","osm_type":"way","amenity":"school","addr:province":null,"addr:housename":null,"short_name":null,"branch":null,"official_name":null,"layer":null,"mobile":null,"wikipedia":null,"wikidata":null,"website":null,"phone":null,"email":null,"natural":null,"landuse":null,"ref":null,"addr:subdistrict":null,"addr:district":null,"club":null,"religion":null,"grades":null,"opening_hours":null,"evacuation_center":null,"capacity:persons":null,"building:material":null,"building:floor":null,"building:condition":null,"backup_generator":null,"barrier":null,"sport":null,"leisure":null,"education":null,"type:id":null,"building:walls":null,"building:structure":null,"building:roof":null,"building:levels":null,"addr:postcode":null,"addr:housenumber":null,"addr:full":null,"access:roof":null,"nspn":null,"addr:city":null,"operator":null,"addr:street":null,"addr:state":null,"school:type_idn":null,"check_date":null,"wheelchair":null,"school:gender":null,"operator:type":null,"isced:level":null,"building":"yes","type":null,"name":"SMP Wira Buana"},"geometry":{"type":"MultiPolygon","coordinates":[[[[106.8000383,-6.4530268],[106.8001382,-6.4529861],[106.8002173,-6.453178],[106.8001174,-6.4532187],[106.8000383,-6.4530268]]]]}},
{"type":"Feature","properties":{"full_id":"w844403988","osm_id":"844403988","osm_type":"way","amenity":"school","addr:province":null,"addr:housename":null,"short_name":null,"branch":null,"official_name":null,"layer":null,"mobile":null,"wikipedia":null,"wikidata":null,"website":null,"phone":null,"email":null,"natural":null,"landuse":null,"ref":null,"addr:subdistrict":null,"addr:district":null,"club":null,"religion":null,"grades":null,"opening_hours":null,"evacuation_center":null,"capacity:persons":null,"building:material":null,"building:floor":null,"building:condition":null,"backup_generator":null,"barrier":null,"sport":null,"leisure":null,"education":null,"type:id":null,"building:walls":null,"building:structure":null,"building:roof":null,"building:levels":null,"addr:postcode":null,"addr:housenumber":null,"addr:full":null,"access:roof":null,"nspn":null,"addr:city":null,"operator":null,"addr:street":null,"addr:state":null,"school:type_idn":null,"check_date":null,"wheelchair":null,"school:gender":null,"operator:type":null,"isced:level":null,"building":"yes","type":null,"name":"SMP Negeri 2 Cibinong"},"geometry":{"type":"MultiPolygon","coordinates":[[[[106.8185824,-6.4788854],[106.8189692,-6.4789278],[106.8189552,-6.4790533],[106.8188426,-6.4790409],[106.8188064,-6.4793663],[106.8189343,-6.479385],[106.8189209,-6.4794756],[106.8182968,-6.4793844],[106.8183102,-6.4792938],[106.8187076,-6.4793519],[106.8187434,-6.4790301],[106.8185685,-6.4790109],[106.8185824,-6.4788854]]]]}},
{"type":"Feature","properties":{"full_id":"w844895557","osm_id":"844895557","osm_type":"way","amenity":"school","addr:province":null,"addr:housename":null,"short_name":null,"branch":null,"official_name":null,"layer":null,"mobile":null,"wikipedia":null,"wikidata":null,"website":null,"phone":null,"email":null,"natural":null,"landuse":null,"ref":null,"addr:subdistrict":null,"addr:district":null,"club":null,"religion":null,"grades":null,"opening_hours":null,"evacuation_center":null,"capacity:persons":null,"building:material":null,"building:floor":null,"building:condition":null,"backup_generator":null,"barrier":null,"sport":null,"leisure":null,"education":null,"type:id":null,"building:walls":null,"building:structure":null,"building:roof":null,"building:levels":null,"addr:postcode":null,"addr:housenumber":null,"addr:full":null,"access:roof":null,"nspn":null,"addr:city":null,"operator":null,"addr:street":null,"addr:state":null,"school:type_idn":null,"check_date":null,"wheelchair":null,"school:gender":null,"operator:type":null,"isced:level":null,"building":"yes","type":null,"name":null},"geometry":{"type":"MultiPolygon","coordinates":[[[[106.7998539,-6.4962994],[106.8000711,-6.4964073],[106.8000167,-6.4965155],[106.7997994,-6.4964076],[106.7998539,-6.4962994]]]]}},
{"type":"Feature","properties":{"full_id":"w870619171","osm_id":"870619171","osm_type":"way","amenity":"school","addr:province":null,"addr:housename":null,"short_name":null,"branch":null,"official_name":null,"layer":null,"mobile":null,"wikipedia":null,"wikidata":null,"website":null,"phone":null,"email":null,"natural":null,"landuse":null,"ref":null,"addr:subdistrict":null,"addr:district":null,"club":null,"religion":null,"grades":null,"opening_hours":"Mo-Su 07:00-16:00","evacuation_center":"no","capacity:persons":"100-250","building:material":"brick","building:floor":"ceramics","building:condition":"good","backup_generator":"no","barrier":null,"sport":null,"leisure":null,"education":null,"type:id":null,"building:walls":null,"building:structure":"confined_masonry","building:roof":"tile","building:levels":"1","addr:postcode":null,"addr:housenumber":null,"addr:full":"Jalan Pasar Ciluar","access:roof":"no","nspn":null,"addr:city":"Bogor","operator":null,"addr:street":null,"addr:state":null,"school:type_idn":"sd","check_date":null,"wheelchair":null,"school:gender":null,"operator:type":"government","isced:level":null,"building":"yes","type":null,"name":"SDN Pasirlaja 3"},"geometry":{"type":"MultiPolygon","coordinates":[[[[106.8366203,-6.5428426],[106.8369274,-6.5427466],[106.8370132,-6.5430178],[106.8367061,-6.5431138],[106.8366203,-6.5428426]]]]}},
{"type":"Feature","properties":{"full_id":"w966706184","osm_id":"966706184","osm_type":"way","amenity":"school","addr:province":null,"addr:housename":null,"short_name":null,"branch":null,"official_name":null,"layer":null,"mobile":null,"wikipedia":null,"wikidata":null,"website":null,"phone":null,"email":null,"natural":null,"landuse":null,"ref":null,"addr:subdistrict":null,"addr:district":null,"club":null,"religion":null,"grades":null,"opening_hours":null,"evacuation_center":null,"capacity:persons":null,"building:material":null,"building:floor":null,"building:condition":null,"backup_generator":null,"barrier":null,"sport":null,"leisure":null,"education":null,"type:id":null,"building:walls":null,"building:structure":null,"building:roof":null,"building:levels":null,"addr:postcode":null,"addr:housenumber":null,"addr:full":null,"access:roof":null,"nspn":null,"addr:city":null,"operator":null,"addr:street":null,"addr:state":null,"school:type_idn":null,"check_date":null,"wheelchair":null,"school:gender":null,"operator:type":null,"isced:level":null,"building":null,"type":null,"name":"SMPN 3 Gunung Putri"},"geometry":{"type":"MultiPolygon","coordinates":[[[[106.9604405,-6.3449961],[106.9604981,-6.3448925],[106.9604776,-6.3448558],[106.9605297,-6.3447495],[106.9604995,-6.344725],[106.9606476,-6.3444538],[106.9606928,-6.3444783],[106.9607408,-6.3444129],[106.9608038,-6.3443257],[106.9607915,-6.3442971],[106.9609341,-6.3440927],[106.9610054,-6.3441132],[106.9611356,-6.3441704],[106.9613138,-6.3442671],[106.9616113,-6.3443816],[106.9615867,-6.3444579],[106.9614962,-6.344601],[106.9615003,-6.34462],[106.9614797,-6.3446623],[106.961418,-6.3446704],[106.9613577,-6.3446459],[106.9612398,-6.3446337],[106.9612398,-6.3446173],[106.9611836,-6.3445941],[106.9611493,-6.3445901],[106.9611343,-6.3446132],[106.9610643,-6.3445832],[106.9610451,-6.344605],[106.9610808,-6.3446595],[106.9610136,-6.3447141],[106.9609917,-6.3447059],[106.9607709,-6.3450465],[106.9607339,-6.3450288],[106.9606791,-6.3451269],[106.9604405,-6.3449961]]]]}},
{"type":"Feature","properties":{"full_id":"w1001445574","osm_id":"1001445574","osm_type":"way","amenity":"school","addr:province":null,"addr:housename":null,"short_name":null,"branch":null,"official_name":null,"layer":null,"mobile":null,"wikipedia":null,"wikidata":null,"website":null,"phone":null,"email":null,"natural":null,"landuse":null,"ref":null,"addr:subdistrict":null,"addr:district":null,"club":null,"religion":null,"grades":null,"opening_hours":null,"evacuation_center":null,"capacity:persons":null,"building:material":null,"building:floor":null,"building:condition":null,"backup_generator":null,"barrier":null,"sport":null,"leisure":null,"education":null,"type:id":null,"building:walls":null,"building:structure":null,"building:roof":null,"building:levels":null,"addr:postcode":null,"addr:housenumber":null,"addr:full":null,"access:roof":null,"nspn":null,"addr:city":null,"operator":null,"addr:street":null,"addr:state":null,"school:type_idn":null,"check_date":null,"wheelchair":null,"school:gender":null,"operator:type":null,"isced:level":null,"building":null,"type":null,"name":null},"geometry":{"type":"MultiPolygon","coordinates":[[[[106.8471962,-6.7416433],[106.847337,-6.7416779],[106.8473182,-6.7417534],[106.8472724,-6.7417422],[106.8472085,-6.741999],[106.847103,-6.7419731],[106.8471352,-6.7418437],[106.8470924,-6.7418332],[106.8471155,-6.7417404],[106.8471688,-6.7417535],[106.8471962,-6.7416433]]]]}},
{"type":"Feature","properties":{"full_id":"w1001445575","osm_id":"1001445575","osm_type":"way","amenity":"school","addr:province":null,"addr:housename":null,"short_name":null,"branch":null,"official_name":null,"layer":null,"mobile":null,"wikipedia":null,"wikidata":null,"website":null,"phone":null,"email":null,"natural":null,"landuse":null,"ref":null,"addr:subdistrict":null,"addr:district":null,"club":null,"religion":null,"grades":null,"opening_hours":null,"evacuation_center":null,"capacity:persons":null,"building:material":null,"building:floor":null,"building:condition":null,"backup_generator":null,"barrier":null,"sport":null,"leisure":null,"education":null,"type:id":null,"building:walls":null,"building:structure":null,"building:roof":null,"building:levels":null,"addr:postcode":null,"addr:housenumber":null,"addr:full":null,"access:roof":null,"nspn":null,"addr:city":null,"operator":null,"addr:street":null,"addr:state":null,"school:type_idn":null,"check_date":null,"wheelchair":null,"school:gender":null,"operator:type":null,"isced:level":null,"building":null,"type":null,"name":null},"geometry":{"type":"MultiPolygon","coordinates":[[[[106.8473295,-6.7411762],[106.847372,-6.7412189],[106.8472868,-6.7413026],[106.8475372,-6.741554],[106.8474003,-6.7416885],[106.8473451,-6.7416331],[106.8474308,-6.7415488],[106.8471931,-6.7413102],[106.8473295,-6.7411762]]]]}},
{"type":"Feature","properties":{"full_id":"w1001445578","osm_id":"1001445578","osm_type":"way","amenity":"school","addr:province":null,"addr:housename":null,"short_name":null,"branch":null,"official_name":null,"layer":null,"mobile":null,"wikipedia":null,"wikidata":null,"website":null,"phone":null,"email":null,"natural":null,"landuse":null,"ref":null,"addr:subdistrict":null,"addr:district":null,"club":null,"religion":null,"grades":null,"opening_hours":null,"evacuation_center":null,"capacity:persons":null,"building:material":null,"building:floor":null,"building:condition":null,"backup_generator":null,"barrier":null,"sport":null,"leisure":null,"education":null,"type:id":null,"building:walls":null,"building:structure":null,"building:roof":null,"building:levels":null,"addr:postcode":null,"addr:housenumber":null,"addr:full":null,"access:roof":null,"nspn":null,"addr:city":null,"operator":null,"addr:street":null,"addr:state":null,"school:type_idn":null,"check_date":null,"wheelchair":null,"school:gender":null,"operator:type":null,"isced:level":null,"building":null,"type":null,"name":null},"geometry":{"type":"MultiPolygon","coordinates":[[[[106.8468328,-6.7409199],[106.8469163,-6.7410001],[106.8467775,-6.7411425],[106.847042,-6.7413967],[106.8469557,-6.7414852],[106.8466078,-6.7411507],[106.8468328,-6.7409199]]]]}},
{"type":"Feature","properties":{"full_id":"w1026095811","osm_id":"1026095811","osm_type":"way","amenity":"school","addr:province":null,"addr:housename":null,"short_name":null,"branch":null,"official_name":null,"layer":null,"mobile":null,"wikipedia":null,"wikidata":null,"website":null,"phone":null,"email":null,"natural":null,"landuse":null,"ref":null,"addr:subdistrict":null,"addr:district":null,"club":null,"religion":null,"grades":null,"opening_hours":null,"evacuation_center":null,"capacity:persons":null,"building:material":null,"building:floor":null,"building:condition":null,"backup_generator":null,"barrier":null,"sport":null,"leisure":null,"education":null,"type:id":null,"building:walls":null,"building:structure":null,"building:roof":null,"building:levels":null,"addr:postcode":null,"addr:housenumber":null,"addr:full":null,"access:roof":null,"nspn":null,"addr:city":null,"operator":null,"addr:street":null,"addr:state":null,"school:type_idn":null,"check_date":null,"wheelchair":null,"school:gender":null,"operator:type":null,"isced:level":null,"building":null,"type":null,"name":null},"geometry":{"type":"MultiPolygon","coordinates":[[[[106.5511482,-6.5243346],[106.5514286,-6.5243743],[106.5514156,-6.5247698],[106.5510091,-6.5247461],[106.5510245,-6.524602],[106.551117,-6.5246003],[106.5511482,-6.5243346]]]]}},
{"type":"Feature","properties":{"full_id":"w1028931830","osm_id":"1028931830","osm_type":"way","amenity":"school","addr:province":null,"addr:housename":null,"short_name":null,"branch":null,"official_name":null,"layer":null,"mobile":null,"wikipedia":null,"wikidata":null,"website":null,"phone":null,"email":null,"natural":null,"landuse":null,"ref":null,"addr:subdistrict":null,"addr:district":null,"club":null,"religion":null,"grades":"1 to 13","opening_hours":null,"evacuation_center":null,"capacity:persons":null,"building:material":null,"building:floor":null,"building:condition":null,"backup_generator":null,"barrier":null,"sport":null,"leisure":null,"education":null,"type:id":null,"building:walls":null,"building:structure":null,"building:roof":null,"building:levels":null,"addr:postcode":"16830","addr:housenumber":null,"addr:full":null,"access:roof":null,"nspn":null,"addr:city":"Kabupaten Bogor","operator":"Ciputra","addr:street":"Jalan Citra Indah Utama","addr:state":null,"school:type_idn":null,"check_date":null,"wheelchair":null,"school:gender":null,"operator:type":"private","isced:level":null,"building":null,"type":null,"name":"Sekolah Citra Berkat"},"geometry":{"type":"MultiPolygon","coordinates":[[[[107.0387703,-6.4523572],[107.0389768,-6.4523332],[107.0391431,-6.4523305],[107.0394945,-6.4523732],[107.0394865,-6.4524318],[107.0399666,-6.4524904],[107.0398405,-6.453306],[107.0400792,-6.4533433],[107.040061,-6.4534908],[107.0386282,-6.4533033],[107.0387703,-6.4523572]]]]}},
{"type":"Feature","properties":{"full_id":"w1028931831","osm_id":"1028931831","osm_type":"way","amenity":"school","addr:province":null,"addr:housename":null,"short_name":null,"branch":null,"official_name":null,"layer":null,"mobile":null,"wikipedia":null,"wikidata":null,"website":null,"phone":null,"email":null,"natural":null,"landuse":null,"ref":null,"addr:subdistrict":null,"addr:district":null,"club":null,"religion":null,"grades":null,"opening_hours":null,"evacuation_center":null,"capacity:persons":null,"building:material":null,"building:floor":null,"building:condition":null,"backup_generator":null,"barrier":null,"sport":null,"leisure":null,"education":null,"type:id":null,"building:walls":null,"building:structure":null,"building:roof":null,"building:levels":null,"addr:postcode":null,"addr:housenumber":null,"addr:full":null,"access:roof":null,"nspn":null,"addr:city":null,"operator":null,"addr:street":null,"addr:state":null,"school:type_idn":null,"check_date":null,"wheelchair":null,"school:gender":null,"operator:type":null,"isced:level":null,"building":null,"type":null,"name":"Sekolah Cikal Harapan"},"geometry":{"type":"MultiPolygon","coordinates":[[[[107.041305,-6.4524531],[107.0420873,-6.4525648],[107.0420302,-6.4529597],[107.0422143,-6.4530714],[107.0419809,-6.4535698],[107.0411602,-6.4534552],[107.041305,-6.4524531]]]]}},
{"type":"Feature","properties":{"full_id":"w1035898422","osm_id":"1035898422","osm_type":"way","amenity":"school","addr:province":null,"addr:housename":null,"short_name":null,"branch":null,"official_name":null,"layer":null,"mobile":null,"wikipedia":null,"wikidata":null,"website":null,"phone":null,"email":null,"natural":null,"landuse":null,"ref":null,"addr:subdistrict":null,"addr:district":null,"club":null,"religion":null,"grades":null,"opening_hours":null,"evacuation_center":null,"capacity:persons":null,"building:material":null,"building:floor":null,"building:condition":null,"backup_generator":null,"barrier":null,"sport":null,"leisure":null,"education":null,"type:id":null,"building:walls":null,"building:structure":null,"building:roof":null,"building:levels":null,"addr:postcode":"16640","addr:housenumber":"Jl. Pabangbon,Leuwimekar, Kec. Leuwiliang","addr:full":null,"access:roof":null,"nspn":null,"addr:city":"kabupaten Bogor","operator":null,"addr:street":"Jalan Kandang Sapi","addr:state":null,"school:type_idn":null,"check_date":null,"wheelchair":null,"school:gender":null,"operator:type":null,"isced:level":null,"building":null,"type":null,"name":"SMKN 1 Lewiliang"},"geometry":{"type":"MultiPolygon","coordinates":[[[[106.6274771,-6.5901782],[106.628609,-6.5901249],[106.6286332,-6.5908523],[106.6275603,-6.5909562],[106.6274771,-6.5901782]]]]}},
{"type":"Feature","properties":{"full_id":"w1040232536","osm_id":"1040232536","osm_type":"way","amenity":"school","addr:province":null,"addr:housename":null,"short_name":null,"branch":null,"official_name":null,"layer":null,"mobile":null,"wikipedia":null,"wikidata":null,"website":null,"phone":null,"email":null,"natural":null,"landuse":null,"ref":null,"addr:subdistrict":null,"addr:district":null,"club":null,"religion":null,"grades":null,"opening_hours":null,"evacuation_center":null,"capacity:persons":null,"building:material":null,"building:floor":null,"building:condition":null,"backup_generator":null,"barrier":null,"sport":null,"leisure":null,"education":null,"type:id":null,"building:walls":null,"building:structure":null,"building:roof":null,"building:levels":null,"addr:postcode":null,"addr:housenumber":null,"addr:full":null,"access:roof":null,"nspn":null,"addr:city":null,"operator":null,"addr:street":null,"addr:state":null,"school:type_idn":null,"check_date":null,"wheelchair":null,"school:gender":null,"operator:type":null,"isced:level":null,"building":null,"type":null,"name":"Sekolah Karakter"},"geometry":{"type":"MultiPolygon","coordinates":[[[[106.895197,-6.4265305],[106.8959373,-6.4261467],[106.8959722,-6.4261814],[106.8956664,-6.4271516],[106.8955457,-6.4272315],[106.895197,-6.4265305]]]]}},
{"type":"Feature","properties":{"full_id":"w1040603470","osm_id":"1040603470","osm_type":"way","amenity":"school","addr:province":null,"addr:housename":null,"short_name":null,"branch":null,"official_name":null,"layer":null,"mobile":null,"wikipedia":null,"wikidata":null,"website":null,"phone":null,"email":null,"natural":null,"landuse":null,"ref":null,"addr:subdistrict":null,"addr:district":null,"club":null,"religion":"muslim","grades":null,"opening_hours":null,"evacuation_center":null,"capacity:persons":null,"building:material":null,"building:floor":null,"building:condition":null,"backup_generator":null,"barrier":null,"sport":null,"leisure":null,"education":null,"type:id":null,"building:walls":null,"building:structure":null,"building:roof":null,"building:levels":null,"addr:postcode":"16810","addr:housenumber":"GANG NANGKA RT 001/002","addr:full":null,"access:roof":null,"nspn":null,"addr:city":"Kabupaten BOGOR","operator":"BU ENCOH","addr:street":"GANG NANGKA KARANG ASEM TIMUR","addr:state":null,"school:type_idn":null,"check_date":null,"wheelchair":null,"school:gender":null,"operator:type":"school","isced:level":null,"building":null,"type":null,"name":"PAUD LAUNA MELATI"},"geometry":{"type":"MultiPolygon","coordinates":[[[[106.8818164,-6.4914865],[106.8818834,-6.4914854],[106.8818386,-6.4916006],[106.8818592,-6.4916099],[106.8818413,-6.4916543],[106.8817503,-6.4915944],[106.8818164,-6.4914865]]]]}},
{"type":"Feature","properties":{"full_id":"w1044661925","osm_id":"1044661925","osm_type":"way","amenity":"school","addr:province":null,"addr:housename":null,"short_name":null,"branch":null,"official_name":null,"layer":null,"mobile":null,"wikipedia":null,"wikidata":null,"website":null,"phone":null,"email":null,"natural":null,"landuse":null,"ref":null,"addr:subdistrict":null,"addr:district":null,"club":"scout","religion":null,"grades":null,"opening_hours":null,"evacuation_center":null,"capacity:persons":null,"building:material":null,"building:floor":null,"building:condition":null,"backup_generator":null,"barrier":null,"sport":null,"leisure":null,"education":null,"type:id":null,"building:walls":null,"building:structure":null,"building:roof":null,"building:levels":"2","addr:postcode":null,"addr:housenumber":null,"addr:full":null,"access:roof":null,"nspn":null,"addr:city":null,"operator":null,"addr:street":"Jalan Raya Puncak Cipayung","addr:state":null,"school:type_idn":"sd","check_date":null,"wheelchair":null,"school:gender":null,"operator:type":null,"isced:level":null,"building":"school","type":null,"name":"SD Negeri 06 Cipayung"},"geometry":{"type":"MultiPolygon","coordinates":[[[[106.8900818,-6.6511112],[106.8900566,-6.650957],[106.8901571,-6.6509409],[106.8901918,-6.6509353],[106.8902047,-6.6510141],[106.8901768,-6.6510186],[106.8901351,-6.6510253],[106.8901474,-6.6511007],[106.8900818,-6.6511112]]]]}},
{"type":"Feature","properties":{"full_id":"w1044661926","osm_id":"1044661926","osm_type":"way","amenity":"school","addr:province":null,"addr:housename":null,"short_name":null,"branch":null,"official_name":null,"layer":null,"mobile":null,"wikipedia":null,"wikidata":null,"website":null,"phone":null,"email":null,"natural":null,"landuse":null,"ref":null,"addr:subdistrict":null,"addr:district":null,"club":"scout","religion":null,"grades":null,"opening_hours":null,"evacuation_center":null,"capacity:persons":null,"building:material":null,"building:floor":null,"building:condition":null,"backup_generator":null,"barrier":null,"sport":null,"leisure":null,"education":null,"type:id":null,"building:walls":null,"building:structure":null,"building:roof":null,"building:levels":"1","addr:postcode":null,"addr:housenumber":null,"addr:full":null,"access:roof":null,"nspn":null,"addr:city":null,"operator":null,"addr:street":"Jalan Raya Puncak","addr:state":null,"school:type_idn":"sd","check_date":null,"wheelchair":null,"school:gender":null,"operator:type":null,"isced:level":null,"building":"school","type":null,"name":"SD Negeri 01 Cipayung"},"geometry":{"type":"MultiPolygon","coordinates":[[[[106.8903946,-6.6508771],[106.8903691,-6.6508829],[106.8904044,-6.651036],[106.8902797,-6.6510643],[106.8902559,-6.650961],[106.8902879,-6.6509538],[106.8902763,-6.6509036],[106.8902418,-6.6509115],[106.8902226,-6.6508281],[106.8903754,-6.6507934],[106.8903946,-6.6508771]]]]}},
{"type":"Feature","properties":{"full_id":"w1046427162","osm_id":"1046427162","osm_type":"way","amenity":"school","addr:province":null,"addr:housename":null,"short_name":null,"branch":null,"official_name":null,"layer":null,"mobile":null,"wikipedia":null,"wikidata":null,"website":null,"phone":null,"email":null,"natural":null,"landuse":null,"ref":null,"addr:subdistrict":null,"addr:district":null,"club":null,"religion":"muslim","grades":null,"opening_hours":null,"evacuation_center":null,"capacity:persons":null,"building:material":null,"building:floor":null,"building:condition":null,"backup_generator":null,"barrier":null,"sport":null,"leisure":null,"education":null,"type:id":null,"building:walls":null,"building:structure":null,"building:roof":null,"building:levels":null,"addr:postcode":null,"addr:housenumber":null,"addr:full":null,"access:roof":null,"nspn":null,"addr:city":"Bogor","operator":null,"addr:street":null,"addr:state":null,"school:type_idn":null,"check_date":null,"wheelchair":null,"school:gender":null,"operator:type":null,"isced:level":null,"building":null,"type":null,"name":"Pesantren Thoyyibah Putra"},"geometry":{"type":"MultiPolygon","coordinates":[[[[106.7347902,-6.5535475],[106.7348404,-6.5532561],[106.7350321,-6.5529801],[106.7352109,-6.5529916],[106.7353936,-6.5531437],[106.7352778,-6.553591],[106.7351492,-6.5536728],[106.7350385,-6.5536253],[106.7347902,-6.5535475]]]]}},
{"type":"Feature","properties":{"full_id":"w1046999588","osm_id":"1046999588","osm_type":"way","amenity":"school","addr:province":null,"addr:housename":null,"short_name":null,"branch":null,"official_name":null,"layer":null,"mobile":null,"wikipedia":null,"wikidata":null,"website":null,"phone":null,"email":null,"natural":null,"landuse":null,"ref":null,"addr:subdistrict":null,"addr:district":null,"club":"scout","religion":null,"grades":null,"opening_hours":null,"evacuation_center":null,"capacity:persons":null,"building:material":null,"building:floor":null,"building:condition":null,"backup_generator":null,"barrier":null,"sport":null,"leisure":null,"education":null,"type:id":null,"building:walls":null,"building:structure":null,"building:roof":null,"building:levels":"1","addr:postcode":null,"addr:housenumber":null,"addr:full":null,"access:roof":null,"nspn":null,"addr:city":null,"operator":null,"addr:street":"Jalan Cijulang Kampung Kramat Rt 05 Rw 04 Desa Cipayung Girang Kabupaten Bogor 16770","addr:state":null,"school:type_idn":"sd","check_date":null,"wheelchair":null,"school:gender":null,"operator:type":null,"isced:level":null,"building":"school","type":null,"name":"SDN CIPAYUNG GIRANG 02"},"geometry":{"type":"MultiPolygon","coordinates":[[[[106.8961767,-6.6544836],[106.8964387,-6.6544344],[106.8964582,-6.6545369],[106.8962488,-6.6545762],[106.8962653,-6.6546629],[106.8962127,-6.6546728],[106.8961767,-6.6544836]]]]}},
{"type":"Feature","properties":{"full_id":"w1047000464","osm_id":"1047000464","osm_type":"way","amenity":"school","addr:province":null,"addr:housename":null,"short_name":null,"branch":null,"official_name":null,"layer":null,"mobile":null,"wikipedia":null,"wikidata":null,"website":null,"phone":null,"email":null,"natural":null,"landuse":null,"ref":null,"addr:subdistrict":null,"addr:district":null,"club":"scout","religion":null,"grades":null,"opening_hours":null,"evacuation_center":null,"capacity:persons":null,"building:material":null,"building:floor":null,"building:condition":null,"backup_generator":null,"barrier":null,"sport":null,"leisure":null,"education":null,"type:id":null,"building:walls":null,"building:structure":null,"building:roof":null,"building:levels":"1","addr:postcode":null,"addr:housenumber":null,"addr:full":null,"access:roof":null,"nspn":null,"addr:city":null,"operator":null,"addr:street":"Jalan Cijulang Kampung Kramat Rt 05 Rw 04 Desa Cipayung Girang Kabupaten Bogor 16770","addr:state":null,"school:type_idn":"sd","check_date":null,"wheelchair":null,"school:gender":null,"operator:type":null,"isced:level":null,"building":"school","type":null,"name":"SDN CIPAYUNG GIRANG 03"},"geometry":{"type":"MultiPolygon","coordinates":[[[[106.896443,-6.654563],[106.8964955,-6.6546397],[106.8963439,-6.6547419],[106.8963583,-6.6547629],[106.8962366,-6.654845],[106.8961698,-6.6547472],[106.896443,-6.654563]]]]}},
{"type":"Feature","properties":{"full_id":"w1047007116","osm_id":"1047007116","osm_type":"way","amenity":"school","addr:province":null,"addr:housename":null,"short_name":null,"branch":null,"official_name":null,"layer":null,"mobile":null,"wikipedia":null,"wikidata":null,"website":null,"phone":null,"email":null,"natural":null,"landuse":null,"ref":null,"addr:subdistrict":null,"addr:district":null,"club":"scout","religion":null,"grades":null,"opening_hours":null,"evacuation_center":null,"capacity:persons":null,"building:material":null,"building:floor":null,"building:condition":null,"backup_generator":null,"barrier":null,"sport":null,"leisure":null,"education":null,"type:id":null,"building:walls":null,"building:structure":null,"building:roof":null,"building:levels":"2","addr:postcode":null,"addr:housenumber":null,"addr:full":null,"access:roof":null,"nspn":null,"addr:city":null,"operator":null,"addr:street":"Jalan Raya Puncak Cipayung Kecamatan Megamendung Kabupaten Bogor","addr:state":null,"school:type_idn":"pesantren","check_date":null,"wheelchair":null,"school:gender":null,"operator:type":null,"isced:level":null,"building":"school","type":null,"name":"AL FAUZI"},"geometry":{"type":"MultiPolygon","coordinates":[[[[106.9015276,-6.6518822],[106.9016244,-6.6518421],[106.9017928,-6.6520436],[106.9017435,-6.6521172],[106.9015813,-6.6520099],[106.9015276,-6.6518822]]]]}},
{"type":"Feature","properties":{"full_id":"w1047063803","osm_id":"1047063803","osm_type":"way","amenity":"school","addr:province":null,"addr:housename":null,"short_name":null,"branch":null,"official_name":null,"layer":null,"mobile":null,"wikipedia":null,"wikidata":null,"website":null,"phone":null,"email":null,"natural":null,"landuse":null,"ref":null,"addr:subdistrict":null,"addr:district":null,"club":null,"religion":"muslim","grades":null,"opening_hours":null,"evacuation_center":null,"capacity:persons":null,"building:material":null,"building:floor":null,"building:condition":null,"backup_generator":null,"barrier":null,"sport":null,"leisure":null,"education":null,"type:id":null,"building:walls":null,"building:structure":null,"building:roof":null,"building:levels":"1","addr:postcode":null,"addr:housenumber":null,"addr:full":null,"access:roof":null,"nspn":null,"addr:city":null,"operator":null,"addr:street":"Jalan Raya Puncak Gang Habib Umar Alathos RT 02 RW 02","addr:state":null,"school:type_idn":null,"check_date":null,"wheelchair":null,"school:gender":null,"operator:type":null,"isced:level":null,"building":"school","type":null,"name":"Madrasah Nurul Islam"},"geometry":{"type":"MultiPolygon","coordinates":[[[[106.8919441,-6.6531614],[106.8919325,-6.6531775],[106.8919165,-6.6531893],[106.8918954,-6.6531959],[106.8918732,-6.6531949],[106.8918528,-6.6531865],[106.8918364,-6.6531717],[106.8918262,-6.6531521],[106.8918233,-6.6531303],[106.8918281,-6.6531089],[106.89184,-6.6530903],[106.8918576,-6.6530769],[106.8918765,-6.6530706],[106.8918965,-6.6530704],[106.8919155,-6.6530764],[106.8919318,-6.6530879],[106.8919436,-6.6531039],[106.89195,-6.6531226],[106.8919501,-6.6531425],[106.8919441,-6.6531614]]]]}},
{"type":"Feature","properties":{"full_id":"w1047068003","osm_id":"1047068003","osm_type":"way","amenity":"school","addr:province":null,"addr:housename":null,"short_name":null,"branch":null,"official_name":null,"layer":null,"mobile":null,"wikipedia":null,"wikidata":null,"website":null,"phone":null,"email":null,"natural":null,"landuse":null,"ref":null,"addr:subdistrict":null,"addr:district":null,"club":"scout","religion":null,"grades":null,"opening_hours":null,"evacuation_center":null,"capacity:persons":null,"building:material":null,"building:floor":null,"building:condition":null,"backup_generator":null,"barrier":null,"sport":null,"leisure":null,"education":null,"type:id":null,"building:walls":null,"building:structure":null,"building:roof":null,"building:levels":"2","addr:postcode":null,"addr:housenumber":null,"addr:full":null,"access:roof":null,"nspn":null,"addr:city":null,"operator":null,"addr:street":"Jalan Raya Puncak Gadog Cipayung No.286","addr:state":null,"school:type_idn":"sd smp","check_date":null,"wheelchair":null,"school:gender":null,"operator:type":null,"isced:level":null,"building":"school","type":null,"name":"Yayasan Kuntum Melati"},"geometry":{"type":"MultiPolygon","coordinates":[[[[106.9038424,-6.651189],[106.9039954,-6.6512389],[106.9040375,-6.6511117],[106.9041454,-6.6511469],[106.9040773,-6.6513532],[106.9038162,-6.6512681],[106.9038424,-6.651189]]]]}},
{"type":"Feature","properties":{"full_id":"w1049234811","osm_id":"1049234811","osm_type":"way","amenity":"school","addr:province":null,"addr:housename":null,"short_name":null,"branch":null,"official_name":null,"layer":null,"mobile":null,"wikipedia":null,"wikidata":null,"website":null,"phone":null,"email":null,"natural":null,"landuse":null,"ref":null,"addr:subdistrict":null,"addr:district":null,"club":null,"religion":null,"grades":null,"opening_hours":null,"evacuation_center":null,"capacity:persons":null,"building:material":null,"building:floor":null,"building:condition":null,"backup_generator":null,"barrier":null,"sport":null,"leisure":null,"education":null,"type:id":null,"building:walls":null,"building:structure":null,"building:roof":null,"building:levels":null,"addr:postcode":null,"addr:housenumber":null,"addr:full":null,"access:roof":null,"nspn":null,"addr:city":null,"operator":null,"addr:street":null,"addr:state":null,"school:type_idn":null,"check_date":null,"wheelchair":null,"school:gender":null,"operator:type":null,"isced:level":null,"building":"yes","type":null,"name":"SMP Negeri 1 Cibinong"},"geometry":{"type":"MultiPolygon","coordinates":[[[[106.8614133,-6.4700446],[106.8614604,-6.4699576],[106.8615849,-6.4700242],[106.86156,-6.47007],[106.8615431,-6.4701076],[106.8614133,-6.4700446]]]]}},
{"type":"Feature","properties":{"full_id":"w1049360071","osm_id":"1049360071","osm_type":"way","amenity":"school","addr:province":null,"addr:housename":null,"short_name":null,"branch":null,"official_name":null,"layer":null,"mobile":null,"wikipedia":null,"wikidata":null,"website":null,"phone":null,"email":null,"natural":null,"landuse":null,"ref":"70015354","addr:subdistrict":"Tajur","addr:district":"Citeureup","club":null,"religion":null,"grades":null,"opening_hours":null,"evacuation_center":null,"capacity:persons":null,"building:material":null,"building:floor":null,"building:condition":null,"backup_generator":null,"barrier":null,"sport":null,"leisure":null,"education":"school","type:id":null,"building:walls":null,"building:structure":null,"building:roof":null,"building:levels":null,"addr:postcode":null,"addr:housenumber":null,"addr:full":null,"access:roof":null,"nspn":null,"addr:city":"Bogor","operator":"Swasta","addr:street":null,"addr:state":null,"school:type_idn":null,"check_date":null,"wheelchair":null,"school:gender":null,"operator:type":null,"isced:level":null,"building":null,"type":null,"name":"SMP Islam Al Hikmah"},"geometry":{"type":"MultiPolygon","coordinates":[[[[106.9280243,-6.5277555],[106.9283261,-6.5277954],[106.9283019,-6.5281432],[106.9282389,-6.5281365],[106.9282322,-6.5281978],[106.9279895,-6.5281392],[106.9280243,-6.5277555]]]]}},
{"type":"Feature","properties":{"full_id":"w1049597933","osm_id":"1049597933","osm_type":"way","amenity":"school","addr:province":null,"addr:housename":null,"short_name":null,"branch":null,"official_name":null,"layer":null,"mobile":null,"wikipedia":null,"wikidata":null,"website":null,"phone":null,"email":null,"natural":null,"landuse":null,"ref":null,"addr:subdistrict":null,"addr:district":null,"club":null,"religion":null,"grades":null,"opening_hours":null,"evacuation_center":null,"capacity:persons":null,"building:material":null,"building:floor":null,"building:condition":null,"backup_generator":null,"barrier":null,"sport":null,"leisure":null,"education":null,"type:id":null,"building:walls":null,"building:structure":null,"building:roof":null,"building:levels":null,"addr:postcode":null,"addr:housenumber":null,"addr:full":null,"access:roof":null,"nspn":null,"addr:city":null,"operator":null,"addr:street":null,"addr:state":null,"school:type_idn":null,"check_date":null,"wheelchair":null,"school:gender":null,"operator:type":null,"isced:level":null,"building":"yes","type":null,"name":"SMP Islam Karya Mukti"},"geometry":{"type":"MultiPolygon","coordinates":[[[[106.8711139,-6.485397],[106.8711673,-6.4853165],[106.8713974,-6.4854672],[106.871344,-6.4855478],[106.8711139,-6.485397]]]]}},
{"type":"Feature","properties":{"full_id":"w1049838249","osm_id":"1049838249","osm_type":"way","amenity":"school","addr:province":null,"addr:housename":null,"short_name":null,"branch":null,"official_name":null,"layer":null,"mobile":null,"wikipedia":null,"wikidata":null,"website":null,"phone":null,"email":null,"natural":null,"landuse":null,"ref":null,"addr:subdistrict":null,"addr:district":null,"club":null,"religion":null,"grades":null,"opening_hours":null,"evacuation_center":null,"capacity:persons":null,"building:material":null,"building:floor":null,"building:condition":null,"backup_generator":null,"barrier":null,"sport":null,"leisure":null,"education":null,"type:id":null,"building:walls":null,"building:structure":null,"building:roof":null,"building:levels":null,"addr:postcode":null,"addr:housenumber":null,"addr:full":null,"access:roof":null,"nspn":null,"addr:city":null,"operator":null,"addr:street":null,"addr:state":null,"school:type_idn":null,"check_date":null,"wheelchair":null,"school:gender":null,"operator:type":null,"isced:level":null,"building":"yes","type":null,"name":"SMPIT Al Madinah"},"geometry":{"type":"MultiPolygon","coordinates":[[[[106.8058285,-6.5095475],[106.8060994,-6.5095595],[106.8060709,-6.5099586],[106.8058295,-6.5099576],[106.805832,-6.5098735],[106.8059613,-6.5098654],[106.8059748,-6.5096508],[106.8058567,-6.5096441],[106.8058406,-6.509867],[106.8058208,-6.5098707],[106.8058191,-6.5099556],[106.8057313,-6.5099501],[106.8057521,-6.5096055],[106.8058272,-6.5096115],[106.8058285,-6.5095475]]]]}},
{"type":"Feature","properties":{"full_id":"w1049838255","osm_id":"1049838255","osm_type":"way","amenity":"school","addr:province":null,"addr:housename":null,"short_name":null,"branch":null,"official_name":null,"layer":null,"mobile":null,"wikipedia":null,"wikidata":null,"website":null,"phone":null,"email":null,"natural":null,"landuse":null,"ref":null,"addr:subdistrict":null,"addr:district":null,"club":null,"religion":null,"grades":null,"opening_hours":null,"evacuation_center":null,"capacity:persons":null,"building:material":null,"building:floor":null,"building:condition":null,"backup_generator":null,"barrier":null,"sport":null,"leisure":null,"education":null,"type:id":null,"building:walls":null,"building:structure":null,"building:roof":null,"building:levels":null,"addr:postcode":null,"addr:housenumber":null,"addr:full":null,"access:roof":null,"nspn":null,"addr:city":null,"operator":null,"addr:street":null,"addr:state":null,"school:type_idn":null,"check_date":null,"wheelchair":null,"school:gender":null,"operator:type":null,"isced:level":null,"building":"yes","type":null,"name":"TKI - SDI - SMP IT Anugerah Insani"},"geometry":{"type":"MultiPolygon","coordinates":[[[[106.8046805,-6.5084542],[106.8046837,-6.5082756],[106.8049921,-6.5082809],[106.804989,-6.5084596],[106.8046805,-6.5084542]]]]}},
{"type":"Feature","properties":{"full_id":"w1049849695","osm_id":"1049849695","osm_type":"way","amenity":"school","addr:province":null,"addr:housename":null,"short_name":null,"branch":null,"official_name":null,"layer":null,"mobile":null,"wikipedia":null,"wikidata":null,"website":null,"phone":null,"email":null,"natural":null,"landuse":null,"ref":null,"addr:subdistrict":null,"addr:district":null,"club":null,"religion":null,"grades":null,"opening_hours":null,"evacuation_center":null,"capacity:persons":null,"building:material":null,"building:floor":null,"building:condition":null,"backup_generator":null,"barrier":null,"sport":null,"leisure":null,"education":null,"type:id":null,"building:walls":null,"building:structure":null,"building:roof":null,"building:levels":null,"addr:postcode":null,"addr:housenumber":null,"addr:full":null,"access:roof":null,"nspn":null,"addr:city":null,"operator":null,"addr:street":null,"addr:state":null,"school:type_idn":null,"check_date":null,"wheelchair":null,"school:gender":null,"operator:type":null,"isced:level":null,"building":"yes","type":null,"name":"SMP PGRI Suryakencana"},"geometry":{"type":"MultiPolygon","coordinates":[[[[106.9596098,-6.399126],[106.9594207,-6.3991373],[106.9594194,-6.3990681],[106.9594589,-6.3990654],[106.9594529,-6.3989254],[106.9595515,-6.3989195],[106.9595598,-6.3990558],[106.9596054,-6.399053],[106.9596098,-6.399126]]]]}},
{"type":"Feature","properties":{"full_id":"w1050270423","osm_id":"1050270423","osm_type":"way","amenity":"school","addr:province":null,"addr:housename":null,"short_name":null,"branch":null,"official_name":null,"layer":null,"mobile":null,"wikipedia":null,"wikidata":null,"website":null,"phone":null,"email":null,"natural":null,"landuse":null,"ref":null,"addr:subdistrict":null,"addr:district":null,"club":null,"religion":null,"grades":null,"opening_hours":null,"evacuation_center":null,"capacity:persons":null,"building:material":null,"building:floor":null,"building:condition":null,"backup_generator":null,"barrier":null,"sport":null,"leisure":null,"education":null,"type:id":null,"building:walls":null,"building:structure":null,"building:roof":null,"building:levels":null,"addr:postcode":null,"addr:housenumber":null,"addr:full":null,"access:roof":null,"nspn":null,"addr:city":null,"operator":null,"addr:street":null,"addr:state":null,"school:type_idn":null,"check_date":null,"wheelchair":null,"school:gender":null,"operator:type":null,"isced:level":null,"building":null,"type":null,"name":"yayasan as sa'adah"},"geometry":{"type":"MultiPolygon","coordinates":[[[[106.8891623,-6.6543142],[106.8892597,-6.6542839],[106.8892826,-6.6543938],[106.8891872,-6.6544317],[106.8891623,-6.6543142]]]]}},
{"type":"Feature","properties":{"full_id":"w1050557732","osm_id":"1050557732","osm_type":"way","amenity":"school","addr:province":null,"addr:housename":null,"short_name":null,"branch":null,"official_name":null,"layer":null,"mobile":null,"wikipedia":null,"wikidata":null,"website":null,"phone":null,"email":null,"natural":"scrub","landuse":"religious","ref":null,"addr:subdistrict":null,"addr:district":null,"club":null,"religion":"muslim","grades":null,"opening_hours":null,"evacuation_center":null,"capacity:persons":null,"building:material":null,"building:floor":null,"building:condition":null,"backup_generator":null,"barrier":null,"sport":null,"leisure":null,"education":null,"type:id":null,"building:walls":null,"building:structure":null,"building:roof":null,"building:levels":null,"addr:postcode":null,"addr:housenumber":null,"addr:full":null,"access:roof":null,"nspn":null,"addr:city":null,"operator":null,"addr:street":null,"addr:state":null,"school:type_idn":null,"check_date":null,"wheelchair":null,"school:gender":null,"operator:type":null,"isced:level":null,"building":null,"type":null,"name":"Pesantren Al-Zikra"},"geometry":{"type":"MultiPolygon","coordinates":[[[[106.6681287,-6.4124089],[106.6676083,-6.41138],[106.667265,-6.41138],[106.6670504,-6.4108683],[106.6666749,-6.4105484],[106.6665247,-6.4103405],[106.6664711,-6.4096795],[106.6702798,-6.4096422],[106.6710989,-6.4097325],[106.6714357,-6.4098775],[106.6715297,-6.4101912],[106.6716048,-6.4103192],[106.6716102,-6.4106923],[106.6715565,-6.410799],[106.6709618,-6.41085],[106.6709609,-6.4111019],[106.6710063,-6.4115313],[106.6710753,-6.411613],[106.6709933,-6.4117745],[106.6708592,-6.4118705],[106.6706392,-6.4118811],[106.6703174,-6.4118811],[106.6700062,-6.4119451],[106.6697058,-6.4121103],[106.6691357,-6.4122182],[106.6681287,-6.4124089]]]]}},
{"type":"Feature","properties":{"full_id":"w1050557740","osm_id":"1050557740","osm_type":"way","amenity":"school","addr:province":null,"addr:housename":null,"short_name":null,"branch":null,"official_name":null,"layer":null,"mobile":null,"wikipedia":null,"wikidata":null,"website":null,"phone":null,"email":null,"natural":null,"landuse":null,"ref":null,"addr:subdistrict":null,"addr:district":null,"club":null,"religion":null,"grades":null,"opening_hours":null,"evacuation_center":null,"capacity:persons":null,"building:material":null,"building:floor":null,"building:condition":null,"backup_generator":null,"barrier":null,"sport":null,"leisure":null,"education":null,"type:id":null,"building:walls":null,"building:structure":null,"building:roof":null,"building:levels":null,"addr:postcode":null,"addr:housenumber":null,"addr:full":null,"access:roof":null,"nspn":null,"addr:city":null,"operator":null,"addr:street":null,"addr:state":null,"school:type_idn":null,"check_date":null,"wheelchair":null,"school:gender":null,"operator:type":null,"isced:level":null,"building":null,"type":null,"name":"Darul Qur'an Mulia 2 Putra"},"geometry":{"type":"MultiPolygon","coordinates":[[[[106.6768786,-6.3723863],[106.6768585,-6.3724183],[106.6768183,-6.372453],[106.676373,-6.3725009],[106.6762912,-6.3724756],[106.675724,-6.3725103],[106.6756126,-6.3720372],[106.6755912,-6.3716773],[106.6757521,-6.3715546],[106.6757897,-6.3706137],[106.6758567,-6.3705417],[106.6760123,-6.3705337],[106.6763958,-6.3703711],[106.6763636,-6.3702498],[106.6764387,-6.3702351],[106.6765326,-6.3703498],[106.6766158,-6.3704031],[106.6769806,-6.3704591],[106.6769832,-6.3707896],[106.6769564,-6.3709362],[106.6768169,-6.3711095],[106.6767552,-6.3712534],[106.6767124,-6.3716719],[106.6766587,-6.3719038],[106.6766632,-6.3721033],[106.6768786,-6.3723863]]]]}},
{"type":"Feature","properties":{"full_id":"w1054114671","osm_id":"1054114671","osm_type":"way","amenity":"school","addr:province":null,"addr:housename":null,"short_name":null,"branch":null,"official_name":null,"layer":null,"mobile":null,"wikipedia":null,"wikidata":null,"website":"http://www.sdncipayungsatu.blogspot.com","phone":"+62 21 8763378","email":"013.sdncipayung01@gmail.com","natural":null,"landuse":null,"ref":null,"addr:subdistrict":null,"addr:district":null,"club":null,"religion":null,"grades":null,"opening_hours":"Mo-Sa 07:00-17:00","evacuation_center":null,"capacity:persons":null,"building:material":null,"building:floor":null,"building:condition":null,"backup_generator":null,"barrier":null,"sport":null,"leisure":null,"education":null,"type:id":null,"building:walls":null,"building:structure":null,"building:roof":null,"building:levels":null,"addr:postcode":null,"addr:housenumber":null,"addr:full":null,"access:roof":null,"nspn":null,"addr:city":null,"operator":null,"addr:street":"Jalan Bina Citra","addr:state":null,"school:type_idn":null,"check_date":null,"wheelchair":null,"school:gender":null,"operator:type":null,"isced:level":null,"building":null,"type":null,"name":"SD Negeri 01 Cipayung"},"geometry":{"type":"MultiPolygon","coordinates":[[[[106.8308943,-6.476071],[106.8310212,-6.4760891],[106.8310118,-6.4761837],[106.831103,-6.476237],[106.8310493,-6.4764049],[106.8309353,-6.4766274],[106.8305947,-6.4765488],[106.8304673,-6.4764648],[106.8304941,-6.4764155],[106.8302514,-6.4762876],[106.8304579,-6.4758905],[106.8307422,-6.4760444],[106.8308943,-6.476071]]]]}},
{"type":"Feature","properties":{"full_id":"w1071652459","osm_id":"1071652459","osm_type":"way","amenity":null,"addr:province":null,"addr:housename":null,"short_name":null,"branch":null,"official_name":null,"layer":null,"mobile":null,"wikipedia":null,"wikidata":null,"website":null,"phone":null,"email":null,"natural":null,"landuse":null,"ref":null,"addr:subdistrict":null,"addr:district":null,"club":null,"religion":null,"grades":null,"opening_hours":null,"evacuation_center":null,"capacity:persons":null,"building:material":null,"building:floor":null,"building:condition":null,"backup_generator":null,"barrier":null,"sport":null,"leisure":null,"education":null,"type:id":null,"building:walls":null,"building:structure":null,"building:roof":null,"building:levels":null,"addr:postcode":null,"addr:housenumber":null,"addr:full":null,"access:roof":null,"nspn":null,"addr:city":null,"operator":null,"addr:street":null,"addr:state":null,"school:type_idn":null,"check_date":null,"wheelchair":null,"school:gender":null,"operator:type":null,"isced:level":null,"building":"yes","type":null,"name":null},"geometry":{"type":"MultiPolygon","coordinates":[[[[106.7488568,-6.6054182],[106.7487744,-6.6053665],[106.7488682,-6.6052187],[106.748956,-6.6052736],[106.748918,-6.6053335],[106.7491364,-6.6054703],[106.749077,-6.6055639],[106.7488533,-6.6054238],[106.7488568,-6.6054182]]]]}},
{"type":"Feature","properties":{"full_id":"w1071957165","osm_id":"1071957165","osm_type":"way","amenity":"school","addr:province":null,"addr:housename":null,"short_name":null,"branch":null,"official_name":null,"layer":null,"mobile":null,"wikipedia":null,"wikidata":null,"website":null,"phone":null,"email":null,"natural":null,"landuse":null,"ref":null,"addr:subdistrict":null,"addr:district":null,"club":null,"religion":null,"grades":null,"opening_hours":null,"evacuation_center":null,"capacity:persons":null,"building:material":null,"building:floor":null,"building:condition":null,"backup_generator":null,"barrier":null,"sport":null,"leisure":null,"education":null,"type:id":null,"building:walls":null,"building:structure":null,"building:roof":null,"building:levels":null,"addr:postcode":null,"addr:housenumber":null,"addr:full":null,"access:roof":null,"nspn":null,"addr:city":null,"operator":null,"addr:street":null,"addr:state":null,"school:type_idn":null,"check_date":null,"wheelchair":null,"school:gender":null,"operator:type":null,"isced:level":null,"building":"yes","type":null,"name":"SD Negeri 01 Laladon"},"geometry":{"type":"MultiPolygon","coordinates":[[[[106.752778,-6.5892583],[106.752853,-6.5892565],[106.7528523,-6.5892273],[106.7530981,-6.5892211],[106.7531012,-6.5893423],[106.7528748,-6.589348],[106.7528787,-6.5895052],[106.7527843,-6.5895076],[106.752778,-6.5892583]]]]}},
{"type":"Feature","properties":{"full_id":"w1072526778","osm_id":"1072526778","osm_type":"way","amenity":"school","addr:province":null,"addr:housename":null,"short_name":null,"branch":null,"official_name":null,"layer":null,"mobile":null,"wikipedia":null,"wikidata":null,"website":null,"phone":null,"email":null,"natural":null,"landuse":null,"ref":null,"addr:subdistrict":null,"addr:district":null,"club":null,"religion":null,"grades":null,"opening_hours":null,"evacuation_center":null,"capacity:persons":null,"building:material":null,"building:floor":null,"building:condition":null,"backup_generator":null,"barrier":null,"sport":null,"leisure":null,"education":null,"type:id":null,"building:walls":null,"building:structure":null,"building:roof":null,"building:levels":null,"addr:postcode":null,"addr:housenumber":null,"addr:full":null,"access:roof":null,"nspn":null,"addr:city":null,"operator":null,"addr:street":null,"addr:state":null,"school:type_idn":null,"check_date":null,"wheelchair":null,"school:gender":null,"operator:type":null,"isced:level":null,"building":"yes","type":null,"name":"SD Arofah"},"geometry":{"type":"MultiPolygon","coordinates":[[[[106.7577552,-6.6027439],[106.7579408,-6.6026971],[106.7579942,-6.6026837],[106.7580169,-6.6027724],[106.7579632,-6.6027859],[106.7579633,-6.6027862],[106.7579464,-6.6027905],[106.7579003,-6.6028021],[106.7579002,-6.6028017],[106.7577779,-6.6028326],[106.7577552,-6.6027439]]]]}},
{"type":"Feature","properties":{"full_id":"w1072528614","osm_id":"1072528614","osm_type":"way","amenity":"school","addr:province":null,"addr:housename":null,"short_name":null,"branch":null,"official_name":null,"layer":null,"mobile":null,"wikipedia":null,"wikidata":null,"website":null,"phone":null,"email":null,"natural":null,"landuse":null,"ref":null,"addr:subdistrict":null,"addr:district":null,"club":null,"religion":null,"grades":null,"opening_hours":null,"evacuation_center":null,"capacity:persons":null,"building:material":null,"building:floor":null,"building:condition":null,"backup_generator":null,"barrier":null,"sport":null,"leisure":null,"education":null,"type:id":null,"building:walls":null,"building:structure":null,"building:roof":null,"building:levels":null,"addr:postcode":null,"addr:housenumber":null,"addr:full":null,"access:roof":null,"nspn":null,"addr:city":null,"operator":null,"addr:street":null,"addr:state":null,"school:type_idn":null,"check_date":null,"wheelchair":null,"school:gender":null,"operator:type":null,"isced:level":null,"building":"yes","type":null,"name":"MIS Manbaul Ulum"},"geometry":{"type":"MultiPolygon","coordinates":[[[[106.6916177,-6.5459442],[106.6916294,-6.5459256],[106.6916141,-6.5459161],[106.6916804,-6.5458111],[106.6918044,-6.5458883],[106.691762,-6.5459555],[106.6918795,-6.5460286],[106.6918439,-6.546085],[106.6917119,-6.5460029],[106.6916597,-6.5460857],[106.6915945,-6.546045],[106.6916467,-6.5459623],[106.6916177,-6.5459442]]]]}},
{"type":"Feature","properties":{"full_id":"w1072528616","osm_id":"1072528616","osm_type":"way","amenity":"school","addr:province":null,"addr:housename":null,"short_name":null,"branch":null,"official_name":null,"layer":null,"mobile":null,"wikipedia":null,"wikidata":null,"website":null,"phone":null,"email":null,"natural":null,"landuse":null,"ref":null,"addr:subdistrict":null,"addr:district":null,"club":null,"religion":null,"grades":null,"opening_hours":null,"evacuation_center":null,"capacity:persons":null,"building:material":null,"building:floor":null,"building:condition":null,"backup_generator":null,"barrier":null,"sport":null,"leisure":null,"education":null,"type:id":null,"building:walls":null,"building:structure":null,"building:roof":null,"building:levels":null,"addr:postcode":null,"addr:housenumber":null,"addr:full":null,"access:roof":null,"nspn":null,"addr:city":null,"operator":null,"addr:street":null,"addr:state":null,"school:type_idn":null,"check_date":null,"wheelchair":null,"school:gender":null,"operator:type":null,"isced:level":null,"building":"yes","type":null,"name":"MTs Manbaul Ulum"},"geometry":{"type":"MultiPolygon","coordinates":[[[[106.6917347,-6.5458064],[106.6917803,-6.5457442],[106.6918684,-6.545808],[106.6919427,-6.5457067],[106.6920202,-6.5457628],[106.6919003,-6.5459263],[106.6917347,-6.5458064]]]]}},
{"type":"Feature","properties":{"full_id":"w1096453575","osm_id":"1096453575","osm_type":"way","amenity":"school","addr:province":null,"addr:housename":null,"short_name":null,"branch":null,"official_name":null,"layer":null,"mobile":null,"wikipedia":null,"wikidata":null,"website":null,"phone":null,"email":null,"natural":null,"landuse":null,"ref":null,"addr:subdistrict":null,"addr:district":null,"club":null,"religion":null,"grades":null,"opening_hours":null,"evacuation_center":null,"capacity:persons":null,"building:material":null,"building:floor":null,"building:condition":null,"backup_generator":null,"barrier":null,"sport":null,"leisure":null,"education":null,"type:id":null,"building:walls":null,"building:structure":null,"building:roof":null,"building:levels":null,"addr:postcode":null,"addr:housenumber":null,"addr:full":null,"access:roof":null,"nspn":null,"addr:city":null,"operator":null,"addr:street":null,"addr:state":null,"school:type_idn":null,"check_date":null,"wheelchair":null,"school:gender":null,"operator:type":null,"isced:level":null,"building":null,"type":null,"name":"SMPIT Insan Mandiri Greenville"},"geometry":{"type":"MultiPolygon","coordinates":[[[[107.005305,-6.3770002],[107.0054557,-6.3770004],[107.0055979,-6.377051],[107.0057816,-6.377059],[107.0060391,-6.3770617],[107.0061611,-6.377015],[107.006254,-6.3771487],[107.0058642,-6.3775299],[107.0057903,-6.3775804],[107.0055022,-6.3774717],[107.0053327,-6.3775651],[107.005305,-6.3770002]]]]}},
{"type":"Feature","properties":{"full_id":"w1109909968","osm_id":"1109909968","osm_type":"way","amenity":"school","addr:province":null,"addr:housename":null,"short_name":null,"branch":null,"official_name":null,"layer":null,"mobile":null,"wikipedia":null,"wikidata":null,"website":null,"phone":null,"email":null,"natural":null,"landuse":null,"ref":null,"addr:subdistrict":null,"addr:district":null,"club":null,"religion":null,"grades":"0-6","opening_hours":null,"evacuation_center":null,"capacity:persons":null,"building:material":null,"building:floor":null,"building:condition":null,"backup_generator":null,"barrier":null,"sport":null,"leisure":null,"education":null,"type:id":null,"building:walls":null,"building:structure":null,"building:roof":null,"building:levels":null,"addr:postcode":null,"addr:housenumber":null,"addr:full":null,"access:roof":null,"nspn":null,"addr:city":null,"operator":null,"addr:street":null,"addr:state":null,"school:type_idn":null,"check_date":null,"wheelchair":null,"school:gender":null,"operator:type":null,"isced:level":null,"building":null,"type":null,"name":"PAUD Wijaya Kusuma"},"geometry":{"type":"MultiPolygon","coordinates":[[[[106.8030006,-6.7380885],[106.8030966,-6.7381645],[106.8029257,-6.7383774],[106.8028461,-6.7383143],[106.8028937,-6.738255],[106.8028842,-6.7382335],[106.8030006,-6.7380885]]]]}},
{"type":"Feature","properties":{"full_id":"w1139132712","osm_id":"1139132712","osm_type":"way","amenity":"school","addr:province":null,"addr:housename":null,"short_name":null,"branch":null,"official_name":null,"layer":null,"mobile":null,"wikipedia":null,"wikidata":null,"website":"https://www.albayanibs.sch.id/","phone":null,"email":null,"natural":null,"landuse":null,"ref":null,"addr:subdistrict":null,"addr:district":null,"club":null,"religion":"muslim","grades":null,"opening_hours":null,"evacuation_center":null,"capacity:persons":null,"building:material":null,"building:floor":null,"building:condition":null,"backup_generator":null,"barrier":null,"sport":null,"leisure":null,"education":null,"type:id":null,"building:walls":null,"building:structure":null,"building:roof":null,"building:levels":null,"addr:postcode":null,"addr:housenumber":null,"addr:full":null,"access:roof":null,"nspn":null,"addr:city":null,"operator":null,"addr:street":null,"addr:state":null,"school:type_idn":null,"check_date":null,"wheelchair":null,"school:gender":null,"operator:type":null,"isced:level":null,"building":null,"type":null,"name":"Pondok Pesantren Modern Al-Bayan Islamic Boarding School"},"geometry":{"type":"MultiPolygon","coordinates":[[[[106.6065395,-6.3878999],[106.6069318,-6.3879161],[106.6069217,-6.388112],[106.6074339,-6.3881383],[106.6074055,-6.3889463],[106.6064928,-6.3889261],[106.6064358,-6.3887517],[106.6063018,-6.3887288],[106.606193,-6.3885065],[106.6062593,-6.3882398],[106.6064558,-6.3881509],[106.6065395,-6.3878999]]]]}},
{"type":"Feature","properties":{"full_id":"w1152672363","osm_id":"1152672363","osm_type":"way","amenity":"school","addr:province":null,"addr:housename":null,"short_name":null,"branch":null,"official_name":null,"layer":null,"mobile":null,"wikipedia":null,"wikidata":null,"website":null,"phone":null,"email":null,"natural":null,"landuse":null,"ref":null,"addr:subdistrict":null,"addr:district":null,"club":null,"religion":"muslim","grades":"A-B","opening_hours":null,"evacuation_center":null,"capacity:persons":null,"building:material":null,"building:floor":null,"building:condition":null,"backup_generator":null,"barrier":null,"sport":null,"leisure":null,"education":null,"type:id":null,"building:walls":null,"building:structure":null,"building:roof":null,"building:levels":null,"addr:postcode":null,"addr:housenumber":null,"addr:full":null,"access:roof":null,"nspn":null,"addr:city":null,"operator":null,"addr:street":null,"addr:state":null,"school:type_idn":null,"check_date":null,"wheelchair":null,"school:gender":null,"operator:type":null,"isced:level":null,"building":"yes","type":null,"name":"RA Ummu Nabila"},"geometry":{"type":"MultiPolygon","coordinates":[[[[106.9791512,-6.4108024],[106.9791981,-6.4108041],[106.9791914,-6.4109351],[106.9791484,-6.4109301],[106.9791512,-6.4108024]]]]}},
{"type":"Feature","properties":{"full_id":"w1154643835","osm_id":"1154643835","osm_type":"way","amenity":"school","addr:province":null,"addr:housename":null,"short_name":null,"branch":null,"official_name":null,"layer":null,"mobile":null,"wikipedia":null,"wikidata":null,"website":null,"phone":null,"email":null,"natural":null,"landuse":null,"ref":null,"addr:subdistrict":null,"addr:district":null,"club":null,"religion":null,"grades":null,"opening_hours":null,"evacuation_center":null,"capacity:persons":null,"building:material":null,"building:floor":null,"building:condition":null,"backup_generator":null,"barrier":null,"sport":null,"leisure":null,"education":null,"type:id":null,"building:walls":null,"building:structure":null,"building:roof":null,"building:levels":null,"addr:postcode":null,"addr:housenumber":null,"addr:full":null,"access:roof":null,"nspn":null,"addr:city":null,"operator":null,"addr:street":null,"addr:state":null,"school:type_idn":null,"check_date":null,"wheelchair":null,"school:gender":null,"operator:type":null,"isced:level":null,"building":null,"type":null,"name":"SDN Pabuaran 03"},"geometry":{"type":"MultiPolygon","coordinates":[[[[106.79639,-6.4635076],[106.7966206,-6.4635903],[106.7965616,-6.4636835],[106.7963632,-6.4636036],[106.79639,-6.4635076]]]]}},
{"type":"Feature","properties":{"full_id":"w1158360819","osm_id":"1158360819","osm_type":"way","amenity":"school","addr:province":null,"addr:housename":null,"short_name":null,"branch":null,"official_name":null,"layer":null,"mobile":null,"wikipedia":null,"wikidata":null,"website":null,"phone":null,"email":null,"natural":null,"landuse":null,"ref":null,"addr:subdistrict":null,"addr:district":null,"club":null,"religion":null,"grades":null,"opening_hours":null,"evacuation_center":null,"capacity:persons":null,"building:material":null,"building:floor":null,"building:condition":null,"backup_generator":null,"barrier":null,"sport":null,"leisure":null,"education":null,"type:id":null,"building:walls":null,"building:structure":null,"building:roof":null,"building:levels":null,"addr:postcode":null,"addr:housenumber":null,"addr:full":null,"access:roof":null,"nspn":null,"addr:city":null,"operator":null,"addr:street":null,"addr:state":null,"school:type_idn":null,"check_date":null,"wheelchair":null,"school:gender":null,"operator:type":null,"isced:level":null,"building":null,"type":null,"name":null},"geometry":{"type":"MultiPolygon","coordinates":[[[[106.5845045,-6.4693954],[106.5849159,-6.4692486],[106.5849957,-6.4694695],[106.5845844,-6.4696163],[106.5845045,-6.4693954]]]]}},
{"type":"Feature","properties":{"full_id":"w1210490479","osm_id":"1210490479","osm_type":"way","amenity":"school","addr:province":null,"addr:housename":null,"short_name":null,"branch":null,"official_name":null,"layer":null,"mobile":null,"wikipedia":"id:Badan Pendidikan Kristen PENABUR","wikidata":"Q16269859","website":"https://bpkpenabur.or.id/cities/cibubur","phone":null,"email":null,"natural":null,"landuse":null,"ref":null,"addr:subdistrict":null,"addr:district":null,"club":null,"religion":"christian","grades":"0-6, 7-9, 10-12","opening_hours":null,"evacuation_center":null,"capacity:persons":null,"building:material":null,"building:floor":null,"building:condition":null,"backup_generator":null,"barrier":null,"sport":null,"leisure":null,"education":null,"type:id":null,"building:walls":null,"building:structure":null,"building:roof":null,"building:levels":null,"addr:postcode":"16968","addr:housenumber":null,"addr:full":null,"access:roof":null,"nspn":null,"addr:city":"Kabupaten Bogor","operator":null,"addr:street":"Jalan Raya Kota Wisata","addr:state":null,"school:type_idn":null,"check_date":null,"wheelchair":null,"school:gender":null,"operator:type":null,"isced:level":null,"building":null,"type":null,"name":"BPK Penabur Kota Wisata"},"geometry":{"type":"MultiPolygon","coordinates":[[[[106.961627,-6.3492509],[106.961341,-6.349039],[106.9613014,-6.3489746],[106.9614244,-6.3487669],[106.9617392,-6.3486867],[106.9617815,-6.3483567],[106.9620375,-6.3483485],[106.9622145,-6.3484133],[106.9622517,-6.3483693],[106.9623379,-6.3483809],[106.9623771,-6.3482729],[106.9626872,-6.3484202],[106.9627074,-6.3483377],[106.9629091,-6.3483948],[106.9630086,-6.348423],[106.9629686,-6.3487423],[106.9629164,-6.3491581],[106.9629047,-6.349262],[106.9628949,-6.3493496],[106.9628182,-6.3500345],[106.9627552,-6.3501124],[106.961627,-6.3492509]]]]}},
{"type":"Feature","properties":{"full_id":"w1211473659","osm_id":"1211473659","osm_type":"way","amenity":"school","addr:province":null,"addr:housename":null,"short_name":null,"branch":null,"official_name":null,"layer":null,"mobile":"+6281311236222","wikipedia":null,"wikidata":null,"website":"https://sekolah-pilar-indonesia.sch.id/","phone":"+622184936222","email":null,"natural":null,"landuse":null,"ref":null,"addr:subdistrict":null,"addr:district":null,"club":null,"religion":null,"grades":"0-6, 7-9, 10-12","opening_hours":null,"evacuation_center":null,"capacity:persons":null,"building:material":null,"building:floor":null,"building:condition":null,"backup_generator":null,"barrier":null,"sport":null,"leisure":null,"education":null,"type:id":null,"building:walls":null,"building:structure":null,"building:roof":null,"building:levels":null,"addr:postcode":null,"addr:housenumber":"9","addr:full":null,"access:roof":null,"nspn":null,"addr:city":"Bogor","operator":null,"addr:street":"Jalan Dewa","addr:state":null,"school:type_idn":null,"check_date":null,"wheelchair":null,"school:gender":null,"operator:type":null,"isced:level":null,"building":null,"type":null,"name":"Sekolah Pilar Indonesia"},"geometry":{"type":"MultiPolygon","coordinates":[[[[106.9475867,-6.3710072],[106.9478945,-6.3711443],[106.9481658,-6.3712641],[106.9483862,-6.3713614],[106.9480229,-6.3721131],[106.9478457,-6.3720521],[106.947772,-6.3722614],[106.9476579,-6.3722195],[106.947621,-6.3723067],[106.9467927,-6.3719806],[106.9468892,-6.3715393],[106.947235,-6.3715934],[106.9474581,-6.3713849],[106.9475867,-6.3710072]]]]}},
{"type":"Feature","properties":{"full_id":"w1239552221","osm_id":"1239552221","osm_type":"way","amenity":"school","addr:province":null,"addr:housename":null,"short_name":null,"branch":null,"official_name":null,"layer":null,"mobile":null,"wikipedia":null,"wikidata":null,"website":null,"phone":"+62218233588","email":null,"natural":null,"landuse":null,"ref":null,"addr:subdistrict":null,"addr:district":null,"club":null,"religion":null,"grades":null,"opening_hours":null,"evacuation_center":null,"capacity:persons":null,"building:material":null,"building:floor":null,"building:condition":null,"backup_generator":null,"barrier":null,"sport":null,"leisure":null,"education":null,"type:id":null,"building:walls":null,"building:structure":null,"building:roof":null,"building:levels":null,"addr:postcode":null,"addr:housenumber":null,"addr:full":null,"access:roof":null,"nspn":null,"addr:city":null,"operator":null,"addr:street":null,"addr:state":null,"school:type_idn":null,"check_date":null,"wheelchair":null,"school:gender":null,"operator:type":null,"isced:level":null,"building":null,"type":null,"name":"Sekolah Kristen Ketapang III"},"geometry":{"type":"MultiPolygon","coordinates":[[[[106.9472374,-6.3997747],[106.9475511,-6.3994605],[106.9486278,-6.4006407],[106.9483343,-6.4011009],[106.9472595,-6.399947],[106.9472788,-6.3998845],[106.9472747,-6.3998211],[106.9472374,-6.3997747]]]]}},
{"type":"Feature","properties":{"full_id":"w1240254955","osm_id":"1240254955","osm_type":"way","amenity":"school","addr:province":null,"addr:housename":null,"short_name":null,"branch":null,"official_name":null,"layer":null,"mobile":null,"wikipedia":null,"wikidata":null,"website":null,"phone":null,"email":null,"natural":null,"landuse":null,"ref":null,"addr:subdistrict":null,"addr:district":null,"club":null,"religion":null,"grades":null,"opening_hours":null,"evacuation_center":null,"capacity:persons":null,"building:material":null,"building:floor":null,"building:condition":null,"backup_generator":null,"barrier":null,"sport":null,"leisure":null,"education":null,"type:id":null,"building:walls":null,"building:structure":null,"building:roof":null,"building:levels":null,"addr:postcode":"16310","addr:housenumber":null,"addr:full":null,"access:roof":null,"nspn":null,"addr:city":"Rancabungur, Bogor","operator":null,"addr:street":"Jl. Raya Cagak","addr:state":null,"school:type_idn":null,"check_date":null,"wheelchair":null,"school:gender":null,"operator:type":null,"isced:level":null,"building":null,"type":null,"name":"Sdn Rancabungur 01"},"geometry":{"type":"MultiPolygon","coordinates":[[[[106.7056348,-6.5370219],[106.7059098,-6.5371301],[106.7058676,-6.5372252],[106.7055944,-6.5371179],[106.7056348,-6.5370219]]]]}},
{"type":"Feature","properties":{"full_id":"w1268029261","osm_id":"1268029261","osm_type":"way","amenity":"school","addr:province":null,"addr:housename":null,"short_name":null,"branch":null,"official_name":null,"layer":null,"mobile":null,"wikipedia":null,"wikidata":null,"website":null,"phone":null,"email":null,"natural":null,"landuse":null,"ref":null,"addr:subdistrict":null,"addr:district":null,"club":null,"religion":null,"grades":null,"opening_hours":null,"evacuation_center":null,"capacity:persons":null,"building:material":null,"building:floor":null,"building:condition":null,"backup_generator":null,"barrier":null,"sport":null,"leisure":null,"education":null,"type:id":null,"building:walls":null,"building:structure":null,"building:roof":null,"building:levels":null,"addr:postcode":null,"addr:housenumber":null,"addr:full":null,"access:roof":null,"nspn":null,"addr:city":null,"operator":null,"addr:street":null,"addr:state":null,"school:type_idn":null,"check_date":null,"wheelchair":null,"school:gender":null,"operator:type":null,"isced:level":null,"building":null,"type":null,"name":"SMAN 2 Gunung Putri"},"geometry":{"type":"MultiPolygon","coordinates":[[[[106.9578668,-6.3640961],[106.9576603,-6.3643574],[106.9569683,-6.3647572],[106.9567481,-6.3643041],[106.956625,-6.3640508],[106.9568342,-6.3637522],[106.9574533,-6.3639419],[106.9578668,-6.3640961]]]]}},
{"type":"Feature","properties":{"full_id":"w1268543296","osm_id":"1268543296","osm_type":"way","amenity":"school","addr:province":null,"addr:housename":null,"short_name":null,"branch":null,"official_name":null,"layer":null,"mobile":null,"wikipedia":null,"wikidata":null,"website":null,"phone":null,"email":null,"natural":null,"landuse":null,"ref":null,"addr:subdistrict":null,"addr:district":null,"club":null,"religion":null,"grades":null,"opening_hours":null,"evacuation_center":null,"capacity:persons":null,"building:material":null,"building:floor":null,"building:condition":null,"backup_generator":null,"barrier":null,"sport":null,"leisure":null,"education":null,"type:id":null,"building:walls":null,"building:structure":null,"building:roof":null,"building:levels":null,"addr:postcode":null,"addr:housenumber":null,"addr:full":null,"access:roof":null,"nspn":null,"addr:city":null,"operator":null,"addr:street":null,"addr:state":null,"school:type_idn":null,"check_date":null,"wheelchair":null,"school:gender":null,"operator:type":null,"isced:level":null,"building":null,"type":null,"name":"Pondok Pesantren Darul Mughni Al-Maliki"},"geometry":{"type":"MultiPolygon","coordinates":[[[[106.9737697,-6.4550917],[106.9740701,-6.4546599],[106.9742256,-6.4541695],[106.9743115,-6.4537164],[106.9749606,-6.4534712],[106.9760227,-6.4532793],[106.9760495,-6.4534925],[106.9758403,-6.4535512],[106.9758993,-6.4537857],[106.9758725,-6.4540256],[106.9760871,-6.4539989],[106.9762641,-6.4538977],[106.9764948,-6.4539563],[106.9770902,-6.4541109],[106.9773209,-6.4541482],[106.9773155,-6.4546119],[106.9772243,-6.455145],[106.9771063,-6.4551556],[106.9770634,-6.4553156],[106.9768034,-6.4561598],[106.9759691,-6.4561311],[106.9759583,-6.4564776],[106.9755989,-6.4565948],[106.9754004,-6.4565735],[106.9752985,-6.4566375],[106.9750839,-6.4565522],[106.9748211,-6.4565842],[106.9742017,-6.4567588],[106.9739252,-6.4558699],[106.9736865,-6.4559232],[106.9736034,-6.4557287],[106.9737643,-6.4554968],[106.9734424,-6.4552782],[106.9737697,-6.4550917]]]]}},
{"type":"Feature","properties":{"full_id":"w1269080954","osm_id":"1269080954","osm_type":"way","amenity":"school","addr:province":null,"addr:housename":null,"short_name":null,"branch":null,"official_name":null,"layer":null,"mobile":null,"wikipedia":null,"wikidata":null,"website":null,"phone":null,"email":null,"natural":null,"landuse":null,"ref":null,"addr:subdistrict":null,"addr:district":null,"club":null,"religion":null,"grades":null,"opening_hours":null,"evacuation_center":null,"capacity:persons":null,"building:material":null,"building:floor":null,"building:condition":null,"backup_generator":null,"barrier":null,"sport":null,"leisure":null,"education":null,"type:id":null,"building:walls":null,"building:structure":null,"building:roof":null,"building:levels":null,"addr:postcode":null,"addr:housenumber":null,"addr:full":null,"access:roof":null,"nspn":null,"addr:city":null,"operator":null,"addr:street":null,"addr:state":null,"school:type_idn":null,"check_date":null,"wheelchair":null,"school:gender":null,"operator:type":null,"isced:level":null,"building":null,"type":null,"name":"Al-Ittihad Islamic School"},"geometry":{"type":"MultiPolygon","coordinates":[[[[106.9402581,-6.4053938],[106.9403037,-6.4056364],[106.9392636,-6.4064442],[106.9392918,-6.4054308],[106.9393113,-6.4053484],[106.9393406,-6.4052871],[106.9393974,-6.4052499],[106.9394478,-6.4052354],[106.939596,-6.4051673],[106.9396994,-6.4051087],[106.9402581,-6.4053938]]]]}},
{"type":"Feature","properties":{"full_id":"w1269080955","osm_id":"1269080955","osm_type":"way","amenity":"school","addr:province":null,"addr:housename":null,"short_name":null,"branch":null,"official_name":null,"layer":null,"mobile":null,"wikipedia":null,"wikidata":null,"website":null,"phone":null,"email":null,"natural":null,"landuse":null,"ref":null,"addr:subdistrict":null,"addr:district":null,"club":null,"religion":null,"grades":null,"opening_hours":null,"evacuation_center":null,"capacity:persons":null,"building:material":null,"building:floor":null,"building:condition":null,"backup_generator":null,"barrier":null,"sport":null,"leisure":null,"education":null,"type:id":null,"building:walls":null,"building:structure":null,"building:roof":null,"building:levels":null,"addr:postcode":null,"addr:housenumber":null,"addr:full":null,"access:roof":null,"nspn":null,"addr:city":null,"operator":null,"addr:street":null,"addr:state":null,"school:type_idn":null,"check_date":null,"wheelchair":null,"school:gender":null,"operator:type":null,"isced:level":null,"building":null,"type":null,"name":"Sekolah Global Mandiri"},"geometry":{"type":"MultiPolygon","coordinates":[[[[106.9403708,-6.4058843],[106.9405881,-6.4062388],[106.940639,-6.4067239],[106.9400704,-6.4079633],[106.9392154,-6.4081742],[106.9392541,-6.406785],[106.9403708,-6.4058843]]]]}},
{"type":"Feature","properties":{"full_id":"w1278803796","osm_id":"1278803796","osm_type":"way","amenity":"school","addr:province":null,"addr:housename":null,"short_name":null,"branch":null,"official_name":null,"layer":null,"mobile":null,"wikipedia":null,"wikidata":null,"website":null,"phone":null,"email":null,"natural":null,"landuse":null,"ref":null,"addr:subdistrict":null,"addr:district":null,"club":null,"religion":null,"grades":null,"opening_hours":null,"evacuation_center":null,"capacity:persons":null,"building:material":null,"building:floor":null,"building:condition":null,"backup_generator":null,"barrier":null,"sport":null,"leisure":null,"education":null,"type:id":null,"building:walls":null,"building:structure":null,"building:roof":null,"building:levels":null,"addr:postcode":null,"addr:housenumber":null,"addr:full":null,"access:roof":null,"nspn":null,"addr:city":null,"operator":null,"addr:street":null,"addr:state":null,"school:type_idn":null,"check_date":null,"wheelchair":null,"school:gender":null,"operator:type":null,"isced:level":null,"building":null,"type":null,"name":"SDN Gunung Bunder 03"},"geometry":{"type":"MultiPolygon","coordinates":[[[[106.6867424,-6.6662402],[106.6869114,-6.6661816],[106.686906,-6.6664853],[106.6867478,-6.6664853],[106.6867424,-6.6662402]]]]}},
{"type":"Feature","properties":{"full_id":"w1286191540","osm_id":"1286191540","osm_type":"way","amenity":"school","addr:province":null,"addr:housename":null,"short_name":null,"branch":null,"official_name":null,"layer":null,"mobile":null,"wikipedia":null,"wikidata":null,"website":null,"phone":null,"email":null,"natural":null,"landuse":null,"ref":null,"addr:subdistrict":null,"addr:district":null,"club":null,"religion":null,"grades":null,"opening_hours":null,"evacuation_center":null,"capacity:persons":null,"building:material":null,"building:floor":null,"building:condition":null,"backup_generator":null,"barrier":null,"sport":null,"leisure":null,"education":null,"type:id":null,"building:walls":null,"building:structure":null,"building:roof":null,"building:levels":null,"addr:postcode":null,"addr:housenumber":null,"addr:full":null,"access:roof":null,"nspn":null,"addr:city":null,"operator":null,"addr:street":null,"addr:state":null,"school:type_idn":null,"check_date":null,"wheelchair":null,"school:gender":null,"operator:type":null,"isced:level":null,"building":null,"type":null,"name":"SMAN 1 Dramaga"},"geometry":{"type":"MultiPolygon","coordinates":[[[[106.7401198,-6.5691788],[106.7405489,-6.569356],[106.7404797,-6.5695276],[106.7403394,-6.569816],[106.7400406,-6.5704312],[106.739983,-6.5705577],[106.7397322,-6.5704405],[106.7397268,-6.5703326],[106.7397027,-6.570254],[106.7397362,-6.5701554],[106.7397214,-6.5701141],[106.7397469,-6.5699622],[106.7398609,-6.5696878],[106.7397429,-6.5696278],[106.7399293,-6.5692188],[106.7401198,-6.5691788]]]]}},
{"type":"Feature","properties":{"full_id":"w1286204534","osm_id":"1286204534","osm_type":"way","amenity":"school","addr:province":null,"addr:housename":null,"short_name":null,"branch":null,"official_name":null,"layer":null,"mobile":null,"wikipedia":null,"wikidata":null,"website":null,"phone":null,"email":null,"natural":null,"landuse":null,"ref":null,"addr:subdistrict":null,"addr:district":null,"club":null,"religion":null,"grades":null,"opening_hours":null,"evacuation_center":null,"capacity:persons":null,"building:material":null,"building:floor":null,"building:condition":null,"backup_generator":null,"barrier":null,"sport":null,"leisure":null,"education":null,"type:id":null,"building:walls":null,"building:structure":null,"building:roof":null,"building:levels":null,"addr:postcode":null,"addr:housenumber":null,"addr:full":null,"access:roof":null,"nspn":null,"addr:city":null,"operator":null,"addr:street":null,"addr:state":null,"school:type_idn":null,"check_date":null,"wheelchair":null,"school:gender":null,"operator:type":null,"isced:level":null,"building":null,"type":null,"name":"Sekolah Alam An-Naba"},"geometry":{"type":"MultiPolygon","coordinates":[[[[106.7310122,-6.5756122],[106.7311893,-6.5756019],[106.7312082,-6.5759225],[106.7309467,-6.5759376],[106.7309359,-6.5757537],[106.7310203,-6.5757488],[106.7310122,-6.5756122]]]]}},
{"type":"Feature","properties":{"full_id":"w1286205025","osm_id":"1286205025","osm_type":"way","amenity":"school","addr:province":null,"addr:housename":null,"short_name":null,"branch":null,"official_name":null,"layer":null,"mobile":null,"wikipedia":null,"wikidata":null,"website":null,"phone":null,"email":null,"natural":null,"landuse":null,"ref":null,"addr:subdistrict":null,"addr:district":null,"club":null,"religion":null,"grades":null,"opening_hours":null,"evacuation_center":null,"capacity:persons":null,"building:material":null,"building:floor":null,"building:condition":null,"backup_generator":null,"barrier":null,"sport":null,"leisure":null,"education":null,"type:id":null,"building:walls":null,"building:structure":null,"building:roof":null,"building:levels":null,"addr:postcode":null,"addr:housenumber":null,"addr:full":null,"access:roof":null,"nspn":null,"addr:city":null,"operator":null,"addr:street":null,"addr:state":null,"school:type_idn":null,"check_date":null,"wheelchair":null,"school:gender":null,"operator:type":null,"isced:level":null,"building":null,"type":null,"name":"SD Suwarna (Sekolah Islam Terpadu)"},"geometry":{"type":"MultiPolygon","coordinates":[[[[106.7317969,-6.576125],[106.7321009,-6.5760864],[106.7321586,-6.5765337],[106.7318545,-6.5765724],[106.7317969,-6.576125]]]]}},
{"type":"Feature","properties":{"full_id":"w1286214246","osm_id":"1286214246","osm_type":"way","amenity":"school","addr:province":null,"addr:housename":null,"short_name":null,"branch":null,"official_name":null,"layer":null,"mobile":null,"wikipedia":null,"wikidata":null,"website":null,"phone":null,"email":null,"natural":null,"landuse":null,"ref":null,"addr:subdistrict":null,"addr:district":null,"club":null,"religion":null,"grades":null,"opening_hours":null,"evacuation_center":null,"capacity:persons":null,"building:material":null,"building:floor":null,"building:condition":null,"backup_generator":null,"barrier":null,"sport":null,"leisure":null,"education":null,"type:id":null,"building:walls":null,"building:structure":null,"building:roof":null,"building:levels":null,"addr:postcode":null,"addr:housenumber":null,"addr:full":null,"access:roof":null,"nspn":null,"addr:city":null,"operator":null,"addr:street":null,"addr:state":null,"school:type_idn":null,"check_date":null,"wheelchair":null,"school:gender":null,"operator:type":null,"isced:level":null,"building":null,"type":null,"name":"SMP Negeri 2 Dramaga"},"geometry":{"type":"MultiPolygon","coordinates":[[[[106.7412087,-6.5682169],[106.7412275,-6.5681836],[106.7415708,-6.5682262],[106.7416593,-6.5683488],[106.7415453,-6.568562],[106.7411873,-6.5692987],[106.7407233,-6.5691762],[106.7406294,-6.5693174],[106.7403652,-6.5691948],[106.7404658,-6.5690243],[106.7405449,-6.568995],[106.7406106,-6.5688111],[106.7407635,-6.5683981],[106.7408574,-6.5681823],[106.7412087,-6.5682169]]]]}},
{"type":"Feature","properties":{"full_id":"w1286264031","osm_id":"1286264031","osm_type":"way","amenity":"school","addr:province":null,"addr:housename":null,"short_name":null,"branch":null,"official_name":null,"layer":null,"mobile":null,"wikipedia":null,"wikidata":null,"website":null,"phone":null,"email":null,"natural":null,"landuse":null,"ref":null,"addr:subdistrict":null,"addr:district":null,"club":null,"religion":null,"grades":null,"opening_hours":null,"evacuation_center":null,"capacity:persons":null,"building:material":null,"building:floor":null,"building:condition":null,"backup_generator":null,"barrier":null,"sport":null,"leisure":null,"education":null,"type:id":null,"building:walls":null,"building:structure":null,"building:roof":null,"building:levels":null,"addr:postcode":null,"addr:housenumber":null,"addr:full":null,"access:roof":null,"nspn":null,"addr:city":null,"operator":null,"addr:street":null,"addr:state":null,"school:type_idn":null,"check_date":null,"wheelchair":null,"school:gender":null,"operator:type":null,"isced:level":null,"building":null,"type":null,"name":"SMK Adi Sanggoro"},"geometry":{"type":"MultiPolygon","coordinates":[[[[106.7292877,-6.553664],[106.7292233,-6.5539464],[106.7290382,-6.5539131],[106.7288035,-6.5538971],[106.7288116,-6.5540357],[106.7288773,-6.5540343],[106.72888,-6.5541303],[106.7286815,-6.5541369],[106.72866,-6.5538944],[106.7286345,-6.5537266],[106.7286077,-6.5537346],[106.7285112,-6.5535707],[106.7285997,-6.5535161],[106.7285675,-6.5534348],[106.7285568,-6.5533335],[106.7287874,-6.5533149],[106.7289738,-6.5534814],[106.7291321,-6.5535973],[106.7292877,-6.553664]]]]}},
{"type":"Feature","properties":{"full_id":"w1286265137","osm_id":"1286265137","osm_type":"way","amenity":"school","addr:province":null,"addr:housename":null,"short_name":null,"branch":null,"official_name":null,"layer":null,"mobile":null,"wikipedia":null,"wikidata":null,"website":null,"phone":null,"email":null,"natural":null,"landuse":null,"ref":null,"addr:subdistrict":null,"addr:district":null,"club":null,"religion":null,"grades":null,"opening_hours":null,"evacuation_center":null,"capacity:persons":null,"building:material":null,"building:floor":null,"building:condition":null,"backup_generator":null,"barrier":null,"sport":null,"leisure":null,"education":null,"type:id":null,"building:walls":null,"building:structure":null,"building:roof":null,"building:levels":null,"addr:postcode":null,"addr:housenumber":null,"addr:full":null,"access:roof":null,"nspn":null,"addr:city":null,"operator":null,"addr:street":null,"addr:state":null,"school:type_idn":null,"check_date":null,"wheelchair":null,"school:gender":null,"operator:type":null,"isced:level":null,"building":null,"type":null,"name":"SMPN 1 Dramaga"},"geometry":{"type":"MultiPolygon","coordinates":[[[[106.7346722,-6.5574038],[106.7348868,-6.5574118],[106.7349055,-6.5573918],[106.7350209,-6.5574058],[106.7350343,-6.5574465],[106.7351171,-6.5574658],[106.7351496,-6.5575664],[106.7352508,-6.5575917],[106.7352277,-6.5579571],[106.7351047,-6.5579847],[106.7350973,-6.5580806],[106.7347922,-6.5580826],[106.7347044,-6.5580733],[106.7346239,-6.5580693],[106.7346004,-6.5579754],[106.7346293,-6.5574078],[106.7346722,-6.5574038]]]]}},
{"type":"Feature","properties":{"full_id":"w1286268656","osm_id":"1286268656","osm_type":"way","amenity":"school","addr:province":null,"addr:housename":null,"short_name":null,"branch":null,"official_name":null,"layer":null,"mobile":null,"wikipedia":null,"wikidata":null,"website":null,"phone":null,"email":null,"natural":null,"landuse":null,"ref":null,"addr:subdistrict":null,"addr:district":null,"club":null,"religion":null,"grades":null,"opening_hours":null,"evacuation_center":null,"capacity:persons":null,"building:material":null,"building:floor":null,"building:condition":null,"backup_generator":null,"barrier":null,"sport":null,"leisure":null,"education":null,"type:id":null,"building:walls":null,"building:structure":null,"building:roof":null,"building:levels":null,"addr:postcode":null,"addr:housenumber":null,"addr:full":null,"access:roof":null,"nspn":null,"addr:city":null,"operator":null,"addr:street":null,"addr:state":null,"school:type_idn":null,"check_date":null,"wheelchair":null,"school:gender":null,"operator:type":null,"isced:level":null,"building":null,"type":null,"name":"SDN 4 Babakan Dramaga"},"geometry":{"type":"MultiPolygon","coordinates":[[[[106.7349934,-6.5581253],[106.7352878,-6.5581373],[106.7352717,-6.5584257],[106.7350899,-6.5584177],[106.7350822,-6.5585543],[106.7349696,-6.5585463],[106.7349808,-6.5583774],[106.7349872,-6.5582585],[106.7349751,-6.5582577],[106.7349803,-6.5581583],[106.7349825,-6.5581251],[106.7349934,-6.5581253]]]]}},
{"type":"Feature","properties":{"full_id":"w1286275797","osm_id":"1286275797","osm_type":"way","amenity":"school","addr:province":null,"addr:housename":null,"short_name":null,"branch":null,"official_name":null,"layer":null,"mobile":null,"wikipedia":null,"wikidata":null,"website":null,"phone":null,"email":null,"natural":null,"landuse":null,"ref":null,"addr:subdistrict":null,"addr:district":null,"club":null,"religion":null,"grades":null,"opening_hours":null,"evacuation_center":null,"capacity:persons":null,"building:material":null,"building:floor":null,"building:condition":null,"backup_generator":null,"barrier":null,"sport":null,"leisure":null,"education":null,"type:id":null,"building:walls":null,"building:structure":null,"building:roof":null,"building:levels":null,"addr:postcode":null,"addr:housenumber":null,"addr:full":null,"access:roof":null,"nspn":null,"addr:city":null,"operator":null,"addr:street":null,"addr:state":null,"school:type_idn":null,"check_date":null,"wheelchair":null,"school:gender":null,"operator:type":null,"isced:level":null,"building":null,"type":null,"name":"SDN 1 Babakan Dramaga"},"geometry":{"type":"MultiPolygon","coordinates":[[[[106.7317003,-6.5627957],[106.7316084,-6.5627611],[106.7316715,-6.5625739],[106.731825,-6.5626225],[106.7318854,-6.56245],[106.7319632,-6.5624846],[106.7321563,-6.5625919],[106.732053,-6.5628663],[106.7318277,-6.5628051],[106.7318123,-6.562829],[106.7317003,-6.5627957]]]]}},
{"type":"Feature","properties":{"full_id":"w1286451903","osm_id":"1286451903","osm_type":"way","amenity":"school","addr:province":null,"addr:housename":null,"short_name":null,"branch":null,"official_name":null,"layer":null,"mobile":null,"wikipedia":null,"wikidata":null,"website":null,"phone":null,"email":null,"natural":null,"landuse":null,"ref":null,"addr:subdistrict":null,"addr:district":null,"club":null,"religion":null,"grades":null,"opening_hours":null,"evacuation_center":null,"capacity:persons":null,"building:material":null,"building:floor":null,"building:condition":null,"backup_generator":null,"barrier":null,"sport":null,"leisure":null,"education":null,"type:id":null,"building:walls":null,"building:structure":null,"building:roof":null,"building:levels":null,"addr:postcode":null,"addr:housenumber":null,"addr:full":null,"access:roof":null,"nspn":null,"addr:city":null,"operator":null,"addr:street":null,"addr:state":null,"school:type_idn":null,"check_date":null,"wheelchair":null,"school:gender":null,"operator:type":null,"isced:level":null,"building":null,"type":null,"name":"SD Negeri Tenjosari"},"geometry":{"type":"MultiPolygon","coordinates":[[[[106.734475,-6.5746505],[106.7349055,-6.5747505],[106.7351094,-6.5747838],[106.7349927,-6.575402],[106.7343597,-6.5753034],[106.7344107,-6.5748557],[106.734475,-6.5746505]]]]}},
{"type":"Feature","properties":{"full_id":"w1286452588","osm_id":"1286452588","osm_type":"way","amenity":"school","addr:province":null,"addr:housename":null,"short_name":null,"branch":null,"official_name":null,"layer":null,"mobile":null,"wikipedia":null,"wikidata":null,"website":null,"phone":null,"email":null,"natural":null,"landuse":null,"ref":null,"addr:subdistrict":null,"addr:district":null,"club":null,"religion":null,"grades":null,"opening_hours":null,"evacuation_center":null,"capacity:persons":null,"building:material":null,"building:floor":null,"building:condition":null,"backup_generator":null,"barrier":null,"sport":null,"leisure":null,"education":null,"type:id":null,"building:walls":null,"building:structure":null,"building:roof":null,"building:levels":null,"addr:postcode":null,"addr:housenumber":null,"addr:full":null,"access:roof":null,"nspn":null,"addr:city":null,"operator":null,"addr:street":null,"addr:state":null,"school:type_idn":null,"check_date":null,"wheelchair":null,"school:gender":null,"operator:type":null,"isced:level":null,"building":null,"type":null,"name":"SD Negeri Sinarsari"},"geometry":{"type":"MultiPolygon","coordinates":[[[[106.7325791,-6.5821251],[106.7328096,-6.5821293],[106.7327998,-6.582661],[106.732485,-6.5826553],[106.7324874,-6.5825276],[106.7325717,-6.5825291],[106.7325791,-6.5821251]]]]}},
{"type":"Feature","properties":{"full_id":"w1286452891","osm_id":"1286452891","osm_type":"way","amenity":"school","addr:province":null,"addr:housename":null,"short_name":null,"branch":null,"official_name":null,"layer":null,"mobile":null,"wikipedia":null,"wikidata":null,"website":null,"phone":null,"email":null,"natural":null,"landuse":null,"ref":null,"addr:subdistrict":null,"addr:district":null,"club":null,"religion":null,"grades":null,"opening_hours":null,"evacuation_center":null,"capacity:persons":null,"building:material":null,"building:floor":null,"building:condition":null,"backup_generator":null,"barrier":null,"sport":null,"leisure":null,"education":null,"type:id":null,"building:walls":null,"building:structure":null,"building:roof":null,"building:levels":null,"addr:postcode":null,"addr:housenumber":null,"addr:full":null,"access:roof":null,"nspn":null,"addr:city":null,"operator":null,"addr:street":null,"addr:state":null,"school:type_idn":null,"check_date":null,"wheelchair":null,"school:gender":null,"operator:type":null,"isced:level":null,"building":null,"type":null,"name":"SD Negeri Manggis"},"geometry":{"type":"MultiPolygon","coordinates":[[[[106.7365457,-6.5776135],[106.7366409,-6.5776122],[106.7366812,-6.5775889],[106.7366838,-6.5775529],[106.7368045,-6.5775543],[106.7367952,-6.5778087],[106.7366879,-6.5778107],[106.7366818,-6.5778966],[106.7365531,-6.577904],[106.7365377,-6.5776155],[106.7365457,-6.5776135]]]]}},
{"type":"Feature","properties":{"full_id":"w1286453132","osm_id":"1286453132","osm_type":"way","amenity":"school","addr:province":null,"addr:housename":null,"short_name":null,"branch":null,"official_name":null,"layer":null,"mobile":null,"wikipedia":null,"wikidata":null,"website":null,"phone":null,"email":null,"natural":null,"landuse":null,"ref":null,"addr:subdistrict":null,"addr:district":null,"club":null,"religion":null,"grades":null,"opening_hours":null,"evacuation_center":null,"capacity:persons":null,"building:material":null,"building:floor":null,"building:condition":null,"backup_generator":null,"barrier":null,"sport":null,"leisure":null,"education":null,"type:id":null,"building:walls":null,"building:structure":null,"building:roof":null,"building:levels":null,"addr:postcode":null,"addr:housenumber":null,"addr:full":null,"access:roof":null,"nspn":null,"addr:city":null,"operator":null,"addr:street":null,"addr:state":null,"school:type_idn":null,"check_date":null,"wheelchair":null,"school:gender":null,"operator:type":null,"isced:level":null,"building":"yes","type":null,"name":"MIS Al-Bayyinah Bogor"},"geometry":{"type":"MultiPolygon","coordinates":[[[[106.7398343,-6.5773413],[106.7398509,-6.5772985],[106.7400312,-6.5773671],[106.7400037,-6.5774384],[106.7398949,-6.577397],[106.739881,-6.577433],[106.7398095,-6.5774058],[106.7398234,-6.5773698],[106.7398343,-6.5773413]]]]}},
{"type":"Feature","properties":{"full_id":"w1286455353","osm_id":"1286455353","osm_type":"way","amenity":"school","addr:province":null,"addr:housename":null,"short_name":null,"branch":null,"official_name":null,"layer":null,"mobile":null,"wikipedia":null,"wikidata":null,"website":null,"phone":null,"email":null,"natural":null,"landuse":null,"ref":null,"addr:subdistrict":null,"addr:district":null,"club":null,"religion":null,"grades":null,"opening_hours":null,"evacuation_center":null,"capacity:persons":null,"building:material":null,"building:floor":null,"building:condition":null,"backup_generator":null,"barrier":null,"sport":null,"leisure":null,"education":null,"type:id":null,"building:walls":null,"building:structure":null,"building:roof":null,"building:levels":null,"addr:postcode":null,"addr:housenumber":null,"addr:full":null,"access:roof":null,"nspn":null,"addr:city":null,"operator":null,"addr:street":null,"addr:state":null,"school:type_idn":null,"check_date":null,"wheelchair":null,"school:gender":null,"operator:type":null,"isced:level":null,"building":"yes","type":null,"name":"SD Negeri 02 Ciherang"},"geometry":{"type":"MultiPolygon","coordinates":[[[[106.7464378,-6.5816194],[106.7464349,-6.5818195],[106.7463398,-6.5818182],[106.7463438,-6.5815331],[106.7463572,-6.5815333],[106.746439,-6.5815344],[106.7465556,-6.581536],[106.7465544,-6.581621],[106.7464378,-6.5816194]]]]}},
{"type":"Feature","properties":{"full_id":"w1286455354","osm_id":"1286455354","osm_type":"way","amenity":"school","addr:province":null,"addr:housename":null,"short_name":null,"branch":null,"official_name":null,"layer":null,"mobile":null,"wikipedia":null,"wikidata":null,"website":null,"phone":null,"email":null,"natural":null,"landuse":null,"ref":null,"addr:subdistrict":null,"addr:district":null,"club":null,"religion":null,"grades":null,"opening_hours":null,"evacuation_center":null,"capacity:persons":null,"building:material":null,"building:floor":null,"building:condition":null,"backup_generator":null,"barrier":null,"sport":null,"leisure":null,"education":null,"type:id":null,"building:walls":null,"building:structure":null,"building:roof":null,"building:levels":null,"addr:postcode":null,"addr:housenumber":null,"addr:full":null,"access:roof":null,"nspn":null,"addr:city":null,"operator":null,"addr:street":null,"addr:state":null,"school:type_idn":null,"check_date":null,"wheelchair":null,"school:gender":null,"operator:type":null,"isced:level":null,"building":"yes","type":null,"name":"SD Negeri 04 Ciherang"},"geometry":{"type":"MultiPolygon","coordinates":[[[[106.7466652,-6.5818802],[106.746663,-6.5819598],[106.7463673,-6.5819518],[106.74637,-6.5818555],[106.746558,-6.5818606],[106.7465658,-6.5815764],[106.7466735,-6.5815793],[106.7466657,-6.5818635],[106.7466652,-6.5818802]]]]}},
{"type":"Feature","properties":{"full_id":"w1286455385","osm_id":"1286455385","osm_type":"way","amenity":"school","addr:province":null,"addr:housename":null,"short_name":null,"branch":null,"official_name":null,"layer":null,"mobile":null,"wikipedia":null,"wikidata":null,"website":null,"phone":null,"email":null,"natural":null,"landuse":null,"ref":null,"addr:subdistrict":null,"addr:district":null,"club":null,"religion":null,"grades":null,"opening_hours":null,"evacuation_center":null,"capacity:persons":null,"building:material":null,"building:floor":null,"building:condition":null,"backup_generator":null,"barrier":null,"sport":null,"leisure":null,"education":null,"type:id":null,"building:walls":null,"building:structure":null,"building:roof":null,"building:levels":null,"addr:postcode":null,"addr:housenumber":null,"addr:full":null,"access:roof":null,"nspn":null,"addr:city":null,"operator":null,"addr:street":null,"addr:state":null,"school:type_idn":null,"check_date":null,"wheelchair":null,"school:gender":null,"operator:type":null,"isced:level":null,"building":"yes","type":null,"name":"SD Negeri 01 Ciherang"},"geometry":{"type":"MultiPolygon","coordinates":[[[[106.7466603,-6.5810854],[106.7467643,-6.5810561],[106.7468341,-6.5812999],[106.7467301,-6.5813292],[106.7466603,-6.5810854]]]]}},
{"type":"Feature","properties":{"full_id":"w1286455672","osm_id":"1286455672","osm_type":"way","amenity":"school","addr:province":null,"addr:housename":null,"short_name":null,"branch":null,"official_name":null,"layer":null,"mobile":null,"wikipedia":null,"wikidata":null,"website":null,"phone":null,"email":null,"natural":null,"landuse":null,"ref":null,"addr:subdistrict":null,"addr:district":null,"club":null,"religion":null,"grades":null,"opening_hours":null,"evacuation_center":null,"capacity:persons":null,"building:material":null,"building:floor":null,"building:condition":null,"backup_generator":null,"barrier":null,"sport":null,"leisure":null,"education":null,"type:id":null,"building:walls":null,"building:structure":null,"building:roof":null,"building:levels":null,"addr:postcode":null,"addr:housenumber":null,"addr:full":null,"access:roof":null,"nspn":null,"addr:city":null,"operator":null,"addr:street":null,"addr:state":null,"school:type_idn":null,"check_date":null,"wheelchair":null,"school:gender":null,"operator:type":null,"isced:level":null,"building":"yes","type":null,"name":"SD Negeri Neglasari 03"},"geometry":{"type":"MultiPolygon","coordinates":[[[[106.7352422,-6.5871279],[106.7354728,-6.5871719],[106.7354533,-6.5872732],[106.7352226,-6.5872293],[106.7352422,-6.5871279]]]]}},
{"type":"Feature","properties":{"full_id":"w1286456486","osm_id":"1286456486","osm_type":"way","amenity":"school","addr:province":null,"addr:housename":null,"short_name":null,"branch":null,"official_name":null,"layer":null,"mobile":null,"wikipedia":null,"wikidata":null,"website":null,"phone":null,"email":null,"natural":null,"landuse":null,"ref":null,"addr:subdistrict":null,"addr:district":null,"club":null,"religion":null,"grades":null,"opening_hours":null,"evacuation_center":null,"capacity:persons":null,"building:material":null,"building:floor":null,"building:condition":null,"backup_generator":null,"barrier":null,"sport":null,"leisure":null,"education":null,"type:id":null,"building:walls":null,"building:structure":null,"building:roof":null,"building:levels":null,"addr:postcode":null,"addr:housenumber":null,"addr:full":null,"access:roof":null,"nspn":null,"addr:city":null,"operator":null,"addr:street":null,"addr:state":null,"school:type_idn":null,"check_date":null,"wheelchair":null,"school:gender":null,"operator:type":null,"isced:level":null,"building":"yes","type":null,"name":"SD Negeri Neglasari 05"},"geometry":{"type":"MultiPolygon","coordinates":[[[[106.7253005,-6.5870386],[106.725389,-6.5870339],[106.7254024,-6.5872817],[106.725314,-6.5872864],[106.7253005,-6.5870386]]]]}},
{"type":"Feature","properties":{"full_id":"w1286456810","osm_id":"1286456810","osm_type":"way","amenity":"school","addr:province":null,"addr:housename":null,"short_name":null,"branch":null,"official_name":null,"layer":null,"mobile":null,"wikipedia":null,"wikidata":null,"website":null,"phone":null,"email":null,"natural":null,"landuse":null,"ref":null,"addr:subdistrict":null,"addr:district":null,"club":null,"religion":null,"grades":null,"opening_hours":null,"evacuation_center":null,"capacity:persons":null,"building:material":null,"building:floor":null,"building:condition":null,"backup_generator":null,"barrier":null,"sport":null,"leisure":null,"education":null,"type:id":null,"building:walls":null,"building:structure":null,"building:roof":null,"building:levels":null,"addr:postcode":null,"addr:housenumber":null,"addr:full":null,"access:roof":null,"nspn":null,"addr:city":null,"operator":null,"addr:street":null,"addr:state":null,"school:type_idn":null,"check_date":null,"wheelchair":null,"school:gender":null,"operator:type":null,"isced:level":null,"building":"yes","type":null,"name":"SMP Bina Ikhwani"},"geometry":{"type":"MultiPolygon","coordinates":[[[[106.729926,-6.5786487],[106.7300271,-6.578642],[106.7300405,-6.5788405],[106.7299394,-6.5788472],[106.729926,-6.5786487]]]]}},
{"type":"Feature","properties":{"full_id":"w1286456811","osm_id":"1286456811","osm_type":"way","amenity":"school","addr:province":null,"addr:housename":null,"short_name":null,"branch":null,"official_name":null,"layer":null,"mobile":null,"wikipedia":null,"wikidata":null,"website":null,"phone":null,"email":null,"natural":null,"landuse":null,"ref":null,"addr:subdistrict":null,"addr:district":null,"club":null,"religion":null,"grades":null,"opening_hours":null,"evacuation_center":null,"capacity:persons":null,"building:material":null,"building:floor":null,"building:condition":null,"backup_generator":null,"barrier":null,"sport":null,"leisure":null,"education":null,"type:id":null,"building:walls":null,"building:structure":null,"building:roof":null,"building:levels":null,"addr:postcode":null,"addr:housenumber":null,"addr:full":null,"access:roof":null,"nspn":null,"addr:city":null,"operator":null,"addr:street":null,"addr:state":null,"school:type_idn":null,"check_date":null,"wheelchair":null,"school:gender":null,"operator:type":null,"isced:level":null,"building":"yes","type":null,"name":"SMK Bina Ikhwani"},"geometry":{"type":"MultiPolygon","coordinates":[[[[106.7303998,-6.5788383],[106.7304037,-6.5788635],[106.7300604,-6.5789168],[106.7300467,-6.5788299],[106.7302837,-6.5787931],[106.7302693,-6.578702],[106.7303757,-6.5786855],[106.73039,-6.5787766],[106.7303998,-6.5788383]]]]}},
{"type":"Feature","properties":{"full_id":"w1286484284","osm_id":"1286484284","osm_type":"way","amenity":"school","addr:province":null,"addr:housename":null,"short_name":null,"branch":null,"official_name":null,"layer":null,"mobile":null,"wikipedia":null,"wikidata":null,"website":null,"phone":null,"email":null,"natural":null,"landuse":null,"ref":null,"addr:subdistrict":null,"addr:district":null,"club":null,"religion":null,"grades":null,"opening_hours":null,"evacuation_center":null,"capacity:persons":null,"building:material":null,"building:floor":null,"building:condition":null,"backup_generator":null,"barrier":null,"sport":null,"leisure":null,"education":null,"type:id":null,"building:walls":null,"building:structure":null,"building:roof":null,"building:levels":null,"addr:postcode":null,"addr:housenumber":null,"addr:full":null,"access:roof":null,"nspn":null,"addr:city":null,"operator":null,"addr:street":null,"addr:state":null,"school:type_idn":null,"check_date":null,"wheelchair":null,"school:gender":null,"operator:type":null,"isced:level":null,"building":"yes","type":null,"name":"SD Negeri 5 Cihideung Ilir"},"geometry":{"type":"MultiPolygon","coordinates":[[[[106.719119,-6.5607636],[106.7192102,-6.5607781],[106.7192042,-6.5608863],[106.7192867,-6.5608992],[106.7192998,-6.5608166],[106.7193943,-6.5608314],[106.7193812,-6.560914],[106.7194105,-6.5609186],[106.719395,-6.5610164],[106.7190712,-6.5609446],[106.7190964,-6.5608526],[106.719119,-6.5607636]]]]}},
{"type":"Feature","properties":{"full_id":"w1286485258","osm_id":"1286485258","osm_type":"way","amenity":"school","addr:province":null,"addr:housename":null,"short_name":null,"branch":null,"official_name":null,"layer":null,"mobile":null,"wikipedia":null,"wikidata":null,"website":null,"phone":null,"email":null,"natural":null,"landuse":null,"ref":null,"addr:subdistrict":null,"addr:district":null,"club":null,"religion":null,"grades":null,"opening_hours":null,"evacuation_center":null,"capacity:persons":null,"building:material":null,"building:floor":null,"building:condition":null,"backup_generator":null,"barrier":null,"sport":null,"leisure":null,"education":null,"type:id":null,"building:walls":null,"building:structure":null,"building:roof":null,"building:levels":null,"addr:postcode":null,"addr:housenumber":null,"addr:full":null,"access:roof":null,"nspn":null,"addr:city":null,"operator":null,"addr:street":null,"addr:state":null,"school:type_idn":null,"check_date":null,"wheelchair":null,"school:gender":null,"operator:type":null,"isced:level":null,"building":"yes","type":null,"name":"SD Negeri 1 CIbanteng"},"geometry":{"type":"MultiPolygon","coordinates":[[[[106.7138111,-6.554278],[106.7136058,-6.5542947],[106.7135987,-6.5542095],[106.7138676,-6.5541876],[106.7138747,-6.5542728],[106.7138683,-6.5542733],[106.7138743,-6.5543461],[106.7138171,-6.5543508],[106.7138111,-6.554278]]]]}},
{"type":"Feature","properties":{"full_id":"w1286485463","osm_id":"1286485463","osm_type":"way","amenity":"school","addr:province":null,"addr:housename":null,"short_name":null,"branch":null,"official_name":null,"layer":null,"mobile":null,"wikipedia":null,"wikidata":null,"website":null,"phone":null,"email":null,"natural":null,"landuse":null,"ref":null,"addr:subdistrict":null,"addr:district":null,"club":null,"religion":null,"grades":null,"opening_hours":null,"evacuation_center":null,"capacity:persons":null,"building:material":null,"building:floor":null,"building:condition":null,"backup_generator":null,"barrier":null,"sport":null,"leisure":null,"education":null,"type:id":null,"building:walls":null,"building:structure":null,"building:roof":null,"building:levels":null,"addr:postcode":null,"addr:housenumber":null,"addr:full":null,"access:roof":null,"nspn":null,"addr:city":null,"operator":null,"addr:street":null,"addr:state":null,"school:type_idn":null,"check_date":null,"wheelchair":null,"school:gender":null,"operator:type":null,"isced:level":null,"building":null,"type":null,"name":"SMK Agri Insani"},"geometry":{"type":"MultiPolygon","coordinates":[[[[106.7220249,-6.5648196],[106.7220634,-6.5648215],[106.7222407,-6.5648448],[106.7223301,-6.5648506],[106.722318,-6.5650345],[106.7223173,-6.5650589],[106.7223071,-6.5651622],[106.7223025,-6.5653282],[106.7220034,-6.5653295],[106.7220079,-6.5651633],[106.7220249,-6.5648196]]]]}},
{"type":"Feature","properties":{"full_id":"w1286486054","osm_id":"1286486054","osm_type":"way","amenity":"school","addr:province":null,"addr:housename":null,"short_name":null,"branch":null,"official_name":null,"layer":null,"mobile":null,"wikipedia":null,"wikidata":null,"website":null,"phone":null,"email":null,"natural":null,"landuse":null,"ref":null,"addr:subdistrict":null,"addr:district":null,"club":null,"religion":null,"grades":null,"opening_hours":null,"evacuation_center":null,"capacity:persons":null,"building:material":null,"building:floor":null,"building:condition":null,"backup_generator":null,"barrier":null,"sport":null,"leisure":null,"education":null,"type:id":null,"building:walls":null,"building:structure":null,"building:roof":null,"building:levels":null,"addr:postcode":null,"addr:housenumber":null,"addr:full":null,"access:roof":null,"nspn":null,"addr:city":null,"operator":null,"addr:street":null,"addr:state":null,"school:type_idn":null,"check_date":null,"wheelchair":null,"school:gender":null,"operator:type":null,"isced:level":null,"building":"yes","type":null,"name":"SD Negeri 6 Cihedeung Ilir"},"geometry":{"type":"MultiPolygon","coordinates":[[[[106.7268509,-6.570202],[106.7269474,-6.5702242],[106.7268469,-6.5706572],[106.7267503,-6.570635],[106.7268509,-6.570202]]]]}},
{"type":"Feature","properties":{"full_id":"w1286486119","osm_id":"1286486119","osm_type":"way","amenity":"school","addr:province":null,"addr:housename":null,"short_name":null,"branch":null,"official_name":null,"layer":null,"mobile":null,"wikipedia":null,"wikidata":null,"website":null,"phone":null,"email":null,"natural":null,"landuse":null,"ref":null,"addr:subdistrict":null,"addr:district":null,"club":null,"religion":null,"grades":null,"opening_hours":null,"evacuation_center":null,"capacity:persons":null,"building:material":null,"building:floor":null,"building:condition":null,"backup_generator":null,"barrier":null,"sport":null,"leisure":null,"education":null,"type:id":null,"building:walls":null,"building:structure":null,"building:roof":null,"building:levels":null,"addr:postcode":null,"addr:housenumber":null,"addr:full":null,"access:roof":null,"nspn":null,"addr:city":null,"operator":null,"addr:street":null,"addr:state":null,"school:type_idn":null,"check_date":null,"wheelchair":null,"school:gender":null,"operator:type":null,"isced:level":null,"building":"yes","type":null,"name":"SMK Geo Informatika"},"geometry":{"type":"MultiPolygon","coordinates":[[[[106.7249611,-6.5715757],[106.7249002,-6.5718446],[106.7247815,-6.5718181],[106.7248701,-6.5714277],[106.7249511,-6.5714459],[106.7249887,-6.5714543],[106.725143,-6.5714888],[106.7251155,-6.5716103],[106.7249611,-6.5715757]]]]}},
{"type":"Feature","properties":{"full_id":"w1286487035","osm_id":"1286487035","osm_type":"way","amenity":"school","addr:province":null,"addr:housename":null,"short_name":null,"branch":null,"official_name":null,"layer":null,"mobile":null,"wikipedia":null,"wikidata":null,"website":null,"phone":null,"email":null,"natural":null,"landuse":null,"ref":null,"addr:subdistrict":null,"addr:district":null,"club":null,"religion":null,"grades":null,"opening_hours":null,"evacuation_center":null,"capacity:persons":null,"building:material":null,"building:floor":null,"building:condition":null,"backup_generator":null,"barrier":null,"sport":null,"leisure":null,"education":null,"type:id":null,"building:walls":null,"building:structure":null,"building:roof":null,"building:levels":null,"addr:postcode":null,"addr:housenumber":null,"addr:full":null,"access:roof":null,"nspn":null,"addr:city":null,"operator":null,"addr:street":null,"addr:state":null,"school:type_idn":null,"check_date":null,"wheelchair":null,"school:gender":null,"operator:type":null,"isced:level":null,"building":"yes","type":null,"name":"SD Negeri 01 Cihideung Ilir"},"geometry":{"type":"MultiPolygon","coordinates":[[[[106.7199757,-6.5790466],[106.7199831,-6.5790178],[106.7202379,-6.5790817],[106.7202159,-6.5791683],[106.7200528,-6.5791274],[106.7199831,-6.5794014],[106.7198913,-6.5793784],[106.7199611,-6.5791043],[106.7199757,-6.5790466]]]]}},
{"type":"Feature","properties":{"full_id":"w1286487230","osm_id":"1286487230","osm_type":"way","amenity":"school","addr:province":null,"addr:housename":null,"short_name":null,"branch":null,"official_name":null,"layer":null,"mobile":null,"wikipedia":null,"wikidata":null,"website":null,"phone":null,"email":null,"natural":null,"landuse":null,"ref":null,"addr:subdistrict":null,"addr:district":null,"club":null,"religion":null,"grades":null,"opening_hours":null,"evacuation_center":null,"capacity:persons":null,"building:material":null,"building:floor":null,"building:condition":null,"backup_generator":null,"barrier":null,"sport":null,"leisure":null,"education":null,"type:id":null,"building:walls":null,"building:structure":null,"building:roof":null,"building:levels":null,"addr:postcode":null,"addr:housenumber":null,"addr:full":null,"access:roof":null,"nspn":null,"addr:city":null,"operator":null,"addr:street":null,"addr:state":null,"school:type_idn":null,"check_date":null,"wheelchair":null,"school:gender":null,"operator:type":null,"isced:level":null,"building":"yes","type":null,"name":"SDIT Bina Ummat"},"geometry":{"type":"MultiPolygon","coordinates":[[[[106.7171636,-6.5825628],[106.7171531,-6.5826027],[106.7170896,-6.5825862],[106.7171238,-6.5824563],[106.7171817,-6.5824714],[106.7171875,-6.582449],[106.7172473,-6.5824645],[106.7172177,-6.5825769],[106.7171636,-6.5825628]]]]}},
{"type":"Feature","properties":{"full_id":"w1286556520","osm_id":"1286556520","osm_type":"way","amenity":"school","addr:province":null,"addr:housename":null,"short_name":null,"branch":null,"official_name":null,"layer":null,"mobile":null,"wikipedia":null,"wikidata":null,"website":null,"phone":null,"email":null,"natural":null,"landuse":null,"ref":null,"addr:subdistrict":null,"addr:district":null,"club":null,"religion":null,"grades":null,"opening_hours":null,"evacuation_center":null,"capacity:persons":null,"building:material":null,"building:floor":null,"building:condition":null,"backup_generator":null,"barrier":null,"sport":null,"leisure":null,"education":null,"type:id":null,"building:walls":null,"building:structure":null,"building:roof":null,"building:levels":null,"addr:postcode":null,"addr:housenumber":null,"addr:full":null,"access:roof":null,"nspn":null,"addr:city":null,"operator":null,"addr:street":null,"addr:state":null,"school:type_idn":null,"check_date":null,"wheelchair":null,"school:gender":null,"operator:type":null,"isced:level":null,"building":null,"type":null,"name":"SMP BQ Islamic Boarding School"},"geometry":{"type":"MultiPolygon","coordinates":[[[[106.7393795,-6.5458177],[106.7399199,-6.5459576],[106.7399696,-6.5456006],[106.74005,-6.5448971],[106.7403182,-6.5449504],[106.7404523,-6.5449797],[106.7403612,-6.5456778],[106.7404886,-6.5457085],[106.7404108,-6.5460735],[106.7401466,-6.5460123],[106.7400151,-6.5465399],[106.7398059,-6.5464253],[106.7392601,-6.546312],[106.7393795,-6.5458177]]]]}},
{"type":"Feature","properties":{"full_id":"w1286562713","osm_id":"1286562713","osm_type":"way","amenity":"school","addr:province":null,"addr:housename":null,"short_name":null,"branch":null,"official_name":null,"layer":null,"mobile":null,"wikipedia":null,"wikidata":null,"website":null,"phone":null,"email":null,"natural":null,"landuse":null,"ref":null,"addr:subdistrict":null,"addr:district":null,"club":null,"religion":null,"grades":null,"opening_hours":null,"evacuation_center":null,"capacity:persons":null,"building:material":null,"building:floor":null,"building:condition":null,"backup_generator":null,"barrier":null,"sport":null,"leisure":null,"education":null,"type:id":null,"building:walls":null,"building:structure":null,"building:roof":null,"building:levels":null,"addr:postcode":null,"addr:housenumber":null,"addr:full":null,"access:roof":null,"nspn":null,"addr:city":null,"operator":null,"addr:street":null,"addr:state":null,"school:type_idn":null,"check_date":null,"wheelchair":null,"school:gender":null,"operator:type":null,"isced:level":null,"building":"yes","type":null,"name":"SD Negeri 01 Carang Pulang"},"geometry":{"type":"MultiPolygon","coordinates":[[[[106.728658,-6.5443075],[106.728947,-6.5443128],[106.7289452,-6.5444097],[106.7286562,-6.5444044],[106.728658,-6.5443075]]]]}},
{"type":"Feature","properties":{"full_id":"w1286563224","osm_id":"1286563224","osm_type":"way","amenity":"school","addr:province":null,"addr:housename":null,"short_name":null,"branch":null,"official_name":null,"layer":null,"mobile":null,"wikipedia":null,"wikidata":null,"website":null,"phone":null,"email":null,"natural":null,"landuse":null,"ref":null,"addr:subdistrict":null,"addr:district":null,"club":null,"religion":null,"grades":null,"opening_hours":null,"evacuation_center":null,"capacity:persons":null,"building:material":null,"building:floor":null,"building:condition":null,"backup_generator":null,"barrier":null,"sport":null,"leisure":null,"education":null,"type:id":null,"building:walls":null,"building:structure":null,"building:roof":null,"building:levels":null,"addr:postcode":null,"addr:housenumber":null,"addr:full":null,"access:roof":null,"nspn":null,"addr:city":null,"operator":null,"addr:street":null,"addr:state":null,"school:type_idn":null,"check_date":null,"wheelchair":null,"school:gender":null,"operator:type":null,"isced:level":null,"building":"yes","type":null,"name":"SDIT Nurul Fajar"},"geometry":{"type":"MultiPolygon","coordinates":[[[[106.7243685,-6.5433162],[106.724569,-6.5434115],[106.7245307,-6.543491],[106.7243302,-6.5433958],[106.7243685,-6.5433162]]]]}},
{"type":"Feature","properties":{"full_id":"w1286563357","osm_id":"1286563357","osm_type":"way","amenity":"school","addr:province":null,"addr:housename":null,"short_name":null,"branch":null,"official_name":null,"layer":null,"mobile":null,"wikipedia":null,"wikidata":null,"website":null,"phone":null,"email":null,"natural":null,"landuse":null,"ref":null,"addr:subdistrict":null,"addr:district":null,"club":null,"religion":null,"grades":null,"opening_hours":null,"evacuation_center":null,"capacity:persons":null,"building:material":null,"building:floor":null,"building:condition":null,"backup_generator":null,"barrier":null,"sport":null,"leisure":null,"education":null,"type:id":null,"building:walls":null,"building:structure":null,"building:roof":null,"building:levels":null,"addr:postcode":null,"addr:housenumber":null,"addr:full":null,"access:roof":null,"nspn":null,"addr:city":null,"operator":null,"addr:street":null,"addr:state":null,"school:type_idn":null,"check_date":null,"wheelchair":null,"school:gender":null,"operator:type":null,"isced:level":null,"building":null,"type":null,"name":"PTQM Imam Asy Syafi'i"},"geometry":{"type":"MultiPolygon","coordinates":[[[[106.7265867,-6.5422097],[106.7269099,-6.5422057],[106.7268951,-6.5419898],[106.7273149,-6.5419858],[106.7273095,-6.5419166],[106.7276743,-6.5419086],[106.7276958,-6.5422923],[106.7275348,-6.5422843],[106.7275348,-6.5424895],[106.7272451,-6.5424788],[106.7272478,-6.542716],[106.7266336,-6.5427],[106.7265867,-6.5422097]]]]}},
{"type":"Feature","properties":{"full_id":"w1286564315","osm_id":"1286564315","osm_type":"way","amenity":"school","addr:province":null,"addr:housename":null,"short_name":null,"branch":null,"official_name":null,"layer":null,"mobile":null,"wikipedia":null,"wikidata":null,"website":null,"phone":null,"email":null,"natural":null,"landuse":null,"ref":null,"addr:subdistrict":null,"addr:district":null,"club":null,"religion":null,"grades":null,"opening_hours":null,"evacuation_center":null,"capacity:persons":null,"building:material":null,"building:floor":null,"building:condition":null,"backup_generator":null,"barrier":null,"sport":null,"leisure":null,"education":null,"type:id":null,"building:walls":null,"building:structure":null,"building:roof":null,"building:levels":null,"addr:postcode":null,"addr:housenumber":null,"addr:full":null,"access:roof":null,"nspn":null,"addr:city":null,"operator":null,"addr:street":null,"addr:state":null,"school:type_idn":null,"check_date":null,"wheelchair":null,"school:gender":null,"operator:type":null,"isced:level":null,"building":"yes","type":null,"name":"SD Negeri 02 Carang Pulang"},"geometry":{"type":"MultiPolygon","coordinates":[[[[106.7244637,-6.5450376],[106.7245493,-6.545034],[106.7246335,-6.5450304],[106.724636,-6.5450896],[106.7245518,-6.5450932],[106.7245603,-6.5452901],[106.7246232,-6.5452874],[106.7246193,-6.5451969],[106.7246785,-6.5451943],[106.7246824,-6.5452849],[106.7246907,-6.5452845],[106.724695,-6.5453854],[106.724454,-6.5453957],[106.7244496,-6.5452948],[106.7244748,-6.5452937],[106.7244637,-6.5450376]]]]}},
{"type":"Feature","properties":{"full_id":"w1286564779","osm_id":"1286564779","osm_type":"way","amenity":"school","addr:province":null,"addr:housename":null,"short_name":null,"branch":null,"official_name":null,"layer":null,"mobile":null,"wikipedia":null,"wikidata":null,"website":null,"phone":null,"email":null,"natural":null,"landuse":null,"ref":null,"addr:subdistrict":null,"addr:district":null,"club":null,"religion":null,"grades":null,"opening_hours":null,"evacuation_center":null,"capacity:persons":null,"building:material":null,"building:floor":null,"building:condition":null,"backup_generator":null,"barrier":null,"sport":null,"leisure":null,"education":null,"type:id":null,"building:walls":null,"building:structure":null,"building:roof":null,"building:levels":null,"addr:postcode":null,"addr:housenumber":null,"addr:full":null,"access:roof":null,"nspn":null,"addr:city":null,"operator":null,"addr:street":null,"addr:state":null,"school:type_idn":null,"check_date":null,"wheelchair":null,"school:gender":null,"operator:type":null,"isced:level":null,"building":"yes","type":null,"name":"SMPIT Nurul Fajar"},"geometry":{"type":"MultiPolygon","coordinates":[[[[106.7249505,-6.5450263],[106.725041,-6.5450288],[106.7250356,-6.5452194],[106.7249452,-6.5452168],[106.7249505,-6.5450263]]]]}},
{"type":"Feature","properties":{"full_id":"w1286575098","osm_id":"1286575098","osm_type":"way","amenity":"school","addr:province":null,"addr:housename":null,"short_name":null,"branch":null,"official_name":null,"layer":null,"mobile":null,"wikipedia":null,"wikidata":null,"website":null,"phone":null,"email":null,"natural":null,"landuse":null,"ref":null,"addr:subdistrict":null,"addr:district":null,"club":null,"religion":null,"grades":null,"opening_hours":null,"evacuation_center":null,"capacity:persons":null,"building:material":null,"building:floor":null,"building:condition":null,"backup_generator":null,"barrier":null,"sport":null,"leisure":null,"education":null,"type:id":null,"building:walls":null,"building:structure":null,"building:roof":null,"building:levels":null,"addr:postcode":null,"addr:housenumber":null,"addr:full":null,"access:roof":null,"nspn":null,"addr:city":null,"operator":null,"addr:street":null,"addr:state":null,"school:type_idn":null,"check_date":null,"wheelchair":null,"school:gender":null,"operator:type":null,"isced:level":null,"building":null,"type":null,"name":"Pondok Pesantren Ibu Aqil (MI-SMP-SMA-SMK)"},"geometry":{"type":"MultiPolygon","coordinates":[[[[106.7537963,-6.5789338],[106.754251,-6.5789018],[106.7542402,-6.5787833],[106.7547861,-6.5787353],[106.754837,-6.5789418],[106.75488,-6.5790804],[106.754888,-6.5792536],[106.7546144,-6.5793132],[106.7546122,-6.5793225],[106.7546234,-6.5794217],[106.7546341,-6.5795139],[106.7545141,-6.5795315],[106.7545159,-6.5795504],[106.7543723,-6.579568],[106.7537963,-6.579552],[106.7537963,-6.5789338]]]]}},
{"type":"Feature","properties":{"full_id":"w1286575687","osm_id":"1286575687","osm_type":"way","amenity":"school","addr:province":null,"addr:housename":null,"short_name":null,"branch":null,"official_name":null,"layer":null,"mobile":null,"wikipedia":null,"wikidata":null,"website":null,"phone":null,"email":null,"natural":null,"landuse":null,"ref":null,"addr:subdistrict":null,"addr:district":null,"club":null,"religion":null,"grades":null,"opening_hours":null,"evacuation_center":null,"capacity:persons":null,"building:material":null,"building:floor":null,"building:condition":null,"backup_generator":null,"barrier":null,"sport":null,"leisure":null,"education":null,"type:id":null,"building:walls":null,"building:structure":null,"building:roof":null,"building:levels":null,"addr:postcode":null,"addr:housenumber":null,"addr:full":null,"access:roof":null,"nspn":null,"addr:city":null,"operator":null,"addr:street":null,"addr:state":null,"school:type_idn":null,"check_date":null,"wheelchair":null,"school:gender":null,"operator:type":null,"isced:level":null,"building":null,"type":null,"name":"SMK Kehutanan Bakti Rimba"},"geometry":{"type":"MultiPolygon","coordinates":[[[[106.7510699,-6.5794048],[106.7509787,-6.5791776],[106.751098,-6.579159],[106.7510846,-6.5790697],[106.7513998,-6.5790724],[106.7514548,-6.5790337],[106.7515996,-6.5790031],[106.7516432,-6.5793248],[106.7510699,-6.5794048]]]]}},
{"type":"Feature","properties":{"full_id":"w1286580095","osm_id":"1286580095","osm_type":"way","amenity":null,"addr:province":null,"addr:housename":null,"short_name":null,"branch":null,"official_name":null,"layer":null,"mobile":null,"wikipedia":null,"wikidata":null,"website":null,"phone":null,"email":null,"natural":null,"landuse":null,"ref":null,"addr:subdistrict":null,"addr:district":null,"club":null,"religion":null,"grades":null,"opening_hours":null,"evacuation_center":null,"capacity:persons":null,"building:material":null,"building:floor":null,"building:condition":null,"backup_generator":null,"barrier":null,"sport":null,"leisure":null,"education":null,"type:id":null,"building:walls":null,"building:structure":null,"building:roof":null,"building:levels":"2","addr:postcode":"16610","addr:housenumber":null,"addr:full":null,"access:roof":null,"nspn":null,"addr:city":"Bogor","operator":null,"addr:street":"Jl. raya Laladon, Ds. Laladon, Kec. Ciomas","addr:state":null,"school:type_idn":null,"check_date":null,"wheelchair":null,"school:gender":null,"operator:type":null,"isced:level":null,"building":"yes","type":null,"name":null},"geometry":{"type":"MultiPolygon","coordinates":[[[[106.7582032,-6.5854952],[106.7582956,-6.5854871],[106.7583557,-6.5861654],[106.7588134,-6.5861254],[106.7588214,-6.5862155],[106.7582729,-6.5862634],[106.7582667,-6.5861933],[106.7582651,-6.5861934],[106.7582032,-6.5854952]]]]}},
{"type":"Feature","properties":{"full_id":"w1286580096","osm_id":"1286580096","osm_type":"way","amenity":null,"addr:province":null,"addr:housename":null,"short_name":null,"branch":null,"official_name":null,"layer":null,"mobile":null,"wikipedia":null,"wikidata":null,"website":null,"phone":null,"email":null,"natural":null,"landuse":null,"ref":null,"addr:subdistrict":null,"addr:district":null,"club":null,"religion":null,"grades":null,"opening_hours":null,"evacuation_center":null,"capacity:persons":null,"building:material":null,"building:floor":null,"building:condition":null,"backup_generator":null,"barrier":null,"sport":null,"leisure":null,"education":null,"type:id":null,"building:walls":null,"building:structure":null,"building:roof":null,"building:levels":"2","addr:postcode":"16610","addr:housenumber":null,"addr:full":null,"access:roof":null,"nspn":null,"addr:city":"Bogor","operator":null,"addr:street":"Jl. raya Laladon, Ds. Laladon, Kec. Ciomas","addr:state":null,"school:type_idn":null,"check_date":null,"wheelchair":null,"school:gender":null,"operator:type":null,"isced:level":null,"building":"yes","type":null,"name":null},"geometry":{"type":"MultiPolygon","coordinates":[[[[106.7586295,-6.5857523],[106.7583341,-6.5857775],[106.7583251,-6.5856737],[106.7586204,-6.5856485],[106.7586188,-6.5856298],[106.7587274,-6.5856205],[106.7587291,-6.5856393],[106.7587316,-6.5856391],[106.7587405,-6.5857428],[106.758738,-6.585743],[106.7587705,-6.5861187],[106.758662,-6.586128],[106.7586295,-6.5857523]]]]}},
{"type":"Feature","properties":{"full_id":"w1286581540","osm_id":"1286581540","osm_type":"way","amenity":"school","addr:province":null,"addr:housename":null,"short_name":null,"branch":null,"official_name":null,"layer":null,"mobile":null,"wikipedia":null,"wikidata":null,"website":null,"phone":null,"email":null,"natural":null,"landuse":null,"ref":null,"addr:subdistrict":null,"addr:district":null,"club":null,"religion":null,"grades":null,"opening_hours":null,"evacuation_center":null,"capacity:persons":null,"building:material":null,"building:floor":null,"building:condition":null,"backup_generator":null,"barrier":null,"sport":null,"leisure":null,"education":null,"type:id":null,"building:walls":null,"building:structure":null,"building:roof":null,"building:levels":null,"addr:postcode":null,"addr:housenumber":null,"addr:full":null,"access:roof":null,"nspn":null,"addr:city":null,"operator":null,"addr:street":null,"addr:state":null,"school:type_idn":null,"check_date":null,"wheelchair":null,"school:gender":null,"operator:type":null,"isced:level":null,"building":"yes","type":null,"name":"SD Negeri Taman Pagelaran"},"geometry":{"type":"MultiPolygon","coordinates":[[[[106.7611979,-6.5892695],[106.7614245,-6.5892442],[106.7614361,-6.5893467],[106.7613956,-6.5893513],[106.761419,-6.5895582],[106.7614395,-6.5895559],[106.7614607,-6.5897438],[106.761246,-6.5897678],[106.7612247,-6.5895799],[106.7613024,-6.5895712],[106.761279,-6.5893643],[106.7612095,-6.5893721],[106.7611979,-6.5892695]]]]}},
{"type":"Feature","properties":{"full_id":"w1286965734","osm_id":"1286965734","osm_type":"way","amenity":"school","addr:province":null,"addr:housename":null,"short_name":null,"branch":null,"official_name":null,"layer":null,"mobile":null,"wikipedia":null,"wikidata":null,"website":null,"phone":null,"email":null,"natural":null,"landuse":null,"ref":null,"addr:subdistrict":null,"addr:district":null,"club":null,"religion":null,"grades":null,"opening_hours":null,"evacuation_center":null,"capacity:persons":null,"building:material":null,"building:floor":null,"building:condition":null,"backup_generator":null,"barrier":null,"sport":null,"leisure":null,"education":null,"type:id":null,"building:walls":null,"building:structure":null,"building:roof":null,"building:levels":null,"addr:postcode":null,"addr:housenumber":null,"addr:full":null,"access:roof":null,"nspn":null,"addr:city":null,"operator":null,"addr:street":null,"addr:state":null,"school:type_idn":null,"check_date":null,"wheelchair":null,"school:gender":null,"operator:type":null,"isced:level":null,"building":"yes","type":null,"name":"SD Negeri 3 Ciomas"},"geometry":{"type":"MultiPolygon","coordinates":[[[[106.7625097,-6.5985592],[106.7624589,-6.598554],[106.7624924,-6.5982342],[106.7625747,-6.5982427],[106.7625494,-6.598484],[106.7627548,-6.5985052],[106.7627459,-6.5985899],[106.762509,-6.5985654],[106.7625097,-6.5985592]]]]}},
{"type":"Feature","properties":{"full_id":"w1286965882","osm_id":"1286965882","osm_type":"way","amenity":null,"addr:province":null,"addr:housename":null,"short_name":null,"branch":null,"official_name":null,"layer":null,"mobile":null,"wikipedia":null,"wikidata":null,"website":null,"phone":null,"email":null,"natural":null,"landuse":null,"ref":null,"addr:subdistrict":null,"addr:district":null,"club":null,"religion":null,"grades":null,"opening_hours":null,"evacuation_center":null,"capacity:persons":null,"building:material":null,"building:floor":null,"building:condition":null,"backup_generator":null,"barrier":null,"sport":null,"leisure":null,"education":null,"type:id":null,"building:walls":null,"building:structure":null,"building:roof":null,"building:levels":null,"addr:postcode":null,"addr:housenumber":null,"addr:full":null,"access:roof":null,"nspn":null,"addr:city":null,"operator":null,"addr:street":null,"addr:state":null,"school:type_idn":null,"check_date":null,"wheelchair":null,"school:gender":null,"operator:type":null,"isced:level":null,"building":"school","type":null,"name":null},"geometry":{"type":"MultiPolygon","coordinates":[[[[106.7614152,-6.5984419],[106.7615357,-6.5984368],[106.7615506,-6.598783],[106.76143,-6.5987881],[106.7614152,-6.5984419]]]]}},
{"type":"Feature","properties":{"full_id":"w1286965883","osm_id":"1286965883","osm_type":"way","amenity":null,"addr:province":null,"addr:housename":null,"short_name":null,"branch":null,"official_name":null,"layer":null,"mobile":null,"wikipedia":null,"wikidata":null,"website":null,"phone":null,"email":null,"natural":null,"landuse":null,"ref":null,"addr:subdistrict":null,"addr:district":null,"club":null,"religion":null,"grades":null,"opening_hours":null,"evacuation_center":null,"capacity:persons":null,"building:material":null,"building:floor":null,"building:condition":null,"backup_generator":null,"barrier":null,"sport":null,"leisure":null,"education":null,"type:id":null,"building:walls":null,"building:structure":null,"building:roof":null,"building:levels":null,"addr:postcode":null,"addr:housenumber":null,"addr:full":null,"access:roof":null,"nspn":null,"addr:city":null,"operator":null,"addr:street":null,"addr:state":null,"school:type_idn":null,"check_date":null,"wheelchair":null,"school:gender":null,"operator:type":null,"isced:level":null,"building":"school","type":null,"name":null},"geometry":{"type":"MultiPolygon","coordinates":[[[[106.7616579,-6.5983913],[106.7617819,-6.598386],[106.761798,-6.5987604],[106.761674,-6.5987656],[106.7616579,-6.5983913]]]]}},
{"type":"Feature","properties":{"full_id":"w1286969717","osm_id":"1286969717","osm_type":"way","amenity":"school","addr:province":null,"addr:housename":null,"short_name":null,"branch":null,"official_name":null,"layer":null,"mobile":null,"wikipedia":null,"wikidata":null,"website":null,"phone":null,"email":null,"natural":null,"landuse":null,"ref":null,"addr:subdistrict":null,"addr:district":null,"club":null,"religion":null,"grades":null,"opening_hours":null,"evacuation_center":null,"capacity:persons":null,"building:material":null,"building:floor":null,"building:condition":null,"backup_generator":null,"barrier":null,"sport":null,"leisure":null,"education":null,"type:id":null,"building:walls":null,"building:structure":null,"building:roof":null,"building:levels":null,"addr:postcode":null,"addr:housenumber":null,"addr:full":null,"access:roof":null,"nspn":null,"addr:city":null,"operator":null,"addr:street":null,"addr:state":null,"school:type_idn":null,"check_date":null,"wheelchair":null,"school:gender":null,"operator:type":null,"isced:level":null,"building":null,"type":null,"name":"Pesantren Al-Fatah SMP-SMA-SMK"},"geometry":{"type":"MultiPolygon","coordinates":[[[[106.7592788,-6.6009212],[106.7597026,-6.6011716],[106.7595417,-6.6014403],[106.7591179,-6.6011898],[106.7592788,-6.6009212]]]]}},
{"type":"Feature","properties":{"full_id":"w1286998130","osm_id":"1286998130","osm_type":"way","amenity":"school","addr:province":null,"addr:housename":null,"short_name":null,"branch":null,"official_name":null,"layer":null,"mobile":null,"wikipedia":null,"wikidata":null,"website":null,"phone":null,"email":null,"natural":null,"landuse":null,"ref":null,"addr:subdistrict":null,"addr:district":null,"club":null,"religion":null,"grades":null,"opening_hours":null,"evacuation_center":null,"capacity:persons":null,"building:material":null,"building:floor":null,"building:condition":null,"backup_generator":null,"barrier":null,"sport":null,"leisure":null,"education":null,"type:id":null,"building:walls":null,"building:structure":null,"building:roof":null,"building:levels":null,"addr:postcode":null,"addr:housenumber":null,"addr:full":null,"access:roof":null,"nspn":null,"addr:city":null,"operator":null,"addr:street":null,"addr:state":null,"school:type_idn":null,"check_date":null,"wheelchair":null,"school:gender":null,"operator:type":null,"isced:level":null,"building":"yes","type":null,"name":"SD Negeri 6 Ciapus"},"geometry":{"type":"MultiPolygon","coordinates":[[[[106.7492842,-6.6040443],[106.7493781,-6.6040393],[106.7493921,-6.6042998],[106.7492983,-6.6043048],[106.749297,-6.6042804],[106.7490922,-6.6042947],[106.7490927,-6.6043019],[106.7490328,-6.6043061],[106.7490214,-6.6041449],[106.7490813,-6.6041407],[106.7490866,-6.6042149],[106.7492927,-6.6042005],[106.7492842,-6.6040443]]]]}},
{"type":"Feature","properties":{"full_id":"w1286998251","osm_id":"1286998251","osm_type":"way","amenity":"school","addr:province":null,"addr:housename":null,"short_name":null,"branch":null,"official_name":null,"layer":null,"mobile":null,"wikipedia":null,"wikidata":null,"website":null,"phone":null,"email":null,"natural":null,"landuse":null,"ref":null,"addr:subdistrict":null,"addr:district":null,"club":null,"religion":null,"grades":null,"opening_hours":null,"evacuation_center":null,"capacity:persons":null,"building:material":null,"building:floor":null,"building:condition":null,"backup_generator":null,"barrier":null,"sport":null,"leisure":null,"education":null,"type:id":null,"building:walls":null,"building:structure":null,"building:roof":null,"building:levels":null,"addr:postcode":null,"addr:housenumber":null,"addr:full":null,"access:roof":null,"nspn":null,"addr:city":null,"operator":null,"addr:street":null,"addr:state":null,"school:type_idn":null,"check_date":null,"wheelchair":null,"school:gender":null,"operator:type":null,"isced:level":null,"building":"yes","type":null,"name":"SMP Dharma Nusa"},"geometry":{"type":"MultiPolygon","coordinates":[[[[106.7498682,-6.6039853],[106.7499715,-6.6039853],[106.7499715,-6.6043503],[106.7498682,-6.6043503],[106.7498682,-6.6039853]]]]}},
{"type":"Feature","properties":{"full_id":"w1286998447","osm_id":"1286998447","osm_type":"way","amenity":null,"addr:province":null,"addr:housename":null,"short_name":null,"branch":null,"official_name":null,"layer":null,"mobile":null,"wikipedia":null,"wikidata":null,"website":null,"phone":null,"email":null,"natural":null,"landuse":null,"ref":null,"addr:subdistrict":null,"addr:district":null,"club":null,"religion":null,"grades":null,"opening_hours":null,"evacuation_center":null,"capacity:persons":null,"building:material":null,"building:floor":null,"building:condition":null,"backup_generator":null,"barrier":null,"sport":null,"leisure":null,"education":null,"type:id":null,"building:walls":null,"building:structure":null,"building:roof":null,"building:levels":null,"addr:postcode":null,"addr:housenumber":null,"addr:full":null,"access:roof":null,"nspn":null,"addr:city":null,"operator":null,"addr:street":null,"addr:state":null,"school:type_idn":null,"check_date":null,"wheelchair":null,"school:gender":null,"operator:type":null,"isced:level":null,"building":"yes","type":null,"name":null},"geometry":{"type":"MultiPolygon","coordinates":[[[[106.7489999,-6.6052295],[106.7492802,-6.6054013],[106.7492252,-6.60549],[106.7489448,-6.6053182],[106.7489999,-6.6052295]]]]}},
{"type":"Feature","properties":{"full_id":"w1286998448","osm_id":"1286998448","osm_type":"way","amenity":null,"addr:province":null,"addr:housename":null,"short_name":null,"branch":null,"official_name":null,"layer":null,"mobile":null,"wikipedia":null,"wikidata":null,"website":null,"phone":null,"email":null,"natural":null,"landuse":null,"ref":null,"addr:subdistrict":null,"addr:district":null,"club":null,"religion":null,"grades":null,"opening_hours":null,"evacuation_center":null,"capacity:persons":null,"building:material":null,"building:floor":null,"building:condition":null,"backup_generator":null,"barrier":null,"sport":null,"leisure":null,"education":null,"type:id":null,"building:walls":null,"building:structure":null,"building:roof":null,"building:levels":null,"addr:postcode":null,"addr:housenumber":null,"addr:full":null,"access:roof":null,"nspn":null,"addr:city":null,"operator":null,"addr:street":null,"addr:state":null,"school:type_idn":null,"check_date":null,"wheelchair":null,"school:gender":null,"operator:type":null,"isced:level":null,"building":"yes","type":null,"name":null},"geometry":{"type":"MultiPolygon","coordinates":[[[[106.7488594,-6.6050777],[106.7489959,-6.6051613],[106.7489417,-6.6052485],[106.7488053,-6.6051649],[106.7488594,-6.6050777]]]]}},
{"type":"Feature","properties":{"full_id":"w1286998449","osm_id":"1286998449","osm_type":"way","amenity":null,"addr:province":null,"addr:housename":null,"short_name":null,"branch":null,"official_name":null,"layer":null,"mobile":null,"wikipedia":null,"wikidata":null,"website":null,"phone":null,"email":null,"natural":null,"landuse":null,"ref":null,"addr:subdistrict":null,"addr:district":null,"club":null,"religion":null,"grades":null,"opening_hours":null,"evacuation_center":null,"capacity:persons":null,"building:material":null,"building:floor":null,"building:condition":null,"backup_generator":null,"barrier":null,"sport":null,"leisure":null,"education":null,"type:id":null,"building:walls":null,"building:structure":null,"building:roof":null,"building:levels":null,"addr:postcode":null,"addr:housenumber":null,"addr:full":null,"access:roof":null,"nspn":null,"addr:city":null,"operator":null,"addr:street":null,"addr:state":null,"school:type_idn":null,"check_date":null,"wheelchair":null,"school:gender":null,"operator:type":null,"isced:level":null,"building":"yes","type":null,"name":null},"geometry":{"type":"MultiPolygon","coordinates":[[[[106.7493311,-6.6052498],[106.7495108,-6.6053617],[106.7495336,-6.6053759],[106.749478,-6.605464],[106.7492755,-6.6053379],[106.7493311,-6.6052498]]]]}},
{"type":"Feature","properties":{"full_id":"w1286998450","osm_id":"1286998450","osm_type":"way","amenity":null,"addr:province":null,"addr:housename":null,"short_name":null,"branch":null,"official_name":null,"layer":null,"mobile":null,"wikipedia":null,"wikidata":null,"website":null,"phone":null,"email":null,"natural":null,"landuse":null,"ref":null,"addr:subdistrict":null,"addr:district":null,"club":null,"religion":null,"grades":null,"opening_hours":null,"evacuation_center":null,"capacity:persons":null,"building:material":null,"building:floor":null,"building:condition":null,"backup_generator":null,"barrier":null,"sport":null,"leisure":null,"education":null,"type:id":null,"building:walls":null,"building:structure":null,"building:roof":null,"building:levels":null,"addr:postcode":null,"addr:housenumber":null,"addr:full":null,"access:roof":null,"nspn":null,"addr:city":null,"operator":null,"addr:street":null,"addr:state":null,"school:type_idn":null,"check_date":null,"wheelchair":null,"school:gender":null,"operator:type":null,"isced:level":null,"building":"yes","type":null,"name":null},"geometry":{"type":"MultiPolygon","coordinates":[[[[106.7493868,-6.6051616],[106.7495665,-6.6052735],[106.7495108,-6.6053617],[106.7493311,-6.6052498],[106.7493868,-6.6051616]]]]}},
{"type":"Feature","properties":{"full_id":"w1286999337","osm_id":"1286999337","osm_type":"way","amenity":"school","addr:province":null,"addr:housename":null,"short_name":null,"branch":null,"official_name":null,"layer":null,"mobile":null,"wikipedia":null,"wikidata":null,"website":null,"phone":null,"email":null,"natural":null,"landuse":null,"ref":null,"addr:subdistrict":null,"addr:district":null,"club":null,"religion":null,"grades":null,"opening_hours":null,"evacuation_center":null,"capacity:persons":null,"building:material":null,"building:floor":null,"building:condition":null,"backup_generator":null,"barrier":null,"sport":null,"leisure":null,"education":null,"type:id":null,"building:walls":null,"building:structure":null,"building:roof":null,"building:levels":null,"addr:postcode":null,"addr:housenumber":null,"addr:full":null,"access:roof":null,"nspn":null,"addr:city":null,"operator":null,"addr:street":null,"addr:state":null,"school:type_idn":null,"check_date":null,"wheelchair":null,"school:gender":null,"operator:type":null,"isced:level":null,"building":null,"type":null,"name":"SD Negeri 5 Cilubang"},"geometry":{"type":"MultiPolygon","coordinates":[[[[106.7416015,-6.6014029],[106.7415848,-6.6015174],[106.7416327,-6.6015243],[106.7416147,-6.6016475],[106.741348,-6.601609],[106.7413654,-6.60149],[106.7413528,-6.6014882],[106.7413701,-6.6013695],[106.7416015,-6.6014029]]]]}},
{"type":"Feature","properties":{"full_id":"w1287001415","osm_id":"1287001415","osm_type":"way","amenity":"school","addr:province":null,"addr:housename":null,"short_name":null,"branch":null,"official_name":null,"layer":null,"mobile":null,"wikipedia":null,"wikidata":null,"website":null,"phone":null,"email":null,"natural":null,"landuse":null,"ref":null,"addr:subdistrict":null,"addr:district":null,"club":null,"religion":null,"grades":null,"opening_hours":null,"evacuation_center":null,"capacity:persons":null,"building:material":null,"building:floor":null,"building:condition":null,"backup_generator":null,"barrier":null,"sport":null,"leisure":null,"education":null,"type:id":null,"building:walls":null,"building:structure":null,"building:roof":null,"building:levels":null,"addr:postcode":null,"addr:housenumber":null,"addr:full":null,"access:roof":null,"nspn":null,"addr:city":null,"operator":null,"addr:street":null,"addr:state":null,"school:type_idn":null,"check_date":null,"wheelchair":null,"school:gender":null,"operator:type":null,"isced:level":null,"building":"yes","type":null,"name":"SD Negeri 5 Ciapus"},"geometry":{"type":"MultiPolygon","coordinates":[[[[106.7449553,-6.5950955],[106.7449695,-6.5953542],[106.7450959,-6.5953473],[106.7451006,-6.5954324],[106.7448089,-6.5954482],[106.7448042,-6.5953631],[106.7448735,-6.5953594],[106.7448593,-6.5951007],[106.7448552,-6.5950261],[106.7449512,-6.5950209],[106.745002,-6.5950181],[106.7450061,-6.5950927],[106.7449553,-6.5950955]]]]}},
{"type":"Feature","properties":{"full_id":"w1287003501","osm_id":"1287003501","osm_type":"way","amenity":"school","addr:province":null,"addr:housename":null,"short_name":null,"branch":null,"official_name":null,"layer":null,"mobile":null,"wikipedia":null,"wikidata":null,"website":null,"phone":null,"email":null,"natural":null,"landuse":null,"ref":null,"addr:subdistrict":null,"addr:district":null,"club":null,"religion":null,"grades":null,"opening_hours":null,"evacuation_center":null,"capacity:persons":null,"building:material":null,"building:floor":null,"building:condition":null,"backup_generator":null,"barrier":null,"sport":null,"leisure":null,"education":null,"type:id":null,"building:walls":null,"building:structure":null,"building:roof":null,"building:levels":null,"addr:postcode":null,"addr:housenumber":null,"addr:full":null,"access:roof":null,"nspn":null,"addr:city":null,"operator":null,"addr:street":null,"addr:state":null,"school:type_idn":null,"check_date":null,"wheelchair":null,"school:gender":null,"operator:type":null,"isced:level":null,"building":"yes","type":null,"name":"SD Negeri 02 Pagelaran"},"geometry":{"type":"MultiPolygon","coordinates":[[[[106.7565577,-6.5969858],[106.756656,-6.5969693],[106.7566949,-6.5971985],[106.7565966,-6.5972149],[106.7565577,-6.5969858]]]]}},
{"type":"Feature","properties":{"full_id":"w1287030331","osm_id":"1287030331","osm_type":"way","amenity":"school","addr:province":null,"addr:housename":null,"short_name":null,"branch":null,"official_name":null,"layer":null,"mobile":null,"wikipedia":null,"wikidata":null,"website":null,"phone":null,"email":null,"natural":null,"landuse":null,"ref":null,"addr:subdistrict":null,"addr:district":null,"club":null,"religion":null,"grades":null,"opening_hours":null,"evacuation_center":null,"capacity:persons":null,"building:material":null,"building:floor":null,"building:condition":null,"backup_generator":null,"barrier":null,"sport":null,"leisure":null,"education":null,"type:id":null,"building:walls":null,"building:structure":null,"building:roof":null,"building:levels":null,"addr:postcode":null,"addr:housenumber":null,"addr:full":null,"access:roof":null,"nspn":null,"addr:city":null,"operator":null,"addr:street":null,"addr:state":null,"school:type_idn":null,"check_date":null,"wheelchair":null,"school:gender":null,"operator:type":null,"isced:level":null,"building":"yes","type":null,"name":"SD Negeri 01 Ciapus"},"geometry":{"type":"MultiPolygon","coordinates":[[[[106.7511932,-6.6132384],[106.7512254,-6.6131874],[106.7513162,-6.6132441],[106.7511854,-6.6134506],[106.7510947,-6.6133939],[106.7511486,-6.6133087],[106.7510883,-6.6132711],[106.7511329,-6.6132007],[106.7511932,-6.6132384]]]]}},
{"type":"Feature","properties":{"full_id":"w1287032494","osm_id":"1287032494","osm_type":"way","amenity":"school","addr:province":null,"addr:housename":null,"short_name":null,"branch":null,"official_name":null,"layer":null,"mobile":null,"wikipedia":null,"wikidata":null,"website":null,"phone":null,"email":null,"natural":null,"landuse":null,"ref":null,"addr:subdistrict":null,"addr:district":null,"club":null,"religion":null,"grades":null,"opening_hours":null,"evacuation_center":null,"capacity:persons":null,"building:material":null,"building:floor":null,"building:condition":null,"backup_generator":null,"barrier":null,"sport":null,"leisure":null,"education":null,"type:id":null,"building:walls":null,"building:structure":null,"building:roof":null,"building:levels":null,"addr:postcode":null,"addr:housenumber":null,"addr:full":null,"access:roof":null,"nspn":null,"addr:city":null,"operator":null,"addr:street":null,"addr:state":null,"school:type_idn":null,"check_date":null,"wheelchair":null,"school:gender":null,"operator:type":null,"isced:level":null,"building":"yes","type":null,"name":"SD An-Nur"},"geometry":{"type":"MultiPolygon","coordinates":[[[[106.75409,-6.6004336],[106.7541764,-6.6004242],[106.7544575,-6.6003936],[106.7544612,-6.6004272],[106.7544628,-6.600427],[106.7544749,-6.6005375],[106.7544026,-6.6005454],[106.7543938,-6.6004651],[106.7541835,-6.600488],[106.754196,-6.6006014],[106.7541096,-6.6006108],[106.7540971,-6.6004974],[106.75409,-6.6004336]]]]}},
{"type":"Feature","properties":{"full_id":"w1287081751","osm_id":"1287081751","osm_type":"way","amenity":"school","addr:province":null,"addr:housename":null,"short_name":null,"branch":null,"official_name":null,"layer":null,"mobile":null,"wikipedia":null,"wikidata":null,"website":null,"phone":null,"email":null,"natural":null,"landuse":null,"ref":null,"addr:subdistrict":null,"addr:district":null,"club":null,"religion":null,"grades":null,"opening_hours":null,"evacuation_center":null,"capacity:persons":null,"building:material":null,"building:floor":null,"building:condition":null,"backup_generator":null,"barrier":null,"sport":null,"leisure":null,"education":null,"type:id":null,"building:walls":null,"building:structure":null,"building:roof":null,"building:levels":null,"addr:postcode":null,"addr:housenumber":null,"addr:full":null,"access:roof":null,"nspn":null,"addr:city":null,"operator":null,"addr:street":null,"addr:state":null,"school:type_idn":null,"check_date":null,"wheelchair":null,"school:gender":null,"operator:type":null,"isced:level":null,"building":"yes","type":null,"name":"SD Negeri Lumbung"},"geometry":{"type":"MultiPolygon","coordinates":[[[[106.746286,-6.5416921],[106.7463178,-6.5417003],[106.7464856,-6.541744],[106.7464618,-6.541834],[106.746294,-6.5417902],[106.7462601,-6.5419188],[106.7464316,-6.5419635],[106.7464162,-6.5420218],[106.7461487,-6.5419521],[106.7461641,-6.5418938],[106.746144,-6.5418886],[106.7462017,-6.5416701],[106.746286,-6.5416921]]]]}},
{"type":"Feature","properties":{"full_id":"w1287229871","osm_id":"1287229871","osm_type":"way","amenity":"school","addr:province":null,"addr:housename":null,"short_name":null,"branch":null,"official_name":null,"layer":null,"mobile":null,"wikipedia":null,"wikidata":null,"website":null,"phone":null,"email":null,"natural":null,"landuse":null,"ref":null,"addr:subdistrict":null,"addr:district":null,"club":null,"religion":null,"grades":null,"opening_hours":null,"evacuation_center":null,"capacity:persons":null,"building:material":null,"building:floor":null,"building:condition":null,"backup_generator":null,"barrier":null,"sport":null,"leisure":null,"education":null,"type:id":null,"building:walls":null,"building:structure":null,"building:roof":null,"building:levels":null,"addr:postcode":null,"addr:housenumber":null,"addr:full":null,"access:roof":null,"nspn":null,"addr:city":null,"operator":null,"addr:street":null,"addr:state":null,"school:type_idn":null,"check_date":null,"wheelchair":null,"school:gender":null,"operator:type":null,"isced:level":null,"building":null,"type":null,"name":"SMK Golden"},"geometry":{"type":"MultiPolygon","coordinates":[[[[106.725774,-6.5374438],[106.7257498,-6.5373319],[106.7263922,-6.5374478],[106.7264298,-6.5378954],[106.7263909,-6.5379021],[106.7263225,-6.5383378],[106.7259349,-6.5383032],[106.725892,-6.5380327],[106.725774,-6.5374438]]]]}},
{"type":"Feature","properties":{"full_id":"w1287231182","osm_id":"1287231182","osm_type":"way","amenity":"school","addr:province":null,"addr:housename":null,"short_name":null,"branch":null,"official_name":null,"layer":null,"mobile":null,"wikipedia":null,"wikidata":null,"website":null,"phone":null,"email":null,"natural":null,"landuse":null,"ref":null,"addr:subdistrict":null,"addr:district":null,"club":null,"religion":null,"grades":null,"opening_hours":null,"evacuation_center":null,"capacity:persons":null,"building:material":null,"building:floor":null,"building:condition":null,"backup_generator":null,"barrier":null,"sport":null,"leisure":null,"education":null,"type:id":null,"building:walls":null,"building:structure":null,"building:roof":null,"building:levels":null,"addr:postcode":null,"addr:housenumber":null,"addr:full":null,"access:roof":null,"nspn":null,"addr:city":null,"operator":null,"addr:street":null,"addr:state":null,"school:type_idn":null,"check_date":null,"wheelchair":null,"school:gender":null,"operator:type":null,"isced:level":null,"building":null,"type":null,"name":"SMP Negeri 1 Rancabungur"},"geometry":{"type":"MultiPolygon","coordinates":[[[[106.7169286,-6.5421967],[106.717228,-6.542228],[106.7172214,-6.5422906],[106.7176631,-6.5423367],[106.7175836,-6.543089],[106.7168425,-6.5430117],[106.7169286,-6.5421967]]]]}},
{"type":"Feature","properties":{"full_id":"w1287231187","osm_id":"1287231187","osm_type":"way","amenity":"school","addr:province":null,"addr:housename":null,"short_name":null,"branch":null,"official_name":null,"layer":null,"mobile":null,"wikipedia":null,"wikidata":null,"website":null,"phone":null,"email":null,"natural":null,"landuse":null,"ref":null,"addr:subdistrict":null,"addr:district":null,"club":null,"religion":null,"grades":null,"opening_hours":null,"evacuation_center":null,"capacity:persons":null,"building:material":null,"building:floor":null,"building:condition":null,"backup_generator":null,"barrier":null,"sport":null,"leisure":null,"education":null,"type:id":null,"building:walls":null,"building:structure":null,"building:roof":null,"building:levels":null,"addr:postcode":null,"addr:housenumber":null,"addr:full":null,"access:roof":null,"nspn":null,"addr:city":null,"operator":null,"addr:street":null,"addr:state":null,"school:type_idn":null,"check_date":null,"wheelchair":null,"school:gender":null,"operator:type":null,"isced:level":null,"building":null,"type":null,"name":"SMA Negeri 1 Rancabungur"},"geometry":{"type":"MultiPolygon","coordinates":[[[[106.716637,-6.5418073],[106.7169347,-6.5418499],[106.7168261,-6.5430318],[106.7167,-6.5430344],[106.7166249,-6.5431717],[106.7163192,-6.5430398],[106.7162776,-6.5429292],[106.7163286,-6.5425161],[106.7162159,-6.5424975],[106.7162696,-6.5420498],[106.716578,-6.5420951],[106.716637,-6.5418073]]]]}},
{"type":"Feature","properties":{"full_id":"w1287232006","osm_id":"1287232006","osm_type":"way","amenity":"school","addr:province":null,"addr:housename":null,"short_name":null,"branch":null,"official_name":null,"layer":null,"mobile":null,"wikipedia":null,"wikidata":null,"website":null,"phone":null,"email":null,"natural":null,"landuse":null,"ref":null,"addr:subdistrict":null,"addr:district":null,"club":null,"religion":null,"grades":null,"opening_hours":null,"evacuation_center":null,"capacity:persons":null,"building:material":null,"building:floor":null,"building:condition":null,"backup_generator":null,"barrier":null,"sport":null,"leisure":null,"education":null,"type:id":null,"building:walls":null,"building:structure":null,"building:roof":null,"building:levels":null,"addr:postcode":null,"addr:housenumber":null,"addr:full":null,"access:roof":null,"nspn":null,"addr:city":null,"operator":null,"addr:street":null,"addr:state":null,"school:type_idn":null,"check_date":null,"wheelchair":null,"school:gender":null,"operator:type":null,"isced:level":null,"building":"yes","type":null,"name":"Pesantren Aladzievie"},"geometry":{"type":"MultiPolygon","coordinates":[[[[106.7145134,-6.5422243],[106.7147508,-6.542287],[106.7147597,-6.5422538],[106.714762,-6.5422452],[106.7148238,-6.5420138],[106.7149242,-6.5420403],[106.7148624,-6.5422717],[106.714866,-6.5422726],[106.7148326,-6.5423976],[106.7147386,-6.5423728],[106.7147379,-6.5423753],[106.7144905,-6.54231],[106.7145134,-6.5422243]]]]}},
{"type":"Feature","properties":{"full_id":"w1287234480","osm_id":"1287234480","osm_type":"way","amenity":"school","addr:province":null,"addr:housename":null,"short_name":null,"branch":null,"official_name":null,"layer":null,"mobile":null,"wikipedia":null,"wikidata":null,"website":null,"phone":null,"email":null,"natural":null,"landuse":null,"ref":null,"addr:subdistrict":null,"addr:district":null,"club":null,"religion":null,"grades":"7-9","opening_hours":null,"evacuation_center":null,"capacity:persons":null,"building:material":null,"building:floor":null,"building:condition":null,"backup_generator":null,"barrier":null,"sport":null,"leisure":null,"education":null,"type:id":null,"building:walls":null,"building:structure":null,"building:roof":null,"building:levels":null,"addr:postcode":"16620","addr:housenumber":"16","addr:full":null,"access:roof":null,"nspn":null,"addr:city":"Ciampea, Bogor","operator":null,"addr:street":"Jl. Raya Letnan Sukarna","addr:state":null,"school:type_idn":null,"check_date":null,"wheelchair":null,"school:gender":null,"operator:type":null,"isced:level":null,"building":null,"type":null,"name":"SMP Negeri 1 Ciampea"},"geometry":{"type":"MultiPolygon","coordinates":[[[[106.6930663,-6.5437343],[106.6931308,-6.5436371],[106.6932637,-6.5437242],[106.6933503,-6.5435936],[106.6933926,-6.5436214],[106.6934517,-6.5435324],[106.6937228,-6.54371],[106.6936692,-6.5437907],[106.6938267,-6.5438938],[106.6936701,-6.5441297],[106.6930663,-6.5437343]]]]}},
{"type":"Feature","properties":{"full_id":"w1287309266","osm_id":"1287309266","osm_type":"way","amenity":"school","addr:province":null,"addr:housename":null,"short_name":null,"branch":null,"official_name":null,"layer":null,"mobile":null,"wikipedia":null,"wikidata":null,"website":null,"phone":null,"email":null,"natural":null,"landuse":null,"ref":null,"addr:subdistrict":null,"addr:district":null,"club":null,"religion":null,"grades":null,"opening_hours":null,"evacuation_center":null,"capacity:persons":null,"building:material":null,"building:floor":null,"building:condition":null,"backup_generator":null,"barrier":null,"sport":null,"leisure":null,"education":null,"type:id":null,"building:walls":null,"building:structure":null,"building:roof":null,"building:levels":null,"addr:postcode":null,"addr:housenumber":null,"addr:full":null,"access:roof":null,"nspn":null,"addr:city":null,"operator":null,"addr:street":null,"addr:state":null,"school:type_idn":null,"check_date":null,"wheelchair":null,"school:gender":null,"operator:type":null,"isced:level":null,"building":"yes","type":null,"name":"SMPIT Al Ijtihad"},"geometry":{"type":"MultiPolygon","coordinates":[[[[106.6954919,-6.5550192],[106.6955725,-6.5550341],[106.6955649,-6.5550744],[106.6956236,-6.5550853],[106.6955943,-6.5552408],[106.6955182,-6.5552267],[106.6955248,-6.5551914],[106.6954797,-6.555183],[106.6954927,-6.5551141],[106.6954746,-6.5551107],[106.6954919,-6.5550192]]]]}},
{"type":"Feature","properties":{"full_id":"w1287309657","osm_id":"1287309657","osm_type":"way","amenity":"school","addr:province":null,"addr:housename":null,"short_name":null,"branch":null,"official_name":null,"layer":null,"mobile":null,"wikipedia":null,"wikidata":null,"website":null,"phone":null,"email":null,"natural":null,"landuse":null,"ref":null,"addr:subdistrict":null,"addr:district":null,"club":null,"religion":null,"grades":null,"opening_hours":null,"evacuation_center":null,"capacity:persons":null,"building:material":null,"building:floor":null,"building:condition":null,"backup_generator":null,"barrier":null,"sport":null,"leisure":null,"education":null,"type:id":null,"building:walls":null,"building:structure":null,"building:roof":null,"building:levels":null,"addr:postcode":null,"addr:housenumber":null,"addr:full":null,"access:roof":null,"nspn":null,"addr:city":null,"operator":null,"addr:street":null,"addr:state":null,"school:type_idn":null,"check_date":null,"wheelchair":null,"school:gender":null,"operator:type":null,"isced:level":null,"building":"yes","type":null,"name":"MI Al Ijtihad"},"geometry":{"type":"MultiPolygon","coordinates":[[[[106.695573,-6.554876],[106.6955763,-6.555001],[106.6954983,-6.555003],[106.6954945,-6.5548591],[106.6955245,-6.5548583],[106.6955227,-6.5547864],[106.6957292,-6.5547811],[106.6957316,-6.5548719],[106.695573,-6.554876]]]]}},
{"type":"Feature","properties":{"full_id":"w1287517733","osm_id":"1287517733","osm_type":"way","amenity":"school","addr:province":null,"addr:housename":null,"short_name":null,"branch":null,"official_name":null,"layer":null,"mobile":null,"wikipedia":null,"wikidata":null,"website":null,"phone":null,"email":null,"natural":null,"landuse":null,"ref":null,"addr:subdistrict":null,"addr:district":null,"club":null,"religion":null,"grades":null,"opening_hours":"Mo-Sa 08:00-18:00","evacuation_center":null,"capacity:persons":null,"building:material":null,"building:floor":null,"building:condition":null,"backup_generator":null,"barrier":null,"sport":null,"leisure":null,"education":null,"type:id":null,"building:walls":null,"building:structure":null,"building:roof":null,"building:levels":null,"addr:postcode":null,"addr:housenumber":null,"addr:full":null,"access:roof":null,"nspn":null,"addr:city":null,"operator":null,"addr:street":null,"addr:state":null,"school:type_idn":null,"check_date":null,"wheelchair":null,"school:gender":null,"operator:type":null,"isced:level":null,"building":"yes","type":null,"name":"SD Negeri Gunung Leutik"},"geometry":{"type":"MultiPolygon","coordinates":[[[[106.7061564,-6.5484697],[106.7061508,-6.5485518],[106.7061651,-6.5485528],[106.706159,-6.5486423],[106.705886,-6.548624],[106.7058921,-6.5485344],[106.7060533,-6.5485452],[106.7060589,-6.5484632],[106.7059373,-6.548455],[106.7059457,-6.5483306],[106.7061649,-6.5483453],[106.7061572,-6.548457],[106.7061564,-6.5484697]]]]}},
{"type":"Feature","properties":{"full_id":"w1287519416","osm_id":"1287519416","osm_type":"way","amenity":"school","addr:province":null,"addr:housename":null,"short_name":null,"branch":null,"official_name":null,"layer":null,"mobile":null,"wikipedia":null,"wikidata":null,"website":null,"phone":null,"email":null,"natural":null,"landuse":null,"ref":null,"addr:subdistrict":null,"addr:district":null,"club":null,"religion":null,"grades":"10-12","opening_hours":null,"evacuation_center":null,"capacity:persons":null,"building:material":null,"building:floor":null,"building:condition":null,"backup_generator":null,"barrier":null,"sport":null,"leisure":null,"education":null,"type:id":null,"building:walls":null,"building:structure":null,"building:roof":null,"building:levels":null,"addr:postcode":"16620","addr:housenumber":"23","addr:full":null,"access:roof":null,"nspn":null,"addr:city":"Ciampea","operator":null,"addr:street":"Jl. Wr. Borong","addr:state":null,"school:type_idn":null,"check_date":null,"wheelchair":null,"school:gender":null,"operator:type":null,"isced:level":null,"building":"yes","type":null,"name":"SMK Pelita Ciampea"},"geometry":{"type":"MultiPolygon","coordinates":[[[[106.6976608,-6.5525894],[106.6976523,-6.5526167],[106.6975826,-6.5525955],[106.6975911,-6.5525682],[106.6974976,-6.5525397],[106.6974619,-6.5526554],[106.6973741,-6.5526286],[106.6974579,-6.5523569],[106.6975457,-6.5523837],[106.6975241,-6.5524535],[106.6979903,-6.5525954],[106.6979637,-6.5526816],[106.6976608,-6.5525894]]]]}},
{"type":"Feature","properties":{"full_id":"w1287519501","osm_id":"1287519501","osm_type":"way","amenity":"school","addr:province":null,"addr:housename":null,"short_name":null,"branch":null,"official_name":null,"layer":null,"mobile":null,"wikipedia":null,"wikidata":null,"website":null,"phone":null,"email":null,"natural":null,"landuse":null,"ref":null,"addr:subdistrict":null,"addr:district":null,"club":null,"religion":null,"grades":"10-12","opening_hours":null,"evacuation_center":null,"capacity:persons":null,"building:material":null,"building:floor":null,"building:condition":null,"backup_generator":null,"barrier":null,"sport":null,"leisure":null,"education":null,"type:id":null,"building:walls":null,"building:structure":null,"building:roof":null,"building:levels":null,"addr:postcode":"16620","addr:housenumber":"23","addr:full":null,"access:roof":null,"nspn":null,"addr:city":"Ciampea","operator":null,"addr:street":"Jl. Wr. Borong","addr:state":null,"school:type_idn":null,"check_date":null,"wheelchair":null,"school:gender":null,"operator:type":null,"isced:level":null,"building":"yes","type":null,"name":"SMP Pelita Ciampea"},"geometry":{"type":"MultiPolygon","coordinates":[[[[106.6976929,-6.5528864],[106.6976722,-6.5529451],[106.6974657,-6.5528731],[106.6974941,-6.5527926],[106.6976923,-6.5528616],[106.6977637,-6.5526594],[106.6978736,-6.5526977],[106.6978219,-6.5528443],[106.6978292,-6.5528469],[106.6978897,-6.5526754],[106.6979844,-6.5527083],[106.6978978,-6.5529538],[106.6978835,-6.5529488],[106.6978031,-6.5529208],[106.6977958,-6.5529183],[106.6977945,-6.5529218],[106.6976929,-6.5528864]]]]}},
{"type":"Feature","properties":{"full_id":"w1287519608","osm_id":"1287519608","osm_type":"way","amenity":"school","addr:province":null,"addr:housename":null,"short_name":null,"branch":null,"official_name":null,"layer":null,"mobile":null,"wikipedia":null,"wikidata":null,"website":null,"phone":null,"email":null,"natural":null,"landuse":null,"ref":null,"addr:subdistrict":null,"addr:district":null,"club":null,"religion":null,"grades":null,"opening_hours":null,"evacuation_center":null,"capacity:persons":null,"building:material":null,"building:floor":null,"building:condition":null,"backup_generator":null,"barrier":null,"sport":null,"leisure":null,"education":null,"type:id":null,"building:walls":null,"building:structure":null,"building:roof":null,"building:levels":null,"addr:postcode":null,"addr:housenumber":null,"addr:full":null,"access:roof":null,"nspn":null,"addr:city":null,"operator":null,"addr:street":null,"addr:state":null,"school:type_idn":null,"check_date":null,"wheelchair":null,"school:gender":null,"operator:type":null,"isced:level":null,"building":"yes","type":null,"name":"SMP Kesehatan Ciampea"},"geometry":{"type":"MultiPolygon","coordinates":[[[[106.6973492,-6.5530244],[106.6974527,-6.5530524],[106.6974035,-6.5532321],[106.6975718,-6.5532775],[106.6975397,-6.5533948],[106.6974548,-6.5533719],[106.6974445,-6.5534095],[106.6973828,-6.5533928],[106.6973931,-6.5533552],[106.697234,-6.5533123],[106.6972661,-6.553195],[106.6973001,-6.5532041],[106.6973492,-6.5530244]]]]}},
{"type":"Feature","properties":{"full_id":"w1287541241","osm_id":"1287541241","osm_type":"way","amenity":"school","addr:province":null,"addr:housename":null,"short_name":null,"branch":null,"official_name":null,"layer":null,"mobile":null,"wikipedia":null,"wikidata":null,"website":null,"phone":null,"email":null,"natural":null,"landuse":null,"ref":null,"addr:subdistrict":null,"addr:district":null,"club":null,"religion":null,"grades":null,"opening_hours":null,"evacuation_center":null,"capacity:persons":null,"building:material":null,"building:floor":null,"building:condition":null,"backup_generator":null,"barrier":null,"sport":null,"leisure":null,"education":null,"type:id":null,"building:walls":null,"building:structure":null,"building:roof":null,"building:levels":null,"addr:postcode":null,"addr:housenumber":null,"addr:full":null,"access:roof":null,"nspn":null,"addr:city":null,"operator":null,"addr:street":null,"addr:state":null,"school:type_idn":null,"check_date":null,"wheelchair":null,"school:gender":null,"operator:type":null,"isced:level":null,"building":"yes","type":null,"name":"SMPIT Al Ittihaad"},"geometry":{"type":"MultiPolygon","coordinates":[[[[106.6944189,-6.5590386],[106.6946818,-6.5591145],[106.6946504,-6.5592218],[106.6943875,-6.5591459],[106.6944189,-6.5590386]]]]}},
{"type":"Feature","properties":{"full_id":"w1287541257","osm_id":"1287541257","osm_type":"way","amenity":"school","addr:province":null,"addr:housename":null,"short_name":null,"branch":null,"official_name":null,"layer":null,"mobile":null,"wikipedia":null,"wikidata":null,"website":null,"phone":null,"email":null,"natural":null,"landuse":null,"ref":null,"addr:subdistrict":null,"addr:district":null,"club":null,"religion":null,"grades":null,"opening_hours":null,"evacuation_center":null,"capacity:persons":null,"building:material":null,"building:floor":null,"building:condition":null,"backup_generator":null,"barrier":null,"sport":null,"leisure":null,"education":null,"type:id":null,"building:walls":null,"building:structure":null,"building:roof":null,"building:levels":null,"addr:postcode":null,"addr:housenumber":null,"addr:full":null,"access:roof":null,"nspn":null,"addr:city":null,"operator":null,"addr:street":null,"addr:state":null,"school:type_idn":null,"check_date":null,"wheelchair":null,"school:gender":null,"operator:type":null,"isced:level":null,"building":null,"type":null,"name":"SMP PGRI Ciampea"},"geometry":{"type":"MultiPolygon","coordinates":[[[[106.6950104,-6.5572626],[106.6953349,-6.5574305],[106.6951632,-6.5577049],[106.6951358,-6.5576926],[106.6948923,-6.5576057],[106.6949527,-6.5573159],[106.6950104,-6.5572626]]]]}},
{"type":"Feature","properties":{"full_id":"w1287541288","osm_id":"1287541288","osm_type":"way","amenity":"school","addr:province":null,"addr:housename":null,"short_name":null,"branch":null,"official_name":null,"layer":null,"mobile":null,"wikipedia":null,"wikidata":null,"website":null,"phone":null,"email":null,"natural":null,"landuse":null,"ref":null,"addr:subdistrict":null,"addr:district":null,"club":null,"religion":null,"grades":null,"opening_hours":null,"evacuation_center":null,"capacity:persons":null,"building:material":null,"building:floor":null,"building:condition":null,"backup_generator":null,"barrier":null,"sport":null,"leisure":null,"education":null,"type:id":null,"building:walls":null,"building:structure":null,"building:roof":null,"building:levels":null,"addr:postcode":null,"addr:housenumber":null,"addr:full":null,"access:roof":null,"nspn":null,"addr:city":null,"operator":null,"addr:street":null,"addr:state":null,"school:type_idn":null,"check_date":null,"wheelchair":null,"school:gender":null,"operator:type":null,"isced:level":null,"building":"yes","type":null,"name":"SD Negeri 02 Bojong Rangkas"},"geometry":{"type":"MultiPolygon","coordinates":[[[[106.6950973,-6.5562277],[106.6950662,-6.5562415],[106.6951323,-6.5563885],[106.6950507,-6.5564247],[106.6950337,-6.5564322],[106.6949337,-6.5562098],[106.6949656,-6.5561957],[106.6951095,-6.5561319],[106.6951141,-6.5561421],[106.6951626,-6.5561206],[106.6952514,-6.5563182],[106.6951568,-6.5563601],[106.6950973,-6.5562277]]]]}},
{"type":"Feature","properties":{"full_id":"w1287541335","osm_id":"1287541335","osm_type":"way","amenity":"school","addr:province":null,"addr:housename":null,"short_name":null,"branch":null,"official_name":null,"layer":null,"mobile":null,"wikipedia":null,"wikidata":null,"website":null,"phone":null,"email":null,"natural":null,"landuse":null,"ref":null,"addr:subdistrict":null,"addr:district":null,"club":null,"religion":null,"grades":null,"opening_hours":null,"evacuation_center":null,"capacity:persons":null,"building:material":null,"building:floor":null,"building:condition":null,"backup_generator":null,"barrier":null,"sport":null,"leisure":null,"education":"school","type:id":null,"building:walls":null,"building:structure":null,"building:roof":null,"building:levels":null,"addr:postcode":null,"addr:housenumber":null,"addr:full":null,"access:roof":null,"nspn":null,"addr:city":null,"operator":null,"addr:street":null,"addr:state":null,"school:type_idn":null,"check_date":null,"wheelchair":null,"school:gender":null,"operator:type":null,"isced:level":null,"building":"yes","type":null,"name":"SD Negeri 01 Bojong Rangkas"},"geometry":{"type":"MultiPolygon","coordinates":[[[[106.6947578,-6.556452],[106.6946764,-6.5564579],[106.6946563,-6.5561821],[106.6947558,-6.5561749],[106.694771,-6.5563833],[106.6948588,-6.556377],[106.6948655,-6.5564685],[106.6947595,-6.5564762],[106.6947578,-6.556452]]]]}},
{"type":"Feature","properties":{"full_id":"w1287541566","osm_id":"1287541566","osm_type":"way","amenity":"school","addr:province":null,"addr:housename":null,"short_name":null,"branch":null,"official_name":null,"layer":null,"mobile":null,"wikipedia":null,"wikidata":null,"website":null,"phone":null,"email":null,"natural":null,"landuse":null,"ref":null,"addr:subdistrict":null,"addr:district":null,"club":null,"religion":null,"grades":null,"opening_hours":null,"evacuation_center":null,"capacity:persons":null,"building:material":null,"building:floor":null,"building:condition":null,"backup_generator":null,"barrier":null,"sport":null,"leisure":null,"education":null,"type:id":null,"building:walls":null,"building:structure":null,"building:roof":null,"building:levels":null,"addr:postcode":null,"addr:housenumber":null,"addr:full":null,"access:roof":null,"nspn":null,"addr:city":null,"operator":null,"addr:street":null,"addr:state":null,"school:type_idn":null,"check_date":null,"wheelchair":null,"school:gender":null,"operator:type":null,"isced:level":null,"building":null,"type":null,"name":"SD Negeri 05 Bojong Rangkas"},"geometry":{"type":"MultiPolygon","coordinates":[[[[106.6972138,-6.5594823],[106.697356,-6.5595249],[106.6972715,-6.5597407],[106.6975316,-6.5599606],[106.6974029,-6.5601031],[106.6973814,-6.5600978],[106.6970797,-6.559838],[106.6970757,-6.559798],[106.6972138,-6.5594823]]]]}},
{"type":"Feature","properties":{"full_id":"w1287542529","osm_id":"1287542529","osm_type":"way","amenity":"school","addr:province":null,"addr:housename":null,"short_name":null,"branch":null,"official_name":null,"layer":null,"mobile":null,"wikipedia":null,"wikidata":null,"website":null,"phone":null,"email":null,"natural":null,"landuse":null,"ref":null,"addr:subdistrict":null,"addr:district":null,"club":null,"religion":null,"grades":null,"opening_hours":null,"evacuation_center":null,"capacity:persons":null,"building:material":null,"building:floor":null,"building:condition":null,"backup_generator":null,"barrier":null,"sport":null,"leisure":null,"education":null,"type:id":null,"building:walls":null,"building:structure":null,"building:roof":null,"building:levels":null,"addr:postcode":null,"addr:housenumber":null,"addr:full":null,"access:roof":null,"nspn":null,"addr:city":null,"operator":null,"addr:street":null,"addr:state":null,"school:type_idn":null,"check_date":null,"wheelchair":null,"school:gender":null,"operator:type":null,"isced:level":null,"building":null,"type":null,"name":"Motivator Quran Islamic Boarding School"},"geometry":{"type":"MultiPolygon","coordinates":[[[[106.6932562,-6.5677319],[106.6935378,-6.5679291],[106.6938382,-6.5682542],[106.6941789,-6.5687418],[106.6939616,-6.5691548],[106.693621,-6.5690829],[106.6934279,-6.5690216],[106.6933769,-6.5687631],[106.6927546,-6.5686459],[106.6927788,-6.5683794],[106.6930926,-6.5682329],[106.6932079,-6.568073],[106.6932562,-6.5677319]]]]}},
{"type":"Feature","properties":{"full_id":"w1287542619","osm_id":"1287542619","osm_type":"way","amenity":"school","addr:province":null,"addr:housename":null,"short_name":null,"branch":null,"official_name":null,"layer":null,"mobile":null,"wikipedia":null,"wikidata":null,"website":null,"phone":null,"email":null,"natural":null,"landuse":null,"ref":null,"addr:subdistrict":null,"addr:district":null,"club":null,"religion":null,"grades":null,"opening_hours":null,"evacuation_center":null,"capacity:persons":null,"building:material":null,"building:floor":null,"building:condition":null,"backup_generator":null,"barrier":null,"sport":null,"leisure":null,"education":null,"type:id":null,"building:walls":null,"building:structure":null,"building:roof":null,"building:levels":null,"addr:postcode":null,"addr:housenumber":null,"addr:full":null,"access:roof":null,"nspn":null,"addr:city":null,"operator":null,"addr:street":null,"addr:state":null,"school:type_idn":null,"check_date":null,"wheelchair":null,"school:gender":null,"operator:type":null,"isced:level":null,"building":"yes","type":null,"name":"SD Negeri 03 Bojong Rangkas"},"geometry":{"type":"MultiPolygon","coordinates":[[[[106.6921578,-6.5672723],[106.6924059,-6.5673109],[106.692574,-6.5673371],[106.6925615,-6.5674162],[106.6923935,-6.56739],[106.6923924,-6.5673968],[106.6921443,-6.5673581],[106.6921578,-6.5672723]]]]}},
{"type":"Feature","properties":{"full_id":"w1287542790","osm_id":"1287542790","osm_type":"way","amenity":"school","addr:province":null,"addr:housename":null,"short_name":null,"branch":null,"official_name":null,"layer":null,"mobile":null,"wikipedia":null,"wikidata":null,"website":null,"phone":null,"email":null,"natural":null,"landuse":null,"ref":null,"addr:subdistrict":null,"addr:district":null,"club":null,"religion":null,"grades":null,"opening_hours":null,"evacuation_center":null,"capacity:persons":null,"building:material":null,"building:floor":null,"building:condition":null,"backup_generator":null,"barrier":null,"sport":null,"leisure":null,"education":null,"type:id":null,"building:walls":null,"building:structure":null,"building:roof":null,"building:levels":null,"addr:postcode":null,"addr:housenumber":null,"addr:full":null,"access:roof":null,"nspn":null,"addr:city":null,"operator":null,"addr:street":null,"addr:state":null,"school:type_idn":null,"check_date":null,"wheelchair":null,"school:gender":null,"operator:type":null,"isced:level":null,"building":"yes","type":null,"name":"SD Negeri 01 Cicadas"},"geometry":{"type":"MultiPolygon","coordinates":[[[[106.6884831,-6.5739042],[106.6885208,-6.5738259],[106.6887622,-6.5739404],[106.6887183,-6.5740317],[106.6887148,-6.57403],[106.6886803,-6.5741016],[106.6885867,-6.5740572],[106.6886212,-6.5739856],[106.688552,-6.5739527],[106.6884336,-6.5741989],[106.6883585,-6.5741633],[106.6884769,-6.5739171],[106.6884831,-6.5739042]]]]}},
{"type":"Feature","properties":{"full_id":"w1287542939","osm_id":"1287542939","osm_type":"way","amenity":"school","addr:province":null,"addr:housename":null,"short_name":null,"branch":null,"official_name":null,"layer":null,"mobile":null,"wikipedia":null,"wikidata":null,"website":null,"phone":null,"email":null,"natural":null,"landuse":null,"ref":null,"addr:subdistrict":null,"addr:district":null,"club":null,"religion":null,"grades":null,"opening_hours":null,"evacuation_center":null,"capacity:persons":null,"building:material":null,"building:floor":null,"building:condition":null,"backup_generator":null,"barrier":null,"sport":null,"leisure":null,"education":null,"type:id":null,"building:walls":null,"building:structure":null,"building:roof":null,"building:levels":null,"addr:postcode":null,"addr:housenumber":null,"addr:full":null,"access:roof":null,"nspn":null,"addr:city":null,"operator":null,"addr:street":null,"addr:state":null,"school:type_idn":null,"check_date":null,"wheelchair":null,"school:gender":null,"operator:type":null,"isced:level":null,"building":"yes","type":null,"name":"SMK TI Bazma"},"geometry":{"type":"MultiPolygon","coordinates":[[[[106.689275,-6.5744196],[106.6892388,-6.5744753],[106.688921,-6.5742715],[106.6889915,-6.5741629],[106.6891711,-6.5742781],[106.6892356,-6.5741789],[106.6893738,-6.5742676],[106.6893093,-6.5743668],[106.689275,-6.5744196]]]]}},
{"type":"Feature","properties":{"full_id":"w1287543092","osm_id":"1287543092","osm_type":"way","amenity":"school","addr:province":null,"addr:housename":null,"short_name":null,"branch":null,"official_name":null,"layer":null,"mobile":null,"wikipedia":null,"wikidata":null,"website":null,"phone":null,"email":null,"natural":null,"landuse":null,"ref":null,"addr:subdistrict":null,"addr:district":null,"club":null,"religion":null,"grades":null,"opening_hours":null,"evacuation_center":null,"capacity:persons":null,"building:material":null,"building:floor":null,"building:condition":null,"backup_generator":null,"barrier":null,"sport":null,"leisure":null,"education":null,"type:id":null,"building:walls":null,"building:structure":null,"building:roof":null,"building:levels":null,"addr:postcode":null,"addr:housenumber":null,"addr:full":null,"access:roof":null,"nspn":null,"addr:city":null,"operator":null,"addr:street":null,"addr:state":null,"school:type_idn":null,"check_date":null,"wheelchair":null,"school:gender":null,"operator:type":null,"isced:level":null,"building":"yes","type":null,"name":"MI Al Ikhlas"},"geometry":{"type":"MultiPolygon","coordinates":[[[[106.6881868,-6.57452],[106.6883397,-6.5746079],[106.6882868,-6.5746987],[106.6881339,-6.5746107],[106.6881868,-6.57452]]]]}},
{"type":"Feature","properties":{"full_id":"w1287543103","osm_id":"1287543103","osm_type":"way","amenity":"school","addr:province":null,"addr:housename":null,"short_name":null,"branch":null,"official_name":null,"layer":null,"mobile":null,"wikipedia":null,"wikidata":null,"website":null,"phone":null,"email":null,"natural":null,"landuse":null,"ref":null,"addr:subdistrict":null,"addr:district":null,"club":null,"religion":null,"grades":null,"opening_hours":null,"evacuation_center":null,"capacity:persons":null,"building:material":null,"building:floor":null,"building:condition":null,"backup_generator":null,"barrier":null,"sport":null,"leisure":null,"education":null,"type:id":null,"building:walls":null,"building:structure":null,"building:roof":null,"building:levels":null,"addr:postcode":null,"addr:housenumber":null,"addr:full":null,"access:roof":null,"nspn":null,"addr:city":null,"operator":null,"addr:street":null,"addr:state":null,"school:type_idn":null,"check_date":null,"wheelchair":null,"school:gender":null,"operator:type":null,"isced:level":null,"building":"yes","type":null,"name":"SMP Bumi Sejahtera Ciampea"},"geometry":{"type":"MultiPolygon","coordinates":[[[[106.6886637,-6.5748714],[106.6886712,-6.5748752],[106.6886358,-6.5749439],[106.688685,-6.574969],[106.6886393,-6.5750576],[106.6884039,-6.5749377],[106.6884358,-6.574876],[106.6883479,-6.5748312],[106.6883793,-6.5747705],[106.6884176,-6.57479],[106.6884504,-6.5747265],[106.6885136,-6.5747587],[106.6885395,-6.5747085],[106.6887044,-6.5747925],[106.6886637,-6.5748714]]]]}},
{"type":"Feature","properties":{"full_id":"w1287543144","osm_id":"1287543144","osm_type":"way","amenity":"school","addr:province":null,"addr:housename":null,"short_name":null,"branch":null,"official_name":null,"layer":null,"mobile":null,"wikipedia":null,"wikidata":null,"website":null,"phone":null,"email":null,"natural":null,"landuse":null,"ref":null,"addr:subdistrict":null,"addr:district":null,"club":null,"religion":null,"grades":null,"opening_hours":null,"evacuation_center":null,"capacity:persons":null,"building:material":null,"building:floor":null,"building:condition":null,"backup_generator":null,"barrier":null,"sport":null,"leisure":null,"education":null,"type:id":null,"building:walls":null,"building:structure":null,"building:roof":null,"building:levels":null,"addr:postcode":null,"addr:housenumber":null,"addr:full":null,"access:roof":null,"nspn":null,"addr:city":null,"operator":null,"addr:street":null,"addr:state":null,"school:type_idn":null,"check_date":null,"wheelchair":null,"school:gender":null,"operator:type":null,"isced:level":null,"building":"yes","type":null,"name":"SMP Terpadu Bakti Pertiwi"},"geometry":{"type":"MultiPolygon","coordinates":[[[[106.7012653,-6.5697957],[106.7015442,-6.5698729],[106.7015198,-6.56996],[106.7012408,-6.5698828],[106.7012653,-6.5697957]]]]}},
{"type":"Feature","properties":{"full_id":"w1287543459","osm_id":"1287543459","osm_type":"way","amenity":"school","addr:province":null,"addr:housename":null,"short_name":null,"branch":null,"official_name":null,"layer":null,"mobile":null,"wikipedia":null,"wikidata":null,"website":null,"phone":null,"email":null,"natural":null,"landuse":null,"ref":null,"addr:subdistrict":null,"addr:district":null,"club":null,"religion":null,"grades":null,"opening_hours":null,"evacuation_center":null,"capacity:persons":null,"building:material":null,"building:floor":null,"building:condition":null,"backup_generator":null,"barrier":null,"sport":null,"leisure":null,"education":null,"type:id":null,"building:walls":null,"building:structure":null,"building:roof":null,"building:levels":null,"addr:postcode":null,"addr:housenumber":null,"addr:full":null,"access:roof":null,"nspn":null,"addr:city":null,"operator":null,"addr:street":null,"addr:state":null,"school:type_idn":null,"check_date":null,"wheelchair":null,"school:gender":null,"operator:type":null,"isced:level":null,"building":"yes","type":null,"name":"MI Az Zein"},"geometry":{"type":"MultiPolygon","coordinates":[[[[106.7018541,-6.55912],[106.7018446,-6.5590932],[106.7022228,-6.5589613],[106.7022523,-6.5590449],[106.7021932,-6.5590655],[106.7022336,-6.5591798],[106.7021531,-6.5592079],[106.7021127,-6.5590936],[106.7019472,-6.5591513],[106.7019558,-6.5591758],[106.7019588,-6.5591748],[106.7019935,-6.5592731],[106.7018606,-6.5593194],[106.7018259,-6.5592211],[106.701864,-6.5592078],[106.7018352,-6.5591265],[106.7018541,-6.55912]]]]}},
{"type":"Feature","properties":{"full_id":"w1287566833","osm_id":"1287566833","osm_type":"way","amenity":"school","addr:province":null,"addr:housename":null,"short_name":null,"branch":null,"official_name":null,"layer":null,"mobile":null,"wikipedia":null,"wikidata":null,"website":null,"phone":null,"email":null,"natural":null,"landuse":null,"ref":null,"addr:subdistrict":null,"addr:district":null,"club":null,"religion":null,"grades":null,"opening_hours":null,"evacuation_center":null,"capacity:persons":null,"building:material":null,"building:floor":null,"building:condition":null,"backup_generator":null,"barrier":null,"sport":null,"leisure":null,"education":null,"type:id":null,"building:walls":null,"building:structure":null,"building:roof":null,"building:levels":null,"addr:postcode":null,"addr:housenumber":null,"addr:full":null,"access:roof":null,"nspn":null,"addr:city":null,"operator":null,"addr:street":null,"addr:state":null,"school:type_idn":null,"check_date":null,"wheelchair":null,"school:gender":null,"operator:type":null,"isced:level":null,"building":"yes","type":null,"name":"SD Negeri 02 Tegalwaru"},"geometry":{"type":"MultiPolygon","coordinates":[[[[106.6997434,-6.5738625],[106.6997297,-6.5738627],[106.699727,-6.5736993],[106.6997313,-6.5736992],[106.6997311,-6.5736833],[106.7000287,-6.5736786],[106.7000301,-6.5737659],[106.6997832,-6.5737698],[106.6997844,-6.5738465],[106.7000784,-6.5738418],[106.7000799,-6.5739343],[106.6997446,-6.5739397],[106.6997434,-6.5738625]]]]}},
{"type":"Feature","properties":{"full_id":"w1287567155","osm_id":"1287567155","osm_type":"way","amenity":"school","addr:province":null,"addr:housename":null,"short_name":null,"branch":null,"official_name":null,"layer":null,"mobile":null,"wikipedia":null,"wikidata":null,"website":null,"phone":null,"email":null,"natural":null,"landuse":null,"ref":null,"addr:subdistrict":null,"addr:district":null,"club":null,"religion":null,"grades":null,"opening_hours":null,"evacuation_center":null,"capacity:persons":null,"building:material":null,"building:floor":null,"building:condition":null,"backup_generator":null,"barrier":null,"sport":null,"leisure":null,"education":null,"type:id":null,"building:walls":null,"building:structure":null,"building:roof":null,"building:levels":null,"addr:postcode":null,"addr:housenumber":null,"addr:full":null,"access:roof":null,"nspn":null,"addr:city":null,"operator":null,"addr:street":null,"addr:state":null,"school:type_idn":null,"check_date":null,"wheelchair":null,"school:gender":null,"operator:type":null,"isced:level":null,"building":"yes","type":null,"name":"MIS Nurul Ummah"},"geometry":{"type":"MultiPolygon","coordinates":[[[[106.7009615,-6.5788519],[106.7010525,-6.5788786],[106.7010062,-6.5790339],[106.7009152,-6.5790071],[106.7009615,-6.5788519]]]]}},
{"type":"Feature","properties":{"full_id":"w1287567679","osm_id":"1287567679","osm_type":"way","amenity":"school","addr:province":null,"addr:housename":null,"short_name":null,"branch":null,"official_name":null,"layer":null,"mobile":null,"wikipedia":null,"wikidata":null,"website":null,"phone":null,"email":null,"natural":null,"landuse":null,"ref":null,"addr:subdistrict":null,"addr:district":null,"club":null,"religion":null,"grades":null,"opening_hours":null,"evacuation_center":null,"capacity:persons":null,"building:material":null,"building:floor":null,"building:condition":null,"backup_generator":null,"barrier":null,"sport":null,"leisure":null,"education":null,"type:id":null,"building:walls":null,"building:structure":null,"building:roof":null,"building:levels":null,"addr:postcode":null,"addr:housenumber":null,"addr:full":null,"access:roof":null,"nspn":null,"addr:city":null,"operator":null,"addr:street":null,"addr:state":null,"school:type_idn":null,"check_date":null,"wheelchair":null,"school:gender":null,"operator:type":null,"isced:level":null,"building":"yes","type":null,"name":"SMK Yapura"},"geometry":{"type":"MultiPolygon","coordinates":[[[[106.7067142,-6.5674455],[106.706977,-6.5672883],[106.7070269,-6.5673706],[106.7067641,-6.5675278],[106.7067142,-6.5674455]]]]}},
{"type":"Feature","properties":{"full_id":"w1287567683","osm_id":"1287567683","osm_type":"way","amenity":"school","addr:province":null,"addr:housename":null,"short_name":null,"branch":null,"official_name":null,"layer":null,"mobile":null,"wikipedia":null,"wikidata":null,"website":null,"phone":null,"email":null,"natural":null,"landuse":null,"ref":null,"addr:subdistrict":null,"addr:district":null,"club":null,"religion":null,"grades":null,"opening_hours":null,"evacuation_center":null,"capacity:persons":null,"building:material":null,"building:floor":null,"building:condition":null,"backup_generator":null,"barrier":null,"sport":null,"leisure":null,"education":null,"type:id":null,"building:walls":null,"building:structure":null,"building:roof":null,"building:levels":null,"addr:postcode":null,"addr:housenumber":null,"addr:full":null,"access:roof":null,"nspn":null,"addr:city":null,"operator":null,"addr:street":null,"addr:state":null,"school:type_idn":null,"check_date":null,"wheelchair":null,"school:gender":null,"operator:type":null,"isced:level":null,"building":"yes","type":null,"name":"SMPIT Yapura"},"geometry":{"type":"MultiPolygon","coordinates":[[[[106.7066471,-6.5671924],[106.706914,-6.5670844],[106.7069521,-6.5671774],[106.7066852,-6.5672853],[106.7066471,-6.5671924]]]]}},
{"type":"Feature","properties":{"full_id":"w1287567907","osm_id":"1287567907","osm_type":"way","amenity":"school","addr:province":null,"addr:housename":null,"short_name":null,"branch":null,"official_name":null,"layer":null,"mobile":null,"wikipedia":null,"wikidata":null,"website":null,"phone":null,"email":null,"natural":null,"landuse":null,"ref":null,"addr:subdistrict":null,"addr:district":null,"club":null,"religion":null,"grades":null,"opening_hours":null,"evacuation_center":null,"capacity:persons":null,"building:material":null,"building:floor":null,"building:condition":null,"backup_generator":null,"barrier":null,"sport":null,"leisure":null,"education":null,"type:id":null,"building:walls":null,"building:structure":null,"building:roof":null,"building:levels":null,"addr:postcode":null,"addr:housenumber":null,"addr:full":null,"access:roof":null,"nspn":null,"addr:city":null,"operator":null,"addr:street":null,"addr:state":null,"school:type_idn":null,"check_date":null,"wheelchair":null,"school:gender":null,"operator:type":null,"isced:level":null,"building":"yes","type":null,"name":"SD Negeri 01 Tegalwaru"},"geometry":{"type":"MultiPolygon","coordinates":[[[[106.7028586,-6.5645856],[106.7028585,-6.5645704],[106.7030422,-6.564569],[106.703043,-6.5646686],[106.7030377,-6.5646686],[106.7030382,-6.5647449],[106.7029345,-6.5647457],[106.702934,-6.5646694],[106.7028765,-6.5646698],[106.7028773,-6.5647742],[106.7027486,-6.5647752],[106.7027472,-6.5645864],[106.7028586,-6.5645856]]]]}},
{"type":"Feature","properties":{"full_id":"w1287568474","osm_id":"1287568474","osm_type":"way","amenity":"school","addr:province":null,"addr:housename":null,"short_name":null,"branch":null,"official_name":null,"layer":null,"mobile":null,"wikipedia":null,"wikidata":null,"website":null,"phone":null,"email":null,"natural":null,"landuse":null,"ref":null,"addr:subdistrict":null,"addr:district":null,"club":null,"religion":null,"grades":null,"opening_hours":null,"evacuation_center":null,"capacity:persons":null,"building:material":null,"building:floor":null,"building:condition":null,"backup_generator":null,"barrier":null,"sport":null,"leisure":null,"education":null,"type:id":null,"building:walls":null,"building:structure":null,"building:roof":null,"building:levels":null,"addr:postcode":null,"addr:housenumber":null,"addr:full":null,"access:roof":null,"nspn":null,"addr:city":null,"operator":null,"addr:street":null,"addr:state":null,"school:type_idn":null,"check_date":null,"wheelchair":null,"school:gender":null,"operator:type":null,"isced:level":null,"building":"yes","type":null,"name":"SD Negeri 02 Bojong Jengkol"},"geometry":{"type":"MultiPolygon","coordinates":[[[[106.7058679,-6.5633726],[106.7059742,-6.5633647],[106.7059943,-6.5636312],[106.7059252,-6.5636363],[106.705927,-6.5636591],[106.7057458,-6.5636726],[106.7057444,-6.5636541],[106.7057285,-6.5636553],[106.705707,-6.5633713],[106.705817,-6.5633631],[106.7058333,-6.5635788],[106.7058832,-6.5635751],[106.7058679,-6.5633726]]]]}},
{"type":"Feature","properties":{"full_id":"w1287575558","osm_id":"1287575558","osm_type":"way","amenity":"school","addr:province":null,"addr:housename":null,"short_name":null,"branch":null,"official_name":null,"layer":null,"mobile":null,"wikipedia":null,"wikidata":null,"website":null,"phone":null,"email":null,"natural":null,"landuse":null,"ref":null,"addr:subdistrict":null,"addr:district":null,"club":null,"religion":null,"grades":null,"opening_hours":null,"evacuation_center":null,"capacity:persons":null,"building:material":null,"building:floor":null,"building:condition":null,"backup_generator":null,"barrier":null,"sport":null,"leisure":null,"education":null,"type:id":null,"building:walls":null,"building:structure":null,"building:roof":null,"building:levels":null,"addr:postcode":null,"addr:housenumber":null,"addr:full":null,"access:roof":null,"nspn":null,"addr:city":null,"operator":null,"addr:street":null,"addr:state":null,"school:type_idn":null,"check_date":null,"wheelchair":null,"school:gender":null,"operator:type":null,"isced:level":null,"building":"yes","type":null,"name":"SD Negeri 03 Bojong Jengkol"},"geometry":{"type":"MultiPolygon","coordinates":[[[[106.7064865,-6.5782389],[106.7066088,-6.5782595],[106.7065895,-6.5783729],[106.7063689,-6.5783358],[106.7063883,-6.5782224],[106.7064406,-6.577916],[106.7065388,-6.5779325],[106.7064865,-6.5782389]]]]}},
{"type":"Feature","properties":{"full_id":"w1287840105","osm_id":"1287840105","osm_type":"way","amenity":"school","addr:province":null,"addr:housename":null,"short_name":null,"branch":null,"official_name":null,"layer":null,"mobile":null,"wikipedia":null,"wikidata":null,"website":null,"phone":null,"email":null,"natural":null,"landuse":null,"ref":null,"addr:subdistrict":null,"addr:district":null,"club":null,"religion":null,"grades":null,"opening_hours":null,"evacuation_center":null,"capacity:persons":null,"building:material":null,"building:floor":null,"building:condition":null,"backup_generator":null,"barrier":null,"sport":null,"leisure":null,"education":null,"type:id":null,"building:walls":null,"building:structure":null,"building:roof":null,"building:levels":null,"addr:postcode":null,"addr:housenumber":null,"addr:full":null,"access:roof":null,"nspn":null,"addr:city":null,"operator":null,"addr:street":null,"addr:state":null,"school:type_idn":null,"check_date":null,"wheelchair":null,"school:gender":null,"operator:type":null,"isced:level":null,"building":"yes","type":null,"name":"SDIT Al Hikmah"},"geometry":{"type":"MultiPolygon","coordinates":[[[[106.7623553,-6.548613],[106.7624491,-6.5486489],[106.7623525,-6.5488981],[106.7622587,-6.5488622],[106.7623553,-6.548613]]]]}},
{"type":"Feature","properties":{"full_id":"w1288614507","osm_id":"1288614507","osm_type":"way","amenity":"school","addr:province":null,"addr:housename":null,"short_name":null,"branch":null,"official_name":null,"layer":null,"mobile":null,"wikipedia":null,"wikidata":null,"website":null,"phone":null,"email":null,"natural":null,"landuse":null,"ref":null,"addr:subdistrict":null,"addr:district":null,"club":null,"religion":null,"grades":null,"opening_hours":null,"evacuation_center":null,"capacity:persons":null,"building:material":null,"building:floor":null,"building:condition":null,"backup_generator":null,"barrier":null,"sport":null,"leisure":null,"education":null,"type:id":null,"building:walls":null,"building:structure":null,"building:roof":null,"building:levels":null,"addr:postcode":null,"addr:housenumber":null,"addr:full":null,"access:roof":null,"nspn":null,"addr:city":null,"operator":null,"addr:street":null,"addr:state":null,"school:type_idn":null,"check_date":null,"wheelchair":null,"school:gender":null,"operator:type":null,"isced:level":null,"building":"yes","type":null,"name":"SD Negeri 01 Gadog"},"geometry":{"type":"MultiPolygon","coordinates":[[[[106.8621411,-6.6549221],[106.8621048,-6.6549288],[106.8621002,-6.6549046],[106.8619459,-6.6549331],[106.8619296,-6.6548463],[106.8622608,-6.654785],[106.8622771,-6.6548718],[106.8621504,-6.6548953],[106.8621533,-6.654911],[106.8622931,-6.6548851],[106.8623085,-6.6549668],[106.8621548,-6.6549952],[106.8621411,-6.6549221]]]]}},
{"type":"Feature","properties":{"full_id":"w1288614517","osm_id":"1288614517","osm_type":"way","amenity":"school","addr:province":null,"addr:housename":null,"short_name":null,"branch":null,"official_name":null,"layer":null,"mobile":null,"wikipedia":null,"wikidata":null,"website":null,"phone":null,"email":null,"natural":null,"landuse":null,"ref":null,"addr:subdistrict":null,"addr:district":null,"club":null,"religion":null,"grades":null,"opening_hours":null,"evacuation_center":null,"capacity:persons":null,"building:material":null,"building:floor":null,"building:condition":null,"backup_generator":null,"barrier":null,"sport":null,"leisure":null,"education":null,"type:id":null,"building:walls":null,"building:structure":null,"building:roof":null,"building:levels":null,"addr:postcode":null,"addr:housenumber":null,"addr:full":null,"access:roof":null,"nspn":null,"addr:city":null,"operator":null,"addr:street":null,"addr:state":null,"school:type_idn":null,"check_date":null,"wheelchair":null,"school:gender":null,"operator:type":null,"isced:level":null,"building":"yes","type":null,"name":"SD Negeri 06 Gadog"},"geometry":{"type":"MultiPolygon","coordinates":[[[[106.8623595,-6.6551522],[106.8623185,-6.6548609],[106.8624228,-6.6548464],[106.8624638,-6.6551377],[106.8624732,-6.6551364],[106.8624862,-6.6552286],[106.8622443,-6.6552621],[106.8622313,-6.65517],[106.8623595,-6.6551522]]]]}},
{"type":"Feature","properties":{"full_id":"w1288614675","osm_id":"1288614675","osm_type":"way","amenity":"school","addr:province":null,"addr:housename":null,"short_name":null,"branch":null,"official_name":null,"layer":null,"mobile":null,"wikipedia":null,"wikidata":null,"website":null,"phone":null,"email":null,"natural":null,"landuse":null,"ref":null,"addr:subdistrict":null,"addr:district":null,"club":null,"religion":null,"grades":null,"opening_hours":null,"evacuation_center":null,"capacity:persons":null,"building:material":null,"building:floor":null,"building:condition":null,"backup_generator":null,"barrier":null,"sport":null,"leisure":null,"education":null,"type:id":null,"building:walls":null,"building:structure":null,"building:roof":null,"building:levels":null,"addr:postcode":null,"addr:housenumber":null,"addr:full":null,"access:roof":null,"nspn":null,"addr:city":null,"operator":null,"addr:street":null,"addr:state":null,"school:type_idn":null,"check_date":null,"wheelchair":null,"school:gender":null,"operator:type":null,"isced:level":null,"building":"yes","type":null,"name":"SD Negeri 02 Gadog"},"geometry":{"type":"MultiPolygon","coordinates":[[[[106.8620467,-6.6549779],[106.8621347,-6.6549672],[106.8621455,-6.6550554],[106.8620575,-6.6550661],[106.8620595,-6.6550818],[106.8621596,-6.6550697],[106.8621737,-6.6551846],[106.8622082,-6.6551804],[106.8622166,-6.6552485],[106.8620694,-6.6552664],[106.862061,-6.6551982],[106.8620497,-6.6551996],[106.8620455,-6.6551656],[106.8619765,-6.6551739],[106.8619497,-6.6549555],[106.8620426,-6.6549442],[106.8620467,-6.6549779]]]]}},
{"type":"Feature","properties":{"full_id":"w1288846473","osm_id":"1288846473","osm_type":"way","amenity":"school","addr:province":null,"addr:housename":null,"short_name":null,"branch":null,"official_name":null,"layer":null,"mobile":null,"wikipedia":null,"wikidata":null,"website":null,"phone":null,"email":null,"natural":null,"landuse":null,"ref":null,"addr:subdistrict":null,"addr:district":null,"club":"scout","religion":null,"grades":null,"opening_hours":null,"evacuation_center":null,"capacity:persons":null,"building:material":null,"building:floor":null,"building:condition":null,"backup_generator":null,"barrier":null,"sport":null,"leisure":null,"education":null,"type:id":null,"building:walls":null,"building:structure":null,"building:roof":null,"building:levels":"1","addr:postcode":null,"addr:housenumber":null,"addr:full":null,"access:roof":null,"nspn":null,"addr:city":null,"operator":null,"addr:street":"Jalan Raya Puncak","addr:state":null,"school:type_idn":"sd","check_date":null,"wheelchair":null,"school:gender":null,"operator:type":null,"isced:level":null,"building":"school","type":null,"name":"SD Negeri 05 Cipayung"},"geometry":{"type":"MultiPolygon","coordinates":[[[[106.8902654,-6.6510163],[106.8902785,-6.6510732],[106.8901994,-6.6510911],[106.8901834,-6.6510218],[106.8902137,-6.6510149],[106.8901927,-6.6509236],[106.8902415,-6.6509125],[106.8902626,-6.6510038],[106.8902654,-6.6510163]]]]}},
{"type":"Feature","properties":{"full_id":"w1288847697","osm_id":"1288847697","osm_type":"way","amenity":"school","addr:province":null,"addr:housename":null,"short_name":null,"branch":null,"official_name":null,"layer":null,"mobile":null,"wikipedia":null,"wikidata":null,"website":null,"phone":null,"email":null,"natural":null,"landuse":null,"ref":null,"addr:subdistrict":null,"addr:district":null,"club":null,"religion":null,"grades":null,"opening_hours":null,"evacuation_center":null,"capacity:persons":null,"building:material":null,"building:floor":null,"building:condition":null,"backup_generator":null,"barrier":null,"sport":null,"leisure":null,"education":null,"type:id":null,"building:walls":null,"building:structure":null,"building:roof":null,"building:levels":null,"addr:postcode":null,"addr:housenumber":null,"addr:full":null,"access:roof":null,"nspn":null,"addr:city":null,"operator":null,"addr:street":null,"addr:state":null,"school:type_idn":null,"check_date":null,"wheelchair":null,"school:gender":null,"operator:type":null,"isced:level":null,"building":"yes","type":null,"name":"SMK YMA Megamendung"},"geometry":{"type":"MultiPolygon","coordinates":[[[[106.8916444,-6.6505064],[106.8917936,-6.6504858],[106.8918174,-6.6506569],[106.8918244,-6.650707],[106.8916753,-6.6507275],[106.8916444,-6.6505064]]]]}},
{"type":"Feature","properties":{"full_id":"w1292238514","osm_id":"1292238514","osm_type":"way","amenity":"school","addr:province":null,"addr:housename":null,"short_name":null,"branch":null,"official_name":null,"layer":null,"mobile":null,"wikipedia":null,"wikidata":null,"website":null,"phone":null,"email":null,"natural":null,"landuse":null,"ref":null,"addr:subdistrict":null,"addr:district":null,"club":null,"religion":null,"grades":null,"opening_hours":null,"evacuation_center":null,"capacity:persons":null,"building:material":null,"building:floor":null,"building:condition":null,"backup_generator":null,"barrier":null,"sport":null,"leisure":null,"education":null,"type:id":null,"building:walls":null,"building:structure":null,"building:roof":null,"building:levels":null,"addr:postcode":null,"addr:housenumber":null,"addr:full":null,"access:roof":null,"nspn":null,"addr:city":null,"operator":null,"addr:street":null,"addr:state":null,"school:type_idn":null,"check_date":null,"wheelchair":null,"school:gender":null,"operator:type":null,"isced:level":null,"building":"yes","type":null,"name":"SD Negeri 01 Tugu Selatan"},"geometry":{"type":"MultiPolygon","coordinates":[[[[106.9692206,-6.6948125],[106.9691204,-6.6948425],[106.9690855,-6.6947271],[106.9692816,-6.6946685],[106.9693053,-6.6947468],[106.9693173,-6.6947432],[106.9694158,-6.6950684],[106.9693078,-6.6951006],[106.9692206,-6.6948125]]]]}},
{"type":"Feature","properties":{"full_id":"w1292238981","osm_id":"1292238981","osm_type":"way","amenity":"school","addr:province":null,"addr:housename":null,"short_name":null,"branch":null,"official_name":null,"layer":null,"mobile":null,"wikipedia":null,"wikidata":null,"website":null,"phone":null,"email":null,"natural":null,"landuse":null,"ref":null,"addr:subdistrict":null,"addr:district":null,"club":null,"religion":null,"grades":null,"opening_hours":null,"evacuation_center":null,"capacity:persons":null,"building:material":null,"building:floor":null,"building:condition":null,"backup_generator":null,"barrier":null,"sport":null,"leisure":null,"education":null,"type:id":null,"building:walls":null,"building:structure":null,"building:roof":null,"building:levels":null,"addr:postcode":null,"addr:housenumber":null,"addr:full":null,"access:roof":null,"nspn":null,"addr:city":null,"operator":null,"addr:street":null,"addr:state":null,"school:type_idn":null,"check_date":null,"wheelchair":null,"school:gender":null,"operator:type":null,"isced:level":null,"building":"yes","type":null,"name":"SMP PGRI Tugu 207"},"geometry":{"type":"MultiPolygon","coordinates":[[[[106.9703189,-6.6985536],[106.9704115,-6.6985397],[106.9704727,-6.6989429],[106.9703802,-6.6989568],[106.9703189,-6.6985536]]]]}},
{"type":"Feature","properties":{"full_id":"w1292528396","osm_id":"1292528396","osm_type":"way","amenity":"school","addr:province":null,"addr:housename":null,"short_name":null,"branch":null,"official_name":null,"layer":null,"mobile":null,"wikipedia":null,"wikidata":null,"website":null,"phone":null,"email":null,"natural":null,"landuse":null,"ref":null,"addr:subdistrict":null,"addr:district":null,"club":null,"religion":null,"grades":null,"opening_hours":null,"evacuation_center":null,"capacity:persons":null,"building:material":null,"building:floor":null,"building:condition":null,"backup_generator":null,"barrier":null,"sport":null,"leisure":null,"education":null,"type:id":null,"building:walls":null,"building:structure":null,"building:roof":null,"building:levels":null,"addr:postcode":null,"addr:housenumber":null,"addr:full":null,"access:roof":null,"nspn":null,"addr:city":null,"operator":null,"addr:street":null,"addr:state":null,"school:type_idn":null,"check_date":null,"wheelchair":null,"school:gender":null,"operator:type":null,"isced:level":null,"building":null,"type":null,"name":"SMAN 1 Ciampea"},"geometry":{"type":"MultiPolygon","coordinates":[[[[106.6892396,-6.555825],[106.6896205,-6.5557797],[106.6896258,-6.555821],[106.689941,-6.5557837],[106.6899551,-6.5559769],[106.6898981,-6.5559822],[106.6899396,-6.5564565],[106.689591,-6.5564925],[106.6896003,-6.5565458],[106.6893026,-6.5565791],[106.6892141,-6.5559915],[106.6892517,-6.5559849],[106.6892396,-6.555825]]]]}},
{"type":"Feature","properties":{"full_id":"w1292529300","osm_id":"1292529300","osm_type":"way","amenity":"school","addr:province":null,"addr:housename":null,"short_name":null,"branch":null,"official_name":null,"layer":null,"mobile":null,"wikipedia":null,"wikidata":null,"website":null,"phone":null,"email":null,"natural":null,"landuse":null,"ref":null,"addr:subdistrict":null,"addr:district":null,"club":null,"religion":null,"grades":null,"opening_hours":null,"evacuation_center":null,"capacity:persons":null,"building:material":null,"building:floor":null,"building:condition":null,"backup_generator":null,"barrier":null,"sport":null,"leisure":null,"education":null,"type:id":null,"building:walls":null,"building:structure":null,"building:roof":null,"building:levels":null,"addr:postcode":null,"addr:housenumber":null,"addr:full":null,"access:roof":null,"nspn":null,"addr:city":null,"operator":null,"addr:street":null,"addr:state":null,"school:type_idn":null,"check_date":null,"wheelchair":null,"school:gender":null,"operator:type":null,"isced:level":null,"building":null,"type":null,"name":"SD Negeri 02 CIbadak"},"geometry":{"type":"MultiPolygon","coordinates":[[[[106.6826655,-6.5590106],[106.6826541,-6.5590033],[106.6826501,-6.5586595],[106.6826635,-6.5586322],[106.6826628,-6.5583618],[106.6829565,-6.5583604],[106.6829619,-6.5586895],[106.6828774,-6.5587135],[106.6829015,-6.5590053],[106.6826655,-6.5590106]]]]}},
{"type":"Feature","properties":{"full_id":"w1292529391","osm_id":"1292529391","osm_type":"way","amenity":"school","addr:province":null,"addr:housename":null,"short_name":null,"branch":null,"official_name":null,"layer":null,"mobile":null,"wikipedia":null,"wikidata":null,"website":null,"phone":null,"email":null,"natural":null,"landuse":null,"ref":null,"addr:subdistrict":null,"addr:district":null,"club":null,"religion":null,"grades":null,"opening_hours":null,"evacuation_center":null,"capacity:persons":null,"building:material":null,"building:floor":null,"building:condition":null,"backup_generator":null,"barrier":null,"sport":null,"leisure":null,"education":null,"type:id":null,"building:walls":null,"building:structure":null,"building:roof":null,"building:levels":null,"addr:postcode":null,"addr:housenumber":null,"addr:full":null,"access:roof":null,"nspn":null,"addr:city":null,"operator":null,"addr:street":null,"addr:state":null,"school:type_idn":null,"check_date":null,"wheelchair":null,"school:gender":null,"operator:type":null,"isced:level":null,"building":null,"type":null,"name":"SD Negeri 07 Leuweungkolot"},"geometry":{"type":"MultiPolygon","coordinates":[[[[106.6812329,-6.5608795],[106.6815471,-6.5610046],[106.6814464,-6.5612544],[106.6813601,-6.56122],[106.6813487,-6.5612483],[106.6811831,-6.5611824],[106.6812319,-6.5610614],[106.6810883,-6.5610042],[106.6811306,-6.5608992],[106.6812119,-6.5609316],[106.6812329,-6.5608795]]]]}},
{"type":"Feature","properties":{"full_id":"w1292529601","osm_id":"1292529601","osm_type":"way","amenity":"school","addr:province":null,"addr:housename":null,"short_name":null,"branch":null,"official_name":null,"layer":null,"mobile":null,"wikipedia":null,"wikidata":null,"website":null,"phone":null,"email":null,"natural":null,"landuse":null,"ref":null,"addr:subdistrict":null,"addr:district":null,"club":null,"religion":null,"grades":null,"opening_hours":null,"evacuation_center":null,"capacity:persons":null,"building:material":null,"building:floor":null,"building:condition":null,"backup_generator":null,"barrier":null,"sport":null,"leisure":null,"education":null,"type:id":null,"building:walls":null,"building:structure":null,"building:roof":null,"building:levels":null,"addr:postcode":null,"addr:housenumber":null,"addr:full":null,"access:roof":null,"nspn":null,"addr:city":null,"operator":null,"addr:street":null,"addr:state":null,"school:type_idn":null,"check_date":null,"wheelchair":null,"school:gender":null,"operator:type":null,"isced:level":null,"building":"yes","type":null,"name":"SMK Pandu 2"},"geometry":{"type":"MultiPolygon","coordinates":[[[[106.6798581,-6.5640105],[106.6798753,-6.5642007],[106.6797633,-6.5642107],[106.6797446,-6.5640028],[106.6797761,-6.564],[106.6797674,-6.5639029],[106.6801137,-6.563872],[106.6801241,-6.5639868],[106.6798581,-6.5640105]]]]}},
{"type":"Feature","properties":{"full_id":"w1292529783","osm_id":"1292529783","osm_type":"way","amenity":"school","addr:province":null,"addr:housename":null,"short_name":null,"branch":null,"official_name":null,"layer":null,"mobile":null,"wikipedia":null,"wikidata":null,"website":null,"phone":null,"email":null,"natural":null,"landuse":null,"ref":null,"addr:subdistrict":null,"addr:district":null,"club":null,"religion":null,"grades":null,"opening_hours":null,"evacuation_center":null,"capacity:persons":null,"building:material":null,"building:floor":null,"building:condition":null,"backup_generator":null,"barrier":null,"sport":null,"leisure":null,"education":null,"type:id":null,"building:walls":null,"building:structure":null,"building:roof":null,"building:levels":null,"addr:postcode":null,"addr:housenumber":null,"addr:full":null,"access:roof":null,"nspn":null,"addr:city":null,"operator":null,"addr:street":null,"addr:state":null,"school:type_idn":null,"check_date":null,"wheelchair":null,"school:gender":null,"operator:type":null,"isced:level":null,"building":"yes","type":null,"name":"SD Tunas Cendikia"},"geometry":{"type":"MultiPolygon","coordinates":[[[[106.680935,-6.5650879],[106.6809647,-6.5650924],[106.6811979,-6.5651277],[106.6811822,-6.5652299],[106.680949,-6.5651946],[106.6808885,-6.5655896],[106.6807842,-6.5655738],[106.6808604,-6.5650767],[106.680935,-6.5650879]]]]}},
{"type":"Feature","properties":{"full_id":"w1292552817","osm_id":"1292552817","osm_type":"way","amenity":"school","addr:province":null,"addr:housename":null,"short_name":null,"branch":null,"official_name":null,"layer":null,"mobile":null,"wikipedia":null,"wikidata":null,"website":null,"phone":null,"email":null,"natural":null,"landuse":null,"ref":null,"addr:subdistrict":null,"addr:district":null,"club":null,"religion":null,"grades":null,"opening_hours":null,"evacuation_center":null,"capacity:persons":null,"building:material":null,"building:floor":null,"building:condition":null,"backup_generator":null,"barrier":null,"sport":null,"leisure":null,"education":null,"type:id":null,"building:walls":null,"building:structure":null,"building:roof":null,"building:levels":null,"addr:postcode":null,"addr:housenumber":null,"addr:full":null,"access:roof":null,"nspn":null,"addr:city":null,"operator":null,"addr:street":null,"addr:state":null,"school:type_idn":null,"check_date":null,"wheelchair":null,"school:gender":null,"operator:type":null,"isced:level":null,"building":"yes","type":null,"name":"SD Negeri 01 Leuweungkolot"},"geometry":{"type":"MultiPolygon","coordinates":[[[[106.671879,-6.5665955],[106.671968,-6.566573],[106.6720297,-6.5668141],[106.6719407,-6.5668366],[106.671879,-6.5665955]]]]}},
{"type":"Feature","properties":{"full_id":"w1292552822","osm_id":"1292552822","osm_type":"way","amenity":"school","addr:province":null,"addr:housename":null,"short_name":null,"branch":null,"official_name":null,"layer":null,"mobile":null,"wikipedia":null,"wikidata":null,"website":null,"phone":null,"email":null,"natural":null,"landuse":null,"ref":null,"addr:subdistrict":null,"addr:district":null,"club":null,"religion":null,"grades":null,"opening_hours":null,"evacuation_center":null,"capacity:persons":null,"building:material":null,"building:floor":null,"building:condition":null,"backup_generator":null,"barrier":null,"sport":null,"leisure":null,"education":null,"type:id":null,"building:walls":null,"building:structure":null,"building:roof":null,"building:levels":null,"addr:postcode":null,"addr:housenumber":null,"addr:full":null,"access:roof":null,"nspn":null,"addr:city":null,"operator":null,"addr:street":null,"addr:state":null,"school:type_idn":null,"check_date":null,"wheelchair":null,"school:gender":null,"operator:type":null,"isced:level":null,"building":"yes","type":null,"name":"SD Negeri 02 Leuweungkolot"},"geometry":{"type":"MultiPolygon","coordinates":[[[[106.6719099,-6.5664069],[106.6719964,-6.5664083],[106.6720275,-6.5664089],[106.6720265,-6.566405],[106.672134,-6.5663774],[106.6722011,-6.5666359],[106.6720936,-6.5666634],[106.6720482,-6.5664886],[106.6719951,-6.5664877],[106.6719937,-6.5665656],[106.6718723,-6.5665635],[106.671875,-6.5664063],[106.6719099,-6.5664069]]]]}},
{"type":"Feature","properties":{"full_id":"w1295348265","osm_id":"1295348265","osm_type":"way","amenity":"school","addr:province":null,"addr:housename":null,"short_name":null,"branch":null,"official_name":null,"layer":null,"mobile":null,"wikipedia":null,"wikidata":null,"website":null,"phone":null,"email":null,"natural":null,"landuse":null,"ref":null,"addr:subdistrict":null,"addr:district":null,"club":null,"religion":null,"grades":null,"opening_hours":null,"evacuation_center":null,"capacity:persons":null,"building:material":null,"building:floor":null,"building:condition":null,"backup_generator":null,"barrier":null,"sport":null,"leisure":null,"education":null,"type:id":null,"building:walls":null,"building:structure":null,"building:roof":null,"building:levels":null,"addr:postcode":null,"addr:housenumber":null,"addr:full":null,"access:roof":null,"nspn":null,"addr:city":null,"operator":null,"addr:street":null,"addr:state":null,"school:type_idn":null,"check_date":null,"wheelchair":null,"school:gender":null,"operator:type":null,"isced:level":null,"building":null,"type":null,"name":"SDN Gunung Sindur 02"},"geometry":{"type":"MultiPolygon","coordinates":[[[[106.6800249,-6.3820918],[106.6800235,-6.38174],[106.6801254,-6.3814654],[106.6803226,-6.3815614],[106.6802153,-6.3817973],[106.6802099,-6.3821118],[106.6800249,-6.3820918]]]]}},
{"type":"Feature","properties":{"full_id":"w1295348294","osm_id":"1295348294","osm_type":"way","amenity":"school","addr:province":null,"addr:housename":null,"short_name":null,"branch":null,"official_name":null,"layer":null,"mobile":null,"wikipedia":null,"wikidata":null,"website":null,"phone":null,"email":null,"natural":null,"landuse":null,"ref":null,"addr:subdistrict":null,"addr:district":null,"club":null,"religion":null,"grades":null,"opening_hours":null,"evacuation_center":null,"capacity:persons":null,"building:material":null,"building:floor":null,"building:condition":null,"backup_generator":null,"barrier":null,"sport":null,"leisure":null,"education":null,"type:id":null,"building:walls":null,"building:structure":null,"building:roof":null,"building:levels":null,"addr:postcode":null,"addr:housenumber":null,"addr:full":null,"access:roof":null,"nspn":null,"addr:city":null,"operator":null,"addr:street":null,"addr:state":null,"school:type_idn":null,"check_date":null,"wheelchair":null,"school:gender":null,"operator:type":null,"isced:level":null,"building":null,"type":null,"name":"SDN Teratai Mas"},"geometry":{"type":"MultiPolygon","coordinates":[[[[106.6919339,-6.3850333],[106.6919446,-6.38488],[106.6919312,-6.3847481],[106.6923362,-6.3846988],[106.6923636,-6.3849896],[106.6919339,-6.3850333]]]]}},
{"type":"Feature","properties":{"full_id":"w1295348314","osm_id":"1295348314","osm_type":"way","amenity":"school","addr:province":null,"addr:housename":null,"short_name":null,"branch":null,"official_name":null,"layer":null,"mobile":null,"wikipedia":null,"wikidata":null,"website":null,"phone":null,"email":null,"natural":null,"landuse":null,"ref":null,"addr:subdistrict":null,"addr:district":null,"club":null,"religion":null,"grades":null,"opening_hours":null,"evacuation_center":null,"capacity:persons":null,"building:material":null,"building:floor":null,"building:condition":null,"backup_generator":null,"barrier":null,"sport":null,"leisure":null,"education":null,"type:id":null,"building:walls":null,"building:structure":null,"building:roof":null,"building:levels":null,"addr:postcode":null,"addr:housenumber":null,"addr:full":null,"access:roof":null,"nspn":null,"addr:city":null,"operator":null,"addr:street":null,"addr:state":null,"school:type_idn":null,"check_date":null,"wheelchair":null,"school:gender":null,"operator:type":null,"isced:level":null,"building":null,"type":null,"name":"Darul Qur'an Mulia 2 Putri"},"geometry":{"type":"MultiPolygon","coordinates":[[[[106.6769221,-6.3724828],[106.6769456,-6.3725303],[106.6769457,-6.3729434],[106.6770552,-6.3732077],[106.6771307,-6.3732751],[106.6767769,-6.3752378],[106.6758138,-6.3750279],[106.6758513,-6.3745934],[106.675567,-6.3744736],[106.6753042,-6.3744042],[106.6751218,-6.3741616],[106.6750923,-6.3737058],[106.6755751,-6.3736498],[106.6756099,-6.3732473],[106.6757132,-6.3725676],[106.675846,-6.3725796],[106.6758339,-6.3728635],[106.6763046,-6.3729088],[106.6763355,-6.3726236],[106.6762993,-6.3725489],[106.6769221,-6.3724828]]]]}},
{"type":"Feature","properties":{"full_id":"w1295348315","osm_id":"1295348315","osm_type":"way","amenity":"school","addr:province":null,"addr:housename":null,"short_name":null,"branch":null,"official_name":null,"layer":null,"mobile":null,"wikipedia":null,"wikidata":null,"website":null,"phone":null,"email":null,"natural":null,"landuse":null,"ref":null,"addr:subdistrict":null,"addr:district":null,"club":null,"religion":null,"grades":null,"opening_hours":null,"evacuation_center":null,"capacity:persons":null,"building:material":null,"building:floor":null,"building:condition":null,"backup_generator":null,"barrier":null,"sport":null,"leisure":null,"education":null,"type:id":null,"building:walls":null,"building:structure":null,"building:roof":null,"building:levels":null,"addr:postcode":null,"addr:housenumber":null,"addr:full":null,"access:roof":null,"nspn":null,"addr:city":null,"operator":null,"addr:street":null,"addr:state":null,"school:type_idn":null,"check_date":null,"wheelchair":null,"school:gender":null,"operator:type":null,"isced:level":null,"building":null,"type":null,"name":"Darul Qur'an Mulia Putra"},"geometry":{"type":"MultiPolygon","coordinates":[[[[106.6801308,-6.3764421],[106.679754,-6.3763754],[106.6798733,-6.3758983],[106.6799229,-6.3755917],[106.6803883,-6.3756637],[106.6804098,-6.3756064],[106.6805251,-6.3756184],[106.6805452,-6.3754558],[106.6807786,-6.3754824],[106.6810387,-6.3756004],[106.6809636,-6.3757857],[106.6808315,-6.3759289],[106.6815108,-6.3762328],[106.6814303,-6.3763394],[106.6809636,-6.3761608],[106.6808537,-6.3763448],[106.681079,-6.3764581],[106.6810589,-6.37655],[106.6812332,-6.3766287],[106.6810521,-6.3769565],[106.6805653,-6.3767673],[106.6801818,-6.3767073],[106.6801992,-6.376594],[106.6800986,-6.376578],[106.6801308,-6.3764421]]]]}},
{"type":"Feature","properties":{"full_id":"w1295348316","osm_id":"1295348316","osm_type":"way","amenity":"school","addr:province":null,"addr:housename":null,"short_name":null,"branch":null,"official_name":null,"layer":null,"mobile":null,"wikipedia":null,"wikidata":null,"website":null,"phone":null,"email":null,"natural":null,"landuse":null,"ref":null,"addr:subdistrict":null,"addr:district":null,"club":null,"religion":null,"grades":null,"opening_hours":null,"evacuation_center":null,"capacity:persons":null,"building:material":null,"building:floor":null,"building:condition":null,"backup_generator":null,"barrier":null,"sport":null,"leisure":null,"education":null,"type:id":null,"building:walls":null,"building:structure":null,"building:roof":null,"building:levels":null,"addr:postcode":null,"addr:housenumber":null,"addr:full":null,"access:roof":null,"nspn":null,"addr:city":null,"operator":null,"addr:street":null,"addr:state":null,"school:type_idn":null,"check_date":null,"wheelchair":null,"school:gender":null,"operator:type":null,"isced:level":null,"building":null,"type":null,"name":"Darul Qur'an Mulia Putri"},"geometry":{"type":"MultiPolygon","coordinates":[[[[106.6785778,-6.3754025],[106.6784491,-6.3751133],[106.6785778,-6.3750773],[106.6786087,-6.3749387],[106.6788836,-6.375004],[106.6789184,-6.3748867],[106.6787978,-6.37484],[106.6786717,-6.3747201],[106.6787159,-6.3745508],[106.6783579,-6.3744269],[106.6783418,-6.3743496],[106.6783552,-6.3742336],[106.6784517,-6.3739417],[106.6786408,-6.374023],[106.6790834,-6.3741216],[106.6790499,-6.3743855],[106.6792712,-6.3743629],[106.6792792,-6.3740617],[106.6797875,-6.374171],[106.6797727,-6.3743362],[106.6799095,-6.3743696],[106.6798532,-6.3746828],[106.6801791,-6.3747801],[106.6800275,-6.3752732],[106.6798291,-6.3753598],[106.6796561,-6.3753225],[106.6796279,-6.3755558],[106.6793932,-6.3755664],[106.6794053,-6.3754971],[106.6788863,-6.3754011],[106.6789171,-6.3752745],[106.6788273,-6.3752572],[106.678787,-6.3754411],[106.6785778,-6.3754025]]]]}},
{"type":"Feature","properties":{"full_id":"w1295348318","osm_id":"1295348318","osm_type":"way","amenity":"school","addr:province":null,"addr:housename":null,"short_name":null,"branch":null,"official_name":null,"layer":null,"mobile":null,"wikipedia":null,"wikidata":null,"website":null,"phone":null,"email":null,"natural":null,"landuse":null,"ref":null,"addr:subdistrict":null,"addr:district":null,"club":null,"religion":null,"grades":null,"opening_hours":null,"evacuation_center":null,"capacity:persons":null,"building:material":null,"building:floor":null,"building:condition":null,"backup_generator":null,"barrier":null,"sport":null,"leisure":null,"education":null,"type:id":null,"building:walls":null,"building:structure":null,"building:roof":null,"building:levels":null,"addr:postcode":null,"addr:housenumber":null,"addr:full":null,"access:roof":null,"nspn":null,"addr:city":null,"operator":null,"addr:street":null,"addr:state":null,"school:type_idn":null,"check_date":null,"wheelchair":null,"school:gender":null,"operator:type":null,"isced:level":null,"building":null,"type":null,"name":"SDIT Darul Qur'an"},"geometry":{"type":"MultiPolygon","coordinates":[[[[106.6806927,-6.3753438],[106.6807464,-6.374892],[106.681205,-6.374972],[106.6812506,-6.37502],[106.6811554,-6.3751399],[106.6812426,-6.3753225],[106.6811997,-6.3755851],[106.6806927,-6.3753438]]]]}},
{"type":"Feature","properties":{"full_id":"w1295348320","osm_id":"1295348320","osm_type":"way","amenity":"school","addr:province":null,"addr:housename":null,"short_name":null,"branch":null,"official_name":null,"layer":null,"mobile":null,"wikipedia":null,"wikidata":null,"website":null,"phone":null,"email":null,"natural":null,"landuse":null,"ref":null,"addr:subdistrict":null,"addr:district":null,"club":null,"religion":null,"grades":null,"opening_hours":null,"evacuation_center":null,"capacity:persons":null,"building:material":null,"building:floor":null,"building:condition":null,"backup_generator":null,"barrier":null,"sport":null,"leisure":null,"education":null,"type:id":null,"building:walls":null,"building:structure":null,"building:roof":null,"building:levels":null,"addr:postcode":null,"addr:housenumber":null,"addr:full":null,"access:roof":null,"nspn":null,"addr:city":null,"operator":null,"addr:street":null,"addr:state":null,"school:type_idn":null,"check_date":null,"wheelchair":null,"school:gender":null,"operator:type":null,"isced:level":null,"building":null,"type":null,"name":"SDN 01 Pabuaran"},"geometry":{"type":"MultiPolygon","coordinates":[[[[106.6740771,-6.3697873],[106.6746631,-6.3696674],[106.674761,-6.3701872],[106.6745223,-6.3702272],[106.6740771,-6.3697873]]]]}},
{"type":"Feature","properties":{"full_id":"w1296218248","osm_id":"1296218248","osm_type":"way","amenity":"school","addr:province":null,"addr:housename":null,"short_name":null,"branch":null,"official_name":null,"layer":null,"mobile":null,"wikipedia":null,"wikidata":null,"website":"https://www.sman1rumpin.sch.id/","phone":null,"email":null,"natural":null,"landuse":null,"ref":null,"addr:subdistrict":null,"addr:district":null,"club":null,"religion":null,"grades":null,"opening_hours":null,"evacuation_center":null,"capacity:persons":null,"building:material":null,"building:floor":null,"building:condition":null,"backup_generator":null,"barrier":null,"sport":null,"leisure":null,"education":null,"type:id":null,"building:walls":null,"building:structure":null,"building:roof":null,"building:levels":null,"addr:postcode":null,"addr:housenumber":null,"addr:full":null,"access:roof":null,"nspn":null,"addr:city":null,"operator":null,"addr:street":null,"addr:state":null,"school:type_idn":null,"check_date":null,"wheelchair":null,"school:gender":null,"operator:type":null,"isced:level":null,"building":null,"type":null,"name":"SMAN 1 Rumpin"},"geometry":{"type":"MultiPolygon","coordinates":[[[[106.640152,-6.44151],[106.6405007,-6.4399842],[106.6410029,-6.4401036],[106.6408038,-6.4411315],[106.641308,-6.4412621],[106.6411524,-6.4417899],[106.640152,-6.44151]]]]}},
{"type":"Feature","properties":{"full_id":"w1296218249","osm_id":"1296218249","osm_type":"way","amenity":"school","addr:province":null,"addr:housename":null,"short_name":null,"branch":null,"official_name":null,"layer":null,"mobile":null,"wikipedia":null,"wikidata":null,"website":null,"phone":null,"email":null,"natural":null,"landuse":null,"ref":null,"addr:subdistrict":null,"addr:district":null,"club":null,"religion":null,"grades":null,"opening_hours":null,"evacuation_center":null,"capacity:persons":null,"building:material":null,"building:floor":null,"building:condition":null,"backup_generator":null,"barrier":null,"sport":null,"leisure":null,"education":null,"type:id":null,"building:walls":null,"building:structure":null,"building:roof":null,"building:levels":null,"addr:postcode":null,"addr:housenumber":null,"addr:full":null,"access:roof":null,"nspn":null,"addr:city":null,"operator":null,"addr:street":null,"addr:state":null,"school:type_idn":null,"check_date":null,"wheelchair":null,"school:gender":null,"operator:type":null,"isced:level":null,"building":null,"type":null,"name":"SMPN 1 Rumpin"},"geometry":{"type":"MultiPolygon","coordinates":[[[[106.6396168,-6.4433508],[106.6399601,-6.4424048],[106.6408343,-6.4427072],[106.640478,-6.4436644],[106.6399046,-6.4434496],[106.6396168,-6.4433508]]]]}},
{"type":"Feature","properties":{"full_id":"w1296218252","osm_id":"1296218252","osm_type":"way","amenity":"school","addr:province":null,"addr:housename":null,"short_name":null,"branch":null,"official_name":null,"layer":null,"mobile":null,"wikipedia":null,"wikidata":null,"website":null,"phone":null,"email":null,"natural":null,"landuse":null,"ref":null,"addr:subdistrict":null,"addr:district":null,"club":null,"religion":null,"grades":null,"opening_hours":null,"evacuation_center":null,"capacity:persons":null,"building:material":null,"building:floor":null,"building:condition":null,"backup_generator":null,"barrier":null,"sport":null,"leisure":null,"education":null,"type:id":null,"building:walls":null,"building:structure":null,"building:roof":null,"building:levels":null,"addr:postcode":null,"addr:housenumber":null,"addr:full":null,"access:roof":null,"nspn":null,"addr:city":null,"operator":null,"addr:street":null,"addr:state":null,"school:type_idn":null,"check_date":null,"wheelchair":null,"school:gender":null,"operator:type":null,"isced:level":null,"building":null,"type":null,"name":"SDN 1 Rumpin"},"geometry":{"type":"MultiPolygon","coordinates":[[[[106.639087,-6.4441724],[106.6392035,-6.4437893],[106.6394812,-6.4438795],[106.6393469,-6.4442473],[106.639087,-6.4441724]]]]}},
{"type":"Feature","properties":{"full_id":"w1296218253","osm_id":"1296218253","osm_type":"way","amenity":"school","addr:province":null,"addr:housename":null,"short_name":null,"branch":null,"official_name":null,"layer":null,"mobile":null,"wikipedia":null,"wikidata":null,"website":null,"phone":null,"email":null,"natural":null,"landuse":null,"ref":null,"addr:subdistrict":null,"addr:district":null,"club":null,"religion":null,"grades":null,"opening_hours":null,"evacuation_center":null,"capacity:persons":null,"building:material":null,"building:floor":null,"building:condition":null,"backup_generator":null,"barrier":null,"sport":null,"leisure":null,"education":null,"type:id":null,"building:walls":null,"building:structure":null,"building:roof":null,"building:levels":null,"addr:postcode":null,"addr:housenumber":null,"addr:full":null,"access:roof":null,"nspn":null,"addr:city":null,"operator":null,"addr:street":null,"addr:state":null,"school:type_idn":null,"check_date":null,"wheelchair":null,"school:gender":null,"operator:type":null,"isced:level":null,"building":null,"type":null,"name":"SD Negeri Janala"},"geometry":{"type":"MultiPolygon","coordinates":[[[[106.6392845,-6.4435413],[106.6397951,-6.4437198],[106.6397123,-6.4439589],[106.6394812,-6.4438795],[106.6392035,-6.4437893],[106.6392845,-6.4435413]]]]}},
{"type":"Feature","properties":{"full_id":"w1297008221","osm_id":"1297008221","osm_type":"way","amenity":"school","addr:province":null,"addr:housename":null,"short_name":null,"branch":null,"official_name":null,"layer":null,"mobile":null,"wikipedia":null,"wikidata":null,"website":null,"phone":null,"email":null,"natural":null,"landuse":null,"ref":null,"addr:subdistrict":"Banyuasih","addr:district":"Cigudeg","club":null,"religion":null,"grades":null,"opening_hours":null,"evacuation_center":null,"capacity:persons":null,"building:material":null,"building:floor":null,"building:condition":null,"backup_generator":null,"barrier":null,"sport":null,"leisure":null,"education":"school","type:id":null,"building:walls":null,"building:structure":null,"building:roof":null,"building:levels":null,"addr:postcode":null,"addr:housenumber":null,"addr:full":null,"access:roof":null,"nspn":null,"addr:city":"Bogor","operator":"Swasta","addr:street":null,"addr:state":null,"school:type_idn":null,"check_date":null,"wheelchair":null,"school:gender":null,"operator:type":null,"isced:level":null,"building":null,"type":null,"name":"MTs Darunnajah"},"geometry":{"type":"MultiPolygon","coordinates":[[[[106.5863984,-6.4955255],[106.5863166,-6.4951491],[106.5866425,-6.4950618],[106.5867391,-6.4954301],[106.5863984,-6.4955255]]]]}},
{"type":"Feature","properties":{"full_id":"w1297008222","osm_id":"1297008222","osm_type":"way","amenity":"school","addr:province":null,"addr:housename":null,"short_name":null,"branch":null,"official_name":null,"layer":null,"mobile":null,"wikipedia":null,"wikidata":null,"website":null,"phone":null,"email":null,"natural":null,"landuse":null,"ref":null,"addr:subdistrict":null,"addr:district":null,"club":null,"religion":null,"grades":null,"opening_hours":null,"evacuation_center":null,"capacity:persons":null,"building:material":null,"building:floor":null,"building:condition":null,"backup_generator":null,"barrier":null,"sport":null,"leisure":null,"education":null,"type:id":null,"building:walls":null,"building:structure":null,"building:roof":null,"building:levels":null,"addr:postcode":null,"addr:housenumber":null,"addr:full":null,"access:roof":null,"nspn":null,"addr:city":null,"operator":null,"addr:street":null,"addr:state":null,"school:type_idn":null,"check_date":null,"wheelchair":null,"school:gender":null,"operator:type":null,"isced:level":null,"building":null,"type":null,"name":"SDN Manceuri"},"geometry":{"type":"MultiPolygon","coordinates":[[[[106.5952913,-6.4890703],[106.5953904,-6.4889121],[106.5954895,-6.4889507],[106.5954028,-6.4891213],[106.5952913,-6.4890703]]]]}},
{"type":"Feature","properties":{"full_id":"w1298686715","osm_id":"1298686715","osm_type":"way","amenity":"school","addr:province":null,"addr:housename":null,"short_name":null,"branch":null,"official_name":null,"layer":null,"mobile":null,"wikipedia":null,"wikidata":null,"website":null,"phone":null,"email":null,"natural":null,"landuse":null,"ref":null,"addr:subdistrict":null,"addr:district":null,"club":null,"religion":null,"grades":null,"opening_hours":null,"evacuation_center":null,"capacity:persons":null,"building:material":null,"building:floor":null,"building:condition":null,"backup_generator":null,"barrier":null,"sport":null,"leisure":null,"education":null,"type:id":null,"building:walls":null,"building:structure":null,"building:roof":null,"building:levels":null,"addr:postcode":null,"addr:housenumber":null,"addr:full":null,"access:roof":null,"nspn":null,"addr:city":null,"operator":null,"addr:street":null,"addr:state":null,"school:type_idn":null,"check_date":null,"wheelchair":null,"school:gender":null,"operator:type":null,"isced:level":null,"building":null,"type":null,"name":null},"geometry":{"type":"MultiPolygon","coordinates":[[[[106.5847761,-6.6014274],[106.584961,-6.6015223],[106.5849055,-6.6017396],[106.5848963,-6.6018743],[106.5846467,-6.6017549],[106.5847761,-6.6014274]]]]}},
{"type":"Feature","properties":{"full_id":"w1299395449","osm_id":"1299395449","osm_type":"way","amenity":"school","addr:province":null,"addr:housename":null,"short_name":null,"branch":null,"official_name":null,"layer":null,"mobile":null,"wikipedia":null,"wikidata":null,"website":null,"phone":null,"email":null,"natural":null,"landuse":null,"ref":null,"addr:subdistrict":null,"addr:district":null,"club":null,"religion":null,"grades":null,"opening_hours":null,"evacuation_center":null,"capacity:persons":null,"building:material":null,"building:floor":null,"building:condition":null,"backup_generator":null,"barrier":null,"sport":null,"leisure":null,"education":null,"type:id":null,"building:walls":null,"building:structure":null,"building:roof":null,"building:levels":null,"addr:postcode":null,"addr:housenumber":null,"addr:full":null,"access:roof":null,"nspn":null,"addr:city":null,"operator":null,"addr:street":null,"addr:state":null,"school:type_idn":null,"check_date":null,"wheelchair":null,"school:gender":null,"operator:type":null,"isced:level":null,"building":null,"type":null,"name":"SDN Singabraja 02"},"geometry":{"type":"MultiPolygon","coordinates":[[[[106.4383605,-6.3462224],[106.4388353,-6.3462744],[106.4387613,-6.3469417],[106.4383391,-6.3468862],[106.4383779,-6.3464637],[106.4383417,-6.3464597],[106.4383605,-6.3462224]]]]}},
{"type":"Feature","properties":{"full_id":"w1299395450","osm_id":"1299395450","osm_type":"way","amenity":"school","addr:province":null,"addr:housename":null,"short_name":null,"branch":null,"official_name":null,"layer":null,"mobile":null,"wikipedia":null,"wikidata":null,"website":null,"phone":null,"email":null,"natural":null,"landuse":null,"ref":null,"addr:subdistrict":null,"addr:district":null,"club":null,"religion":null,"grades":null,"opening_hours":null,"evacuation_center":null,"capacity:persons":null,"building:material":null,"building:floor":null,"building:condition":null,"backup_generator":null,"barrier":null,"sport":null,"leisure":null,"education":null,"type:id":null,"building:walls":null,"building:structure":null,"building:roof":null,"building:levels":null,"addr:postcode":null,"addr:housenumber":null,"addr:full":null,"access:roof":null,"nspn":null,"addr:city":null,"operator":null,"addr:street":null,"addr:state":null,"school:type_idn":null,"check_date":null,"wheelchair":null,"school:gender":null,"operator:type":null,"isced:level":null,"building":null,"type":null,"name":"SDN Singabraja 01"},"geometry":{"type":"MultiPolygon","coordinates":[[[[106.4376202,-6.3461225],[106.437991,-6.3461904],[106.4383605,-6.3462224],[106.4383417,-6.3464597],[106.4376631,-6.3463957],[106.4375398,-6.3462971],[106.4376202,-6.3461225]]]]}},
{"type":"Feature","properties":{"full_id":"w1300152489","osm_id":"1300152489","osm_type":"way","amenity":"school","addr:province":null,"addr:housename":null,"short_name":null,"branch":null,"official_name":null,"layer":null,"mobile":null,"wikipedia":null,"wikidata":null,"website":null,"phone":null,"email":null,"natural":null,"landuse":null,"ref":null,"addr:subdistrict":null,"addr:district":null,"club":null,"religion":null,"grades":null,"opening_hours":null,"evacuation_center":null,"capacity:persons":null,"building:material":null,"building:floor":null,"building:condition":null,"backup_generator":null,"barrier":null,"sport":null,"leisure":null,"education":null,"type:id":null,"building:walls":null,"building:structure":null,"building:roof":null,"building:levels":null,"addr:postcode":null,"addr:housenumber":null,"addr:full":null,"access:roof":null,"nspn":null,"addr:city":null,"operator":null,"addr:street":null,"addr:state":null,"school:type_idn":null,"check_date":null,"wheelchair":null,"school:gender":null,"operator:type":null,"isced:level":null,"building":null,"type":null,"name":"MTs Muhammadiyah Jasinga"},"geometry":{"type":"MultiPolygon","coordinates":[[[[106.4642801,-6.4804043],[106.4647039,-6.4805295],[106.4645858,-6.4807801],[106.464205,-6.4806415],[106.4642801,-6.4804043]]]]}},
{"type":"Feature","properties":{"full_id":"w1300152491","osm_id":"1300152491","osm_type":"way","amenity":"school","addr:province":null,"addr:housename":null,"short_name":null,"branch":null,"official_name":null,"layer":null,"mobile":null,"wikipedia":null,"wikidata":null,"website":null,"phone":null,"email":null,"natural":null,"landuse":null,"ref":null,"addr:subdistrict":null,"addr:district":null,"club":null,"religion":null,"grades":null,"opening_hours":null,"evacuation_center":null,"capacity:persons":null,"building:material":null,"building:floor":null,"building:condition":null,"backup_generator":null,"barrier":null,"sport":null,"leisure":null,"education":null,"type:id":null,"building:walls":null,"building:structure":null,"building:roof":null,"building:levels":null,"addr:postcode":null,"addr:housenumber":null,"addr:full":null,"access:roof":null,"nspn":null,"addr:city":null,"operator":null,"addr:street":null,"addr:state":null,"school:type_idn":null,"check_date":null,"wheelchair":null,"school:gender":null,"operator:type":null,"isced:level":null,"building":null,"type":null,"name":"Pondok Pesantren Al Basmallah"},"geometry":{"type":"MultiPolygon","coordinates":[[[[106.4588046,-6.4801477],[106.4589993,-6.4801935],[106.4589427,-6.4803728],[106.458748,-6.4803376],[106.4588046,-6.4801477]]]]}},
{"type":"Feature","properties":{"full_id":"w1300152504","osm_id":"1300152504","osm_type":"way","amenity":"school","addr:province":null,"addr:housename":null,"short_name":null,"branch":null,"official_name":null,"layer":null,"mobile":null,"wikipedia":null,"wikidata":null,"website":null,"phone":null,"email":null,"natural":null,"landuse":null,"ref":null,"addr:subdistrict":null,"addr:district":null,"club":null,"religion":null,"grades":null,"opening_hours":null,"evacuation_center":null,"capacity:persons":null,"building:material":null,"building:floor":null,"building:condition":null,"backup_generator":null,"barrier":null,"sport":null,"leisure":null,"education":null,"type:id":null,"building:walls":null,"building:structure":null,"building:roof":null,"building:levels":null,"addr:postcode":null,"addr:housenumber":null,"addr:full":null,"access:roof":null,"nspn":null,"addr:city":null,"operator":null,"addr:street":null,"addr:state":null,"school:type_idn":null,"check_date":null,"wheelchair":null,"school:gender":null,"operator:type":null,"isced:level":null,"building":null,"type":null,"name":"Pondok Pesantren Asaefurohim Sulaimaniyah"},"geometry":{"type":"MultiPolygon","coordinates":[[[[106.466723,-6.4762745],[106.4673893,-6.476364],[106.4675397,-6.4768125],[106.4682882,-6.4768706],[106.4682435,-6.4775194],[106.4673444,-6.4773798],[106.4673235,-6.4778147],[106.4667112,-6.4777441],[106.4668003,-6.4770758],[106.4666453,-6.4770554],[106.466723,-6.4762745]]]]}},
{"type":"Feature","properties":{"full_id":"w1301539884","osm_id":"1301539884","osm_type":"way","amenity":"school","addr:province":null,"addr:housename":null,"short_name":null,"branch":null,"official_name":null,"layer":null,"mobile":null,"wikipedia":null,"wikidata":null,"website":null,"phone":null,"email":null,"natural":null,"landuse":null,"ref":null,"addr:subdistrict":null,"addr:district":null,"club":null,"religion":null,"grades":null,"opening_hours":null,"evacuation_center":null,"capacity:persons":null,"building:material":null,"building:floor":null,"building:condition":null,"backup_generator":null,"barrier":null,"sport":null,"leisure":null,"education":null,"type:id":null,"building:walls":null,"building:structure":null,"building:roof":null,"building:levels":null,"addr:postcode":null,"addr:housenumber":null,"addr:full":null,"access:roof":null,"nspn":null,"addr:city":null,"operator":null,"addr:street":null,"addr:state":null,"school:type_idn":null,"check_date":null,"wheelchair":null,"school:gender":null,"operator:type":null,"isced:level":null,"building":null,"type":null,"name":null},"geometry":{"type":"MultiPolygon","coordinates":[[[[106.5535477,-6.5534756],[106.5535937,-6.5531627],[106.5541069,-6.553328],[106.5540148,-6.5535108],[106.5539853,-6.5535374],[106.5539411,-6.5535388],[106.5535477,-6.5534756]]]]}},
{"type":"Feature","properties":{"full_id":"w1301550369","osm_id":"1301550369","osm_type":"way","amenity":"school","addr:province":null,"addr:housename":null,"short_name":null,"branch":null,"official_name":null,"layer":null,"mobile":null,"wikipedia":null,"wikidata":null,"website":null,"phone":null,"email":null,"natural":null,"landuse":null,"ref":null,"addr:subdistrict":null,"addr:district":null,"club":null,"religion":null,"grades":null,"opening_hours":null,"evacuation_center":null,"capacity:persons":null,"building:material":null,"building:floor":null,"building:condition":null,"backup_generator":null,"barrier":null,"sport":null,"leisure":null,"education":null,"type:id":null,"building:walls":null,"building:structure":null,"building:roof":null,"building:levels":null,"addr:postcode":null,"addr:housenumber":null,"addr:full":null,"access:roof":null,"nspn":null,"addr:city":null,"operator":null,"addr:street":null,"addr:state":null,"school:type_idn":null,"check_date":null,"wheelchair":null,"school:gender":null,"operator:type":null,"isced:level":null,"building":null,"type":null,"name":null},"geometry":{"type":"MultiPolygon","coordinates":[[[[106.6599717,-6.4382796],[106.6602479,-6.4382263],[106.6602962,-6.4384661],[106.6600065,-6.4385115],[106.6599717,-6.4382796]]]]}},
{"type":"Feature","properties":{"full_id":"w1302236678","osm_id":"1302236678","osm_type":"way","amenity":"school","addr:province":null,"addr:housename":null,"short_name":null,"branch":null,"official_name":null,"layer":null,"mobile":null,"wikipedia":null,"wikidata":null,"website":null,"phone":null,"email":null,"natural":null,"landuse":"residential","ref":null,"addr:subdistrict":null,"addr:district":null,"club":null,"religion":null,"grades":null,"opening_hours":null,"evacuation_center":null,"capacity:persons":null,"building:material":null,"building:floor":null,"building:condition":null,"backup_generator":null,"barrier":null,"sport":null,"leisure":null,"education":null,"type:id":null,"building:walls":null,"building:structure":null,"building:roof":null,"building:levels":null,"addr:postcode":null,"addr:housenumber":null,"addr:full":null,"access:roof":null,"nspn":null,"addr:city":null,"operator":null,"addr:street":null,"addr:state":null,"school:type_idn":null,"check_date":null,"wheelchair":null,"school:gender":null,"operator:type":null,"isced:level":null,"building":null,"type":null,"name":null},"geometry":{"type":"MultiPolygon","coordinates":[[[[106.6641992,-6.4301839],[106.6651174,-6.430203],[106.6651794,-6.4305511],[106.6649313,-6.4305696],[106.6649698,-6.4311306],[106.6647042,-6.4311448],[106.6645354,-6.4311538],[106.6642226,-6.4308521],[106.6641992,-6.4301839]]]]}},
{"type":"Feature","properties":{"full_id":"w1302408168","osm_id":"1302408168","osm_type":"way","amenity":"school","addr:province":null,"addr:housename":null,"short_name":null,"branch":null,"official_name":null,"layer":null,"mobile":null,"wikipedia":null,"wikidata":null,"website":null,"phone":null,"email":null,"natural":null,"landuse":null,"ref":null,"addr:subdistrict":null,"addr:district":null,"club":null,"religion":null,"grades":null,"opening_hours":null,"evacuation_center":null,"capacity:persons":null,"building:material":null,"building:floor":null,"building:condition":null,"backup_generator":null,"barrier":null,"sport":null,"leisure":null,"education":null,"type:id":null,"building:walls":null,"building:structure":null,"building:roof":null,"building:levels":null,"addr:postcode":null,"addr:housenumber":null,"addr:full":null,"access:roof":null,"nspn":null,"addr:city":null,"operator":null,"addr:street":null,"addr:state":null,"school:type_idn":null,"check_date":null,"wheelchair":null,"school:gender":null,"operator:type":null,"isced:level":null,"building":null,"type":null,"name":null},"geometry":{"type":"MultiPolygon","coordinates":[[[[106.6432979,-6.3720962],[106.6438709,-6.3721513],[106.6438247,-6.3723227],[106.6437138,-6.3723962],[106.643264,-6.3723779],[106.6432979,-6.3720962]]]]}},
{"type":"Feature","properties":{"full_id":"w1302435312","osm_id":"1302435312","osm_type":"way","amenity":"school","addr:province":null,"addr:housename":null,"short_name":null,"branch":null,"official_name":null,"layer":null,"mobile":null,"wikipedia":null,"wikidata":null,"website":null,"phone":null,"email":null,"natural":null,"landuse":null,"ref":null,"addr:subdistrict":null,"addr:district":null,"club":null,"religion":null,"grades":null,"opening_hours":null,"evacuation_center":null,"capacity:persons":null,"building:material":null,"building:floor":null,"building:condition":null,"backup_generator":null,"barrier":null,"sport":null,"leisure":null,"education":null,"type:id":null,"building:walls":null,"building:structure":null,"building:roof":null,"building:levels":null,"addr:postcode":null,"addr:housenumber":null,"addr:full":null,"access:roof":null,"nspn":null,"addr:city":null,"operator":null,"addr:street":null,"addr:state":null,"school:type_idn":null,"check_date":null,"wheelchair":null,"school:gender":null,"operator:type":null,"isced:level":null,"building":null,"type":null,"name":null},"geometry":{"type":"MultiPolygon","coordinates":[[[[106.6412661,-6.4086147],[106.6412743,-6.4082914],[106.6417133,-6.4083157],[106.6416889,-6.4086349],[106.6412661,-6.4086147]]]]}},
{"type":"Feature","properties":{"full_id":"w1302525381","osm_id":"1302525381","osm_type":"way","amenity":"school","addr:province":null,"addr:housename":null,"short_name":null,"branch":null,"official_name":null,"layer":null,"mobile":null,"wikipedia":null,"wikidata":null,"website":null,"phone":null,"email":null,"natural":null,"landuse":null,"ref":null,"addr:subdistrict":null,"addr:district":null,"club":null,"religion":null,"grades":null,"opening_hours":null,"evacuation_center":null,"capacity:persons":null,"building:material":null,"building:floor":null,"building:condition":null,"backup_generator":null,"barrier":null,"sport":null,"leisure":null,"education":null,"type:id":null,"building:walls":null,"building:structure":null,"building:roof":null,"building:levels":null,"addr:postcode":null,"addr:housenumber":null,"addr:full":null,"access:roof":null,"nspn":null,"addr:city":null,"operator":null,"addr:street":null,"addr:state":null,"school:type_idn":null,"check_date":null,"wheelchair":null,"school:gender":null,"operator:type":null,"isced:level":null,"building":null,"type":null,"name":"SMPN 2 Rumpin"},"geometry":{"type":"MultiPolygon","coordinates":[[[[106.6332475,-6.3792077],[106.6329994,-6.3798173],[106.6326659,-6.3796847],[106.632265,-6.3795459],[106.6324703,-6.3789198],[106.6327458,-6.3790218],[106.6332475,-6.3792077]]]]}},
{"type":"Feature","properties":{"full_id":"w1302525382","osm_id":"1302525382","osm_type":"way","amenity":"school","addr:province":null,"addr:housename":null,"short_name":null,"branch":null,"official_name":null,"layer":null,"mobile":null,"wikipedia":null,"wikidata":null,"website":null,"phone":null,"email":null,"natural":null,"landuse":null,"ref":null,"addr:subdistrict":null,"addr:district":null,"club":null,"religion":null,"grades":null,"opening_hours":null,"evacuation_center":null,"capacity:persons":null,"building:material":null,"building:floor":null,"building:condition":null,"backup_generator":null,"barrier":null,"sport":null,"leisure":null,"education":null,"type:id":null,"building:walls":null,"building:structure":null,"building:roof":null,"building:levels":null,"addr:postcode":null,"addr:housenumber":null,"addr:full":null,"access:roof":null,"nspn":null,"addr:city":null,"operator":null,"addr:street":null,"addr:state":null,"school:type_idn":null,"check_date":null,"wheelchair":null,"school:gender":null,"operator:type":null,"isced:level":null,"building":null,"type":null,"name":"SDN Leuwiranji 05"},"geometry":{"type":"MultiPolygon","coordinates":[[[[106.6327534,-6.3784063],[106.6328906,-6.3784442],[106.6334357,-6.3785941],[106.6332475,-6.3792077],[106.6327458,-6.3790218],[106.6327534,-6.3784063]]]]}},
{"type":"Feature","properties":{"full_id":"w1302541058","osm_id":"1302541058","osm_type":"way","amenity":"school","addr:province":null,"addr:housename":null,"short_name":null,"branch":null,"official_name":null,"layer":null,"mobile":null,"wikipedia":null,"wikidata":null,"website":null,"phone":null,"email":null,"natural":null,"landuse":null,"ref":null,"addr:subdistrict":null,"addr:district":null,"club":null,"religion":null,"grades":null,"opening_hours":null,"evacuation_center":null,"capacity:persons":null,"building:material":null,"building:floor":null,"building:condition":null,"backup_generator":null,"barrier":null,"sport":null,"leisure":null,"education":null,"type:id":null,"building:walls":null,"building:structure":null,"building:roof":null,"building:levels":null,"addr:postcode":null,"addr:housenumber":null,"addr:full":null,"access:roof":null,"nspn":null,"addr:city":null,"operator":null,"addr:street":null,"addr:state":null,"school:type_idn":null,"check_date":null,"wheelchair":null,"school:gender":null,"operator:type":null,"isced:level":null,"building":null,"type":null,"name":"SDN Jampang 02"},"geometry":{"type":"MultiPolygon","coordinates":[[[[106.6532107,-6.3874261],[106.6532796,-6.3869134],[106.6537294,-6.3868915],[106.6538163,-6.3874796],[106.6532107,-6.3874261]]]]}},
{"type":"Feature","properties":{"full_id":"w1302541075","osm_id":"1302541075","osm_type":"way","amenity":"school","addr:province":null,"addr:housename":null,"short_name":null,"branch":null,"official_name":null,"layer":null,"mobile":null,"wikipedia":null,"wikidata":null,"website":null,"phone":null,"email":null,"natural":null,"landuse":null,"ref":null,"addr:subdistrict":null,"addr:district":null,"club":null,"religion":null,"grades":null,"opening_hours":null,"evacuation_center":null,"capacity:persons":null,"building:material":null,"building:floor":null,"building:condition":null,"backup_generator":null,"barrier":null,"sport":null,"leisure":null,"education":null,"type:id":null,"building:walls":null,"building:structure":null,"building:roof":null,"building:levels":null,"addr:postcode":null,"addr:housenumber":null,"addr:full":null,"access:roof":null,"nspn":null,"addr:city":null,"operator":null,"addr:street":null,"addr:state":null,"school:type_idn":null,"check_date":null,"wheelchair":null,"school:gender":null,"operator:type":null,"isced:level":null,"building":null,"type":null,"name":"SMAN 1 Gunungsindur"},"geometry":{"type":"MultiPolygon","coordinates":[[[[106.6586095,-6.3829095],[106.6590835,-6.3829409],[106.6597805,-6.3830594],[106.6596716,-6.3837572],[106.6592888,-6.3837146],[106.6585344,-6.38362],[106.6585203,-6.3832887],[106.6586095,-6.3829095]]]]}},
{"type":"Feature","properties":{"full_id":"w1302544852","osm_id":"1302544852","osm_type":"way","amenity":"school","addr:province":null,"addr:housename":null,"short_name":null,"branch":null,"official_name":null,"layer":null,"mobile":null,"wikipedia":null,"wikidata":null,"website":null,"phone":null,"email":null,"natural":null,"landuse":null,"ref":null,"addr:subdistrict":null,"addr:district":null,"club":null,"religion":null,"grades":null,"opening_hours":null,"evacuation_center":null,"capacity:persons":null,"building:material":null,"building:floor":null,"building:condition":null,"backup_generator":null,"barrier":null,"sport":null,"leisure":null,"education":null,"type:id":null,"building:walls":null,"building:structure":null,"building:roof":null,"building:levels":null,"addr:postcode":null,"addr:housenumber":null,"addr:full":null,"access:roof":null,"nspn":null,"addr:city":null,"operator":null,"addr:street":null,"addr:state":null,"school:type_idn":null,"check_date":null,"wheelchair":null,"school:gender":null,"operator:type":null,"isced:level":null,"building":null,"type":null,"name":"SDN Gunungsindur 03"},"geometry":{"type":"MultiPolygon","coordinates":[[[[106.6681782,-6.3848315],[106.6677952,-6.3847481],[106.6679125,-6.3842165],[106.6682955,-6.3842999],[106.6681782,-6.3848315]]]]}},
{"type":"Feature","properties":{"full_id":"w1302714904","osm_id":"1302714904","osm_type":"way","amenity":"school","addr:province":null,"addr:housename":null,"short_name":null,"branch":null,"official_name":null,"layer":null,"mobile":null,"wikipedia":null,"wikidata":null,"website":null,"phone":null,"email":null,"natural":null,"landuse":null,"ref":null,"addr:subdistrict":null,"addr:district":null,"club":null,"religion":null,"grades":null,"opening_hours":null,"evacuation_center":null,"capacity:persons":null,"building:material":null,"building:floor":null,"building:condition":null,"backup_generator":null,"barrier":null,"sport":null,"leisure":null,"education":null,"type:id":null,"building:walls":null,"building:structure":null,"building:roof":null,"building:levels":null,"addr:postcode":null,"addr:housenumber":null,"addr:full":null,"access:roof":null,"nspn":null,"addr:city":null,"operator":null,"addr:street":null,"addr:state":null,"school:type_idn":null,"check_date":null,"wheelchair":null,"school:gender":null,"operator:type":null,"isced:level":null,"building":null,"type":null,"name":null},"geometry":{"type":"MultiPolygon","coordinates":[[[[106.6232683,-6.5087571],[106.6235456,-6.5088244],[106.6234716,-6.5092469],[106.6231882,-6.5091979],[106.6232683,-6.5087571]]]]}},
{"type":"Feature","properties":{"full_id":"w1303281190","osm_id":"1303281190","osm_type":"way","amenity":"school","addr:province":null,"addr:housename":null,"short_name":null,"branch":null,"official_name":null,"layer":null,"mobile":null,"wikipedia":null,"wikidata":null,"website":null,"phone":null,"email":null,"natural":null,"landuse":"residential","ref":null,"addr:subdistrict":null,"addr:district":null,"club":null,"religion":null,"grades":null,"opening_hours":null,"evacuation_center":null,"capacity:persons":null,"building:material":null,"building:floor":null,"building:condition":null,"backup_generator":null,"barrier":null,"sport":null,"leisure":null,"education":null,"type:id":null,"building:walls":null,"building:structure":null,"building:roof":null,"building:levels":null,"addr:postcode":null,"addr:housenumber":null,"addr:full":null,"access:roof":null,"nspn":null,"addr:city":null,"operator":null,"addr:street":null,"addr:state":null,"school:type_idn":null,"check_date":null,"wheelchair":null,"school:gender":null,"operator:type":null,"isced:level":null,"building":null,"type":null,"name":null},"geometry":{"type":"MultiPolygon","coordinates":[[[[106.66559,-6.4583084],[106.6654172,-6.4582415],[106.665129,-6.4586008],[106.664634,-6.4577271],[106.6647836,-6.4575713],[106.6650498,-6.4577337],[106.6654,-6.4572511],[106.6656662,-6.4571722],[106.6658951,-6.4573671],[106.665755,-6.4576038],[106.665839,-6.4576966],[106.66559,-6.4583084]]]]}},
{"type":"Feature","properties":{"full_id":"w1303536175","osm_id":"1303536175","osm_type":"way","amenity":"school","addr:province":null,"addr:housename":null,"short_name":null,"branch":null,"official_name":null,"layer":null,"mobile":null,"wikipedia":null,"wikidata":null,"website":null,"phone":null,"email":null,"natural":null,"landuse":null,"ref":null,"addr:subdistrict":null,"addr:district":null,"club":null,"religion":null,"grades":null,"opening_hours":null,"evacuation_center":null,"capacity:persons":null,"building:material":null,"building:floor":null,"building:condition":null,"backup_generator":null,"barrier":null,"sport":null,"leisure":null,"education":null,"type:id":null,"building:walls":null,"building:structure":null,"building:roof":null,"building:levels":null,"addr:postcode":null,"addr:housenumber":null,"addr:full":null,"access:roof":null,"nspn":null,"addr:city":null,"operator":null,"addr:street":null,"addr:state":null,"school:type_idn":null,"check_date":null,"wheelchair":null,"school:gender":null,"operator:type":null,"isced:level":null,"building":null,"type":null,"name":null},"geometry":{"type":"MultiPolygon","coordinates":[[[[106.5122632,-6.4479049],[106.5123514,-6.4479278],[106.5123094,-6.4480872],[106.5122213,-6.4480643],[106.5122632,-6.4479049]]]]}},
{"type":"Feature","properties":{"full_id":"w1303909304","osm_id":"1303909304","osm_type":"way","amenity":"school","addr:province":null,"addr:housename":null,"short_name":null,"branch":null,"official_name":null,"layer":null,"mobile":null,"wikipedia":null,"wikidata":null,"website":null,"phone":null,"email":null,"natural":null,"landuse":null,"ref":null,"addr:subdistrict":null,"addr:district":null,"club":null,"religion":null,"grades":null,"opening_hours":null,"evacuation_center":null,"capacity:persons":null,"building:material":null,"building:floor":null,"building:condition":null,"backup_generator":null,"barrier":null,"sport":null,"leisure":null,"education":null,"type:id":null,"building:walls":null,"building:structure":null,"building:roof":null,"building:levels":null,"addr:postcode":null,"addr:housenumber":null,"addr:full":null,"access:roof":null,"nspn":null,"addr:city":null,"operator":null,"addr:street":null,"addr:state":null,"school:type_idn":null,"check_date":null,"wheelchair":null,"school:gender":null,"operator:type":null,"isced:level":null,"building":null,"type":null,"name":"SD Kadusewu"},"geometry":{"type":"MultiPolygon","coordinates":[[[[106.615954,-6.5002169],[106.6158677,-6.5001048],[106.6162955,-6.4997793],[106.6163819,-6.4998915],[106.6162907,-6.4999608],[106.615954,-6.5002169]]]]}},
{"type":"Feature","properties":{"full_id":"w1307887790","osm_id":"1307887790","osm_type":"way","amenity":"school","addr:province":null,"addr:housename":null,"short_name":null,"branch":null,"official_name":null,"layer":null,"mobile":null,"wikipedia":null,"wikidata":null,"website":null,"phone":null,"email":null,"natural":null,"landuse":null,"ref":null,"addr:subdistrict":null,"addr:district":null,"club":null,"religion":null,"grades":null,"opening_hours":null,"evacuation_center":null,"capacity:persons":null,"building:material":null,"building:floor":null,"building:condition":null,"backup_generator":null,"barrier":null,"sport":null,"leisure":null,"education":null,"type:id":null,"building:walls":null,"building:structure":null,"building:roof":null,"building:levels":null,"addr:postcode":null,"addr:housenumber":null,"addr:full":null,"access:roof":null,"nspn":null,"addr:city":null,"operator":null,"addr:street":null,"addr:state":null,"school:type_idn":null,"check_date":null,"wheelchair":null,"school:gender":null,"operator:type":null,"isced:level":null,"building":null,"type":null,"name":"SDN Cipangaur"},"geometry":{"type":"MultiPolygon","coordinates":[[[[106.5336779,-6.5151769],[106.5340068,-6.5154628],[106.5337991,-6.5156986],[106.5334702,-6.5154128],[106.5336779,-6.5151769]]]]}},
{"type":"Feature","properties":{"full_id":"w1308105941","osm_id":"1308105941","osm_type":"way","amenity":"school","addr:province":null,"addr:housename":null,"short_name":null,"branch":null,"official_name":null,"layer":null,"mobile":null,"wikipedia":null,"wikidata":null,"website":null,"phone":null,"email":null,"natural":null,"landuse":"residential","ref":null,"addr:subdistrict":null,"addr:district":null,"club":null,"religion":null,"grades":null,"opening_hours":null,"evacuation_center":null,"capacity:persons":null,"building:material":null,"building:floor":null,"building:condition":null,"backup_generator":null,"barrier":null,"sport":null,"leisure":null,"education":null,"type:id":null,"building:walls":null,"building:structure":null,"building:roof":null,"building:levels":null,"addr:postcode":null,"addr:housenumber":null,"addr:full":null,"access:roof":null,"nspn":null,"addr:city":null,"operator":null,"addr:street":null,"addr:state":null,"school:type_idn":null,"check_date":null,"wheelchair":null,"school:gender":null,"operator:type":null,"isced:level":null,"building":null,"type":null,"name":null},"geometry":{"type":"MultiPolygon","coordinates":[[[[106.6300199,-6.390339],[106.6299343,-6.3892825],[106.630286,-6.3892462],[106.6302887,-6.3890969],[106.6305702,-6.3890882],[106.6306124,-6.3895489],[106.6306497,-6.39037],[106.6300199,-6.390339]]]]}},
{"type":"Feature","properties":{"full_id":"w1308105942","osm_id":"1308105942","osm_type":"way","amenity":"school","addr:province":null,"addr:housename":null,"short_name":null,"branch":null,"official_name":null,"layer":null,"mobile":null,"wikipedia":null,"wikidata":null,"website":null,"phone":null,"email":null,"natural":null,"landuse":"residential","ref":null,"addr:subdistrict":null,"addr:district":null,"club":null,"religion":null,"grades":null,"opening_hours":null,"evacuation_center":null,"capacity:persons":null,"building:material":null,"building:floor":null,"building:condition":null,"backup_generator":null,"barrier":null,"sport":null,"leisure":null,"education":null,"type:id":null,"building:walls":null,"building:structure":null,"building:roof":null,"building:levels":null,"addr:postcode":null,"addr:housenumber":null,"addr:full":null,"access:roof":null,"nspn":null,"addr:city":null,"operator":null,"addr:street":null,"addr:state":null,"school:type_idn":null,"check_date":null,"wheelchair":null,"school:gender":null,"operator:type":null,"isced:level":null,"building":null,"type":null,"name":null},"geometry":{"type":"MultiPolygon","coordinates":[[[[106.6305702,-6.3890882],[106.6305784,-6.3888654],[106.6309074,-6.3888017],[106.6309822,-6.3890709],[106.6309868,-6.3895443],[106.6306124,-6.3895489],[106.6305702,-6.3890882]]]]}},
{"type":"Feature","properties":{"full_id":"w1308344871","osm_id":"1308344871","osm_type":"way","amenity":"school","addr:province":null,"addr:housename":null,"short_name":null,"branch":null,"official_name":null,"layer":null,"mobile":null,"wikipedia":null,"wikidata":null,"website":null,"phone":null,"email":null,"natural":null,"landuse":null,"ref":null,"addr:subdistrict":null,"addr:district":null,"club":null,"religion":null,"grades":null,"opening_hours":null,"evacuation_center":null,"capacity:persons":null,"building:material":null,"building:floor":null,"building:condition":null,"backup_generator":null,"barrier":null,"sport":null,"leisure":null,"education":null,"type:id":null,"building:walls":null,"building:structure":null,"building:roof":null,"building:levels":null,"addr:postcode":null,"addr:housenumber":null,"addr:full":null,"access:roof":null,"nspn":null,"addr:city":null,"operator":null,"addr:street":null,"addr:state":null,"school:type_idn":null,"check_date":null,"wheelchair":null,"school:gender":null,"operator:type":null,"isced:level":null,"building":null,"type":null,"name":null},"geometry":{"type":"MultiPolygon","coordinates":[[[[106.6477663,-6.4607172],[106.6489244,-6.4602903],[106.6492233,-6.4601975],[106.6491112,-6.4609864],[106.6489488,-6.4612865],[106.6482712,-6.4611215],[106.6482896,-6.4609408],[106.648037,-6.4609378],[106.6479199,-6.460999],[106.6477663,-6.4607172]]]]}},
{"type":"Feature","properties":{"full_id":"w1308352706","osm_id":"1308352706","osm_type":"way","amenity":"school","addr:province":null,"addr:housename":null,"short_name":null,"branch":null,"official_name":null,"layer":null,"mobile":null,"wikipedia":null,"wikidata":null,"website":null,"phone":null,"email":null,"natural":null,"landuse":"residential","ref":null,"addr:subdistrict":null,"addr:district":null,"club":null,"religion":null,"grades":null,"opening_hours":null,"evacuation_center":null,"capacity:persons":null,"building:material":null,"building:floor":null,"building:condition":null,"backup_generator":null,"barrier":null,"sport":null,"leisure":null,"education":null,"type:id":null,"building:walls":null,"building:structure":null,"building:roof":null,"building:levels":null,"addr:postcode":null,"addr:housenumber":null,"addr:full":null,"access:roof":null,"nspn":null,"addr:city":null,"operator":null,"addr:street":null,"addr:state":null,"school:type_idn":null,"check_date":null,"wheelchair":null,"school:gender":null,"operator:type":null,"isced:level":null,"building":null,"type":null,"name":null},"geometry":{"type":"MultiPolygon","coordinates":[[[[106.6670503,-6.4313237],[106.6682074,-6.4313116],[106.6679285,-6.4317617],[106.6674564,-6.431863],[106.6670867,-6.4318082],[106.6670503,-6.4313237]]]]}},
{"type":"Feature","properties":{"full_id":"w1308922832","osm_id":"1308922832","osm_type":"way","amenity":"school","addr:province":null,"addr:housename":null,"short_name":null,"branch":null,"official_name":null,"layer":null,"mobile":null,"wikipedia":null,"wikidata":null,"website":null,"phone":null,"email":null,"natural":null,"landuse":null,"ref":null,"addr:subdistrict":null,"addr:district":null,"club":null,"religion":null,"grades":null,"opening_hours":null,"evacuation_center":null,"capacity:persons":null,"building:material":null,"building:floor":null,"building:condition":null,"backup_generator":null,"barrier":null,"sport":null,"leisure":null,"education":null,"type:id":null,"building:walls":null,"building:structure":null,"building:roof":null,"building:levels":null,"addr:postcode":null,"addr:housenumber":null,"addr:full":null,"access:roof":null,"nspn":null,"addr:city":null,"operator":null,"addr:street":null,"addr:state":null,"school:type_idn":null,"check_date":null,"wheelchair":null,"school:gender":null,"operator:type":null,"isced:level":null,"building":null,"type":null,"name":null},"geometry":{"type":"MultiPolygon","coordinates":[[[[106.6122569,-6.3902158],[106.6122074,-6.3898851],[106.6129593,-6.3898283],[106.6137969,-6.3899307],[106.6137009,-6.3903776],[106.6122569,-6.3902158]]]]}},
{"type":"Feature","properties":{"full_id":"w1308942781","osm_id":"1308942781","osm_type":"way","amenity":"school","addr:province":null,"addr:housename":null,"short_name":null,"branch":null,"official_name":null,"layer":null,"mobile":null,"wikipedia":null,"wikidata":null,"website":null,"phone":null,"email":null,"natural":null,"landuse":"residential","ref":null,"addr:subdistrict":null,"addr:district":null,"club":null,"religion":null,"grades":null,"opening_hours":null,"evacuation_center":null,"capacity:persons":null,"building:material":null,"building:floor":null,"building:condition":null,"backup_generator":null,"barrier":null,"sport":null,"leisure":null,"education":null,"type:id":null,"building:walls":null,"building:structure":null,"building:roof":null,"building:levels":null,"addr:postcode":null,"addr:housenumber":null,"addr:full":null,"access:roof":null,"nspn":null,"addr:city":null,"operator":null,"addr:street":null,"addr:state":null,"school:type_idn":null,"check_date":null,"wheelchair":null,"school:gender":null,"operator:type":null,"isced:level":null,"building":null,"type":null,"name":null},"geometry":{"type":"MultiPolygon","coordinates":[[[[106.5957351,-6.3961795],[106.5953543,-6.3961662],[106.5952977,-6.3956526],[106.595416,-6.3955521],[106.5958124,-6.3959882],[106.5957351,-6.3961795]]]]}},
{"type":"Feature","properties":{"full_id":"w1309052778","osm_id":"1309052778","osm_type":"way","amenity":"school","addr:province":null,"addr:housename":null,"short_name":null,"branch":null,"official_name":null,"layer":null,"mobile":null,"wikipedia":null,"wikidata":null,"website":null,"phone":null,"email":null,"natural":null,"landuse":null,"ref":null,"addr:subdistrict":null,"addr:district":null,"club":null,"religion":null,"grades":null,"opening_hours":null,"evacuation_center":null,"capacity:persons":null,"building:material":null,"building:floor":null,"building:condition":null,"backup_generator":null,"barrier":null,"sport":null,"leisure":null,"education":null,"type:id":null,"building:walls":null,"building:structure":null,"building:roof":null,"building:levels":null,"addr:postcode":null,"addr:housenumber":null,"addr:full":null,"access:roof":null,"nspn":null,"addr:city":null,"operator":null,"addr:street":null,"addr:state":null,"school:type_idn":null,"check_date":null,"wheelchair":null,"school:gender":null,"operator:type":null,"isced:level":null,"building":null,"type":null,"name":null},"geometry":{"type":"MultiPolygon","coordinates":[[[[106.6312939,-6.3824935],[106.6317422,-6.3826513],[106.631476,-6.3832872],[106.6310324,-6.3831154],[106.6312939,-6.3824935]]]]}},
{"type":"Feature","properties":{"full_id":"w1309059410","osm_id":"1309059410","osm_type":"way","amenity":"school","addr:province":null,"addr:housename":null,"short_name":null,"branch":null,"official_name":null,"layer":null,"mobile":null,"wikipedia":null,"wikidata":null,"website":null,"phone":null,"email":null,"natural":null,"landuse":"residential","ref":null,"addr:subdistrict":null,"addr:district":null,"club":null,"religion":null,"grades":null,"opening_hours":null,"evacuation_center":null,"capacity:persons":null,"building:material":null,"building:floor":null,"building:condition":null,"backup_generator":null,"barrier":null,"sport":null,"leisure":null,"education":null,"type:id":null,"building:walls":null,"building:structure":null,"building:roof":null,"building:levels":null,"addr:postcode":null,"addr:housenumber":null,"addr:full":null,"access:roof":null,"nspn":null,"addr:city":null,"operator":null,"addr:street":null,"addr:state":null,"school:type_idn":null,"check_date":null,"wheelchair":null,"school:gender":null,"operator:type":null,"isced:level":null,"building":null,"type":null,"name":null},"geometry":{"type":"MultiPolygon","coordinates":[[[[106.604603,-6.4033027],[106.6042217,-6.4030111],[106.6042741,-6.4028816],[106.6046818,-6.4029669],[106.604603,-6.4033027]]]]}},
{"type":"Feature","properties":{"full_id":"w1310019604","osm_id":"1310019604","osm_type":"way","amenity":"school","addr:province":null,"addr:housename":null,"short_name":null,"branch":null,"official_name":null,"layer":null,"mobile":null,"wikipedia":null,"wikidata":null,"website":null,"phone":null,"email":null,"natural":null,"landuse":null,"ref":null,"addr:subdistrict":null,"addr:district":null,"club":null,"religion":null,"grades":null,"opening_hours":null,"evacuation_center":null,"capacity:persons":null,"building:material":null,"building:floor":null,"building:condition":null,"backup_generator":null,"barrier":null,"sport":null,"leisure":null,"education":null,"type:id":null,"building:walls":null,"building:structure":null,"building:roof":null,"building:levels":null,"addr:postcode":null,"addr:housenumber":null,"addr:full":null,"access:roof":null,"nspn":null,"addr:city":null,"operator":null,"addr:street":null,"addr:state":null,"school:type_idn":null,"check_date":null,"wheelchair":null,"school:gender":null,"operator:type":null,"isced:level":null,"building":null,"type":null,"name":"An-Nahl Islamic School"},"geometry":{"type":"MultiPolygon","coordinates":[[[[106.9651718,-6.338413],[106.9658397,-6.3384783],[106.9651115,-6.3399205],[106.9644999,-6.3397046],[106.9641432,-6.339558],[106.9639072,-6.3394726],[106.9643229,-6.338273],[106.9640869,-6.3381051],[106.9639957,-6.3379425],[106.9642398,-6.337404],[106.9647065,-6.3375373],[106.9649962,-6.3369135],[106.9652241,-6.3370308],[106.9650444,-6.3375906],[106.9654092,-6.3376599],[106.9653904,-6.3377958],[106.9654387,-6.3378385],[106.9654173,-6.3380838],[106.9651732,-6.3380118],[106.9651088,-6.3381397],[106.9652483,-6.3382011],[106.9651718,-6.338413]]]]}},
{"type":"Feature","properties":{"full_id":"w1310033701","osm_id":"1310033701","osm_type":"way","amenity":"school","addr:province":null,"addr:housename":null,"short_name":null,"branch":null,"official_name":null,"layer":null,"mobile":null,"wikipedia":null,"wikidata":null,"website":null,"phone":null,"email":null,"natural":null,"landuse":null,"ref":null,"addr:subdistrict":null,"addr:district":null,"club":null,"religion":null,"grades":null,"opening_hours":null,"evacuation_center":null,"capacity:persons":null,"building:material":null,"building:floor":null,"building:condition":null,"backup_generator":null,"barrier":null,"sport":null,"leisure":null,"education":null,"type:id":null,"building:walls":null,"building:structure":null,"building:roof":null,"building:levels":null,"addr:postcode":null,"addr:housenumber":null,"addr:full":null,"access:roof":null,"nspn":null,"addr:city":null,"operator":null,"addr:street":null,"addr:state":null,"school:type_idn":null,"check_date":null,"wheelchair":null,"school:gender":null,"operator:type":null,"isced:level":null,"building":null,"type":null,"name":null},"geometry":{"type":"MultiPolygon","coordinates":[[[[106.604528,-6.4198401],[106.6044572,-6.4196608],[106.6046589,-6.4195517],[106.604535,-6.4191473],[106.6049102,-6.4190101],[106.6050801,-6.4194111],[106.60525,-6.4193583],[106.6052818,-6.4194814],[106.6049491,-6.4195729],[106.6048111,-6.4197241],[106.604528,-6.4198401]]]]}},
{"type":"Feature","properties":{"full_id":"w1310585254","osm_id":"1310585254","osm_type":"way","amenity":"school","addr:province":null,"addr:housename":null,"short_name":null,"branch":null,"official_name":null,"layer":null,"mobile":null,"wikipedia":null,"wikidata":null,"website":null,"phone":null,"email":null,"natural":null,"landuse":null,"ref":null,"addr:subdistrict":null,"addr:district":null,"club":null,"religion":null,"grades":null,"opening_hours":null,"evacuation_center":null,"capacity:persons":null,"building:material":null,"building:floor":null,"building:condition":null,"backup_generator":null,"barrier":null,"sport":null,"leisure":null,"education":null,"type:id":null,"building:walls":null,"building:structure":null,"building:roof":null,"building:levels":null,"addr:postcode":null,"addr:housenumber":null,"addr:full":null,"access:roof":null,"nspn":null,"addr:city":null,"operator":null,"addr:street":null,"addr:state":null,"school:type_idn":null,"check_date":null,"wheelchair":null,"school:gender":null,"operator:type":null,"isced:level":null,"building":null,"type":null,"name":null},"geometry":{"type":"MultiPolygon","coordinates":[[[[106.5880722,-6.3996832],[106.5885885,-6.4001074],[106.5891252,-6.400673],[106.5884787,-6.4014366],[106.5874217,-6.4005397],[106.5876453,-6.4001155],[106.5880722,-6.3996832]]]]}},
{"type":"Feature","properties":{"full_id":"w1310792280","osm_id":"1310792280","osm_type":"way","amenity":"school","addr:province":null,"addr:housename":null,"short_name":null,"branch":null,"official_name":null,"layer":null,"mobile":null,"wikipedia":null,"wikidata":null,"website":null,"phone":null,"email":null,"natural":null,"landuse":null,"ref":null,"addr:subdistrict":null,"addr:district":null,"club":null,"religion":null,"grades":null,"opening_hours":null,"evacuation_center":null,"capacity:persons":null,"building:material":null,"building:floor":null,"building:condition":null,"backup_generator":null,"barrier":null,"sport":null,"leisure":null,"education":null,"type:id":null,"building:walls":null,"building:structure":null,"building:roof":null,"building:levels":null,"addr:postcode":null,"addr:housenumber":null,"addr:full":null,"access:roof":null,"nspn":null,"addr:city":null,"operator":null,"addr:street":null,"addr:state":null,"school:type_idn":null,"check_date":null,"wheelchair":null,"school:gender":null,"operator:type":null,"isced:level":null,"building":null,"type":null,"name":null},"geometry":{"type":"MultiPolygon","coordinates":[[[[106.6510591,-6.4226007],[106.6513996,-6.4225469],[106.6514505,-6.4228651],[106.65111,-6.4229189],[106.6510591,-6.4226007]]]]}},
{"type":"Feature","properties":{"full_id":"w1311437126","osm_id":"1311437126","osm_type":"way","amenity":"school","addr:province":null,"addr:housename":null,"short_name":null,"branch":null,"official_name":null,"layer":null,"mobile":null,"wikipedia":null,"wikidata":null,"website":null,"phone":null,"email":null,"natural":null,"landuse":null,"ref":null,"addr:subdistrict":null,"addr:district":null,"club":null,"religion":null,"grades":null,"opening_hours":null,"evacuation_center":null,"capacity:persons":null,"building:material":null,"building:floor":null,"building:condition":null,"backup_generator":null,"barrier":null,"sport":null,"leisure":null,"education":null,"type:id":null,"building:walls":null,"building:structure":null,"building:roof":null,"building:levels":null,"addr:postcode":null,"addr:housenumber":null,"addr:full":null,"access:roof":null,"nspn":null,"addr:city":null,"operator":null,"addr:street":null,"addr:state":null,"school:type_idn":null,"check_date":null,"wheelchair":null,"school:gender":null,"operator:type":null,"isced:level":null,"building":null,"type":null,"name":null},"geometry":{"type":"MultiPolygon","coordinates":[[[[106.6544003,-6.5041099],[106.6546765,-6.5041855],[106.6545268,-6.5046679],[106.6543456,-6.5047888],[106.6542906,-6.5049302],[106.6539321,-6.5048238],[106.6541798,-6.5040431],[106.6544003,-6.5041099]]]]}},
{"type":"Feature","properties":{"full_id":"w1311437127","osm_id":"1311437127","osm_type":"way","amenity":"school","addr:province":null,"addr:housename":null,"short_name":null,"branch":null,"official_name":null,"layer":null,"mobile":null,"wikipedia":null,"wikidata":null,"website":null,"phone":null,"email":null,"natural":null,"landuse":null,"ref":null,"addr:subdistrict":null,"addr:district":null,"club":null,"religion":null,"grades":null,"opening_hours":null,"evacuation_center":null,"capacity:persons":null,"building:material":null,"building:floor":null,"building:condition":null,"backup_generator":null,"barrier":null,"sport":null,"leisure":null,"education":null,"type:id":null,"building:walls":null,"building:structure":null,"building:roof":null,"building:levels":null,"addr:postcode":null,"addr:housenumber":null,"addr:full":null,"access:roof":null,"nspn":null,"addr:city":null,"operator":null,"addr:street":null,"addr:state":null,"school:type_idn":null,"check_date":null,"wheelchair":null,"school:gender":null,"operator:type":null,"isced:level":null,"building":null,"type":null,"name":null},"geometry":{"type":"MultiPolygon","coordinates":[[[[106.6541798,-6.5040431],[106.6542577,-6.5037618],[106.6541444,-6.5037091],[106.6543051,-6.5032052],[106.6546146,-6.5033052],[106.6544003,-6.5041099],[106.6541798,-6.5040431]]]]}},
{"type":"Feature","properties":{"full_id":"w1311512491","osm_id":"1311512491","osm_type":"way","amenity":"school","addr:province":null,"addr:housename":null,"short_name":null,"branch":null,"official_name":null,"layer":"-1","mobile":null,"wikipedia":null,"wikidata":null,"website":null,"phone":null,"email":null,"natural":"grassland","landuse":"military","ref":null,"addr:subdistrict":null,"addr:district":null,"club":null,"religion":null,"grades":null,"opening_hours":null,"evacuation_center":null,"capacity:persons":null,"building:material":null,"building:floor":null,"building:condition":null,"backup_generator":null,"barrier":null,"sport":null,"leisure":null,"education":null,"type:id":null,"building:walls":null,"building:structure":null,"building:roof":null,"building:levels":null,"addr:postcode":null,"addr:housenumber":null,"addr:full":null,"access:roof":null,"nspn":null,"addr:city":null,"operator":"Kementerian Pertahanan","addr:street":null,"addr:state":null,"school:type_idn":null,"check_date":null,"wheelchair":null,"school:gender":null,"operator:type":"government","isced:level":null,"building":null,"type":null,"name":"Pusdiklat Bela Negara Kemhan RI"},"geometry":{"type":"MultiPolygon","coordinates":[[[[106.6572878,-6.4772102],[106.657087,-6.4768621],[106.6569469,-6.4767972],[106.6569142,-6.4766533],[106.6565546,-6.4765188],[106.656464,-6.4760158],[106.6563724,-6.4755072],[106.6559428,-6.4749597],[106.6555225,-6.4746859],[106.655345,-6.4742404],[106.6554104,-6.4738878],[106.6556112,-6.4737718],[106.6564388,-6.4737718],[106.656906,-6.473707],[106.6572084,-6.473665],[106.6574419,-6.473433],[106.6585767,-6.4731825],[106.6588662,-6.4730804],[106.6593986,-6.4731639],[106.6597722,-6.4733309],[106.6601271,-6.4736233],[106.660454,-6.4739852],[106.6600104,-6.4743657],[106.659903,-6.4745792],[106.6599497,-6.4748669],[106.6598516,-6.4749504],[106.6597162,-6.4749504],[106.659534,-6.4748808],[106.6594807,-6.4753971],[106.6594593,-6.4756047],[106.6595297,-6.4760809],[106.6596255,-6.4767297],[106.6596835,-6.477122],[106.6592258,-6.4770942],[106.6591026,-6.4773129],[106.6590063,-6.4774839],[106.6584272,-6.4773633],[106.6583712,-6.4775999],[106.6579509,-6.4775118],[106.6580023,-6.4772426],[106.6572878,-6.4772102]]]]}},
{"type":"Feature","properties":{"full_id":"w1311532530","osm_id":"1311532530","osm_type":"way","amenity":"school","addr:province":null,"addr:housename":null,"short_name":null,"branch":null,"official_name":null,"layer":null,"mobile":null,"wikipedia":null,"wikidata":null,"website":null,"phone":null,"email":null,"natural":null,"landuse":null,"ref":null,"addr:subdistrict":null,"addr:district":null,"club":null,"religion":null,"grades":null,"opening_hours":null,"evacuation_center":null,"capacity:persons":null,"building:material":null,"building:floor":null,"building:condition":null,"backup_generator":null,"barrier":null,"sport":null,"leisure":null,"education":null,"type:id":null,"building:walls":null,"building:structure":null,"building:roof":null,"building:levels":null,"addr:postcode":null,"addr:housenumber":null,"addr:full":null,"access:roof":null,"nspn":null,"addr:city":null,"operator":null,"addr:street":null,"addr:state":null,"school:type_idn":null,"check_date":null,"wheelchair":null,"school:gender":null,"operator:type":null,"isced:level":null,"building":null,"type":null,"name":"Pondok Pesantren Baitul Izzah Amanah"},"geometry":{"type":"MultiPolygon","coordinates":[[[[106.6650823,-6.490776],[106.6654433,-6.490762],[106.6653973,-6.4911593],[106.6661234,-6.4912175],[106.6660898,-6.4914148],[106.6656698,-6.4914266],[106.6655318,-6.4917184],[106.664778,-6.4914899],[106.66487,-6.4911347],[106.6650823,-6.490776]]]]}},
{"type":"Feature","properties":{"full_id":"w1311544777","osm_id":"1311544777","osm_type":"way","amenity":"school","addr:province":null,"addr:housename":null,"short_name":null,"branch":null,"official_name":null,"layer":null,"mobile":null,"wikipedia":null,"wikidata":null,"website":null,"phone":null,"email":null,"natural":null,"landuse":null,"ref":null,"addr:subdistrict":null,"addr:district":null,"club":null,"religion":null,"grades":null,"opening_hours":null,"evacuation_center":null,"capacity:persons":null,"building:material":null,"building:floor":null,"building:condition":null,"backup_generator":null,"barrier":null,"sport":null,"leisure":null,"education":null,"type:id":null,"building:walls":null,"building:structure":null,"building:roof":null,"building:levels":null,"addr:postcode":null,"addr:housenumber":null,"addr:full":null,"access:roof":null,"nspn":null,"addr:city":null,"operator":null,"addr:street":null,"addr:state":null,"school:type_idn":null,"check_date":null,"wheelchair":null,"school:gender":null,"operator:type":null,"isced:level":null,"building":null,"type":null,"name":null},"geometry":{"type":"MultiPolygon","coordinates":[[[[106.6756204,-6.4798733],[106.6750851,-6.4800951],[106.6742398,-6.4797981],[106.6741978,-6.4786334],[106.6747021,-6.478587],[106.6747021,-6.4783736],[106.6751484,-6.4783302],[106.6753049,-6.4785804],[106.6756204,-6.4798733]]]]}},
{"type":"Feature","properties":{"full_id":"w1311548698","osm_id":"1311548698","osm_type":"way","amenity":"school","addr:province":null,"addr:housename":null,"short_name":null,"branch":null,"official_name":null,"layer":null,"mobile":null,"wikipedia":null,"wikidata":null,"website":null,"phone":null,"email":null,"natural":null,"landuse":null,"ref":null,"addr:subdistrict":null,"addr:district":null,"club":null,"religion":null,"grades":null,"opening_hours":null,"evacuation_center":null,"capacity:persons":null,"building:material":null,"building:floor":null,"building:condition":null,"backup_generator":null,"barrier":null,"sport":null,"leisure":null,"education":null,"type:id":null,"building:walls":null,"building:structure":null,"building:roof":null,"building:levels":null,"addr:postcode":null,"addr:housenumber":null,"addr:full":null,"access:roof":null,"nspn":null,"addr:city":null,"operator":null,"addr:street":null,"addr:state":null,"school:type_idn":null,"check_date":null,"wheelchair":null,"school:gender":null,"operator:type":null,"isced:level":null,"building":null,"type":null,"name":null},"geometry":{"type":"MultiPolygon","coordinates":[[[[106.6683844,-6.4992358],[106.6683204,-6.4987695],[106.6688903,-6.4987038],[106.6689811,-6.4991538],[106.6683844,-6.4992358]]]]}},
{"type":"Feature","properties":{"full_id":"w1311654652","osm_id":"1311654652","osm_type":"way","amenity":"school","addr:province":null,"addr:housename":null,"short_name":null,"branch":null,"official_name":null,"layer":null,"mobile":null,"wikipedia":null,"wikidata":null,"website":null,"phone":null,"email":null,"natural":null,"landuse":null,"ref":null,"addr:subdistrict":null,"addr:district":null,"club":null,"religion":null,"grades":null,"opening_hours":null,"evacuation_center":null,"capacity:persons":null,"building:material":null,"building:floor":null,"building:condition":null,"backup_generator":null,"barrier":null,"sport":null,"leisure":null,"education":null,"type:id":null,"building:walls":null,"building:structure":null,"building:roof":null,"building:levels":null,"addr:postcode":null,"addr:housenumber":null,"addr:full":null,"access:roof":null,"nspn":null,"addr:city":null,"operator":null,"addr:street":null,"addr:state":null,"school:type_idn":null,"check_date":null,"wheelchair":null,"school:gender":null,"operator:type":null,"isced:level":null,"building":null,"type":null,"name":null},"geometry":{"type":"MultiPolygon","coordinates":[[[[106.6757767,-6.5153643],[106.6759475,-6.5147364],[106.6772582,-6.51507],[106.6772537,-6.5152888],[106.6770555,-6.5152607],[106.6769783,-6.51545],[106.6765285,-6.5153704],[106.6764792,-6.5155173],[106.6757767,-6.5153643]]]]}},
{"type":"Feature","properties":{"full_id":"w1311654659","osm_id":"1311654659","osm_type":"way","amenity":"school","addr:province":null,"addr:housename":null,"short_name":null,"branch":null,"official_name":null,"layer":null,"mobile":null,"wikipedia":null,"wikidata":null,"website":null,"phone":null,"email":null,"natural":null,"landuse":null,"ref":null,"addr:subdistrict":null,"addr:district":null,"club":null,"religion":null,"grades":null,"opening_hours":null,"evacuation_center":null,"capacity:persons":null,"building:material":null,"building:floor":null,"building:condition":null,"backup_generator":null,"barrier":null,"sport":null,"leisure":null,"education":null,"type:id":null,"building:walls":null,"building:structure":null,"building:roof":null,"building:levels":null,"addr:postcode":null,"addr:housenumber":null,"addr:full":null,"access:roof":null,"nspn":null,"addr:city":null,"operator":null,"addr:street":null,"addr:state":null,"school:type_idn":null,"check_date":null,"wheelchair":null,"school:gender":null,"operator:type":null,"isced:level":null,"building":null,"type":null,"name":"SDN Cidokom 05"},"geometry":{"type":"MultiPolygon","coordinates":[[[[106.6732381,-6.511509],[106.6737444,-6.5117043],[106.6737038,-6.5121766],[106.6730785,-6.5119433],[106.6732381,-6.511509]]]]}},
{"type":"Feature","properties":{"full_id":"w1311657368","osm_id":"1311657368","osm_type":"way","amenity":"school","addr:province":null,"addr:housename":null,"short_name":null,"branch":null,"official_name":null,"layer":null,"mobile":null,"wikipedia":null,"wikidata":null,"website":null,"phone":null,"email":null,"natural":null,"landuse":null,"ref":null,"addr:subdistrict":null,"addr:district":null,"club":null,"religion":null,"grades":null,"opening_hours":null,"evacuation_center":null,"capacity:persons":null,"building:material":null,"building:floor":null,"building:condition":null,"backup_generator":null,"barrier":null,"sport":null,"leisure":null,"education":null,"type:id":null,"building:walls":null,"building:structure":null,"building:roof":null,"building:levels":null,"addr:postcode":null,"addr:housenumber":null,"addr:full":null,"access:roof":null,"nspn":null,"addr:city":null,"operator":null,"addr:street":null,"addr:state":null,"school:type_idn":null,"check_date":null,"wheelchair":null,"school:gender":null,"operator:type":null,"isced:level":null,"building":null,"type":null,"name":"Pondok Pesantren Darul Ulum Pabuaran Gobang"},"geometry":{"type":"MultiPolygon","coordinates":[[[[106.6529561,-6.5141353],[106.6532195,-6.5143502],[106.6529813,-6.5147445],[106.6527245,-6.5145868],[106.6529561,-6.5141353]]]]}},
{"type":"Feature","properties":{"full_id":"w1311657370","osm_id":"1311657370","osm_type":"way","amenity":"school","addr:province":null,"addr:housename":null,"short_name":null,"branch":null,"official_name":null,"layer":null,"mobile":null,"wikipedia":null,"wikidata":null,"website":null,"phone":null,"email":null,"natural":null,"landuse":null,"ref":null,"addr:subdistrict":null,"addr:district":null,"club":null,"religion":null,"grades":null,"opening_hours":null,"evacuation_center":null,"capacity:persons":null,"building:material":null,"building:floor":null,"building:condition":null,"backup_generator":null,"barrier":null,"sport":null,"leisure":null,"education":null,"type:id":null,"building:walls":null,"building:structure":null,"building:roof":null,"building:levels":null,"addr:postcode":null,"addr:housenumber":null,"addr:full":null,"access:roof":null,"nspn":null,"addr:city":null,"operator":null,"addr:street":null,"addr:state":null,"school:type_idn":null,"check_date":null,"wheelchair":null,"school:gender":null,"operator:type":null,"isced:level":null,"building":null,"type":null,"name":"MTS Al-Khoeriyah"},"geometry":{"type":"MultiPolygon","coordinates":[[[[106.6513991,-6.5152018],[106.6515562,-6.514663],[106.6518828,-6.5147359],[106.6518166,-6.5150586],[106.6517428,-6.515261],[106.6517164,-6.5153334],[106.6513991,-6.5152018]]]]}},
{"type":"Feature","properties":{"full_id":"w1323683476","osm_id":"1323683476","osm_type":"way","amenity":"school","addr:province":null,"addr:housename":null,"short_name":null,"branch":null,"official_name":null,"layer":null,"mobile":null,"wikipedia":null,"wikidata":null,"website":null,"phone":null,"email":null,"natural":null,"landuse":null,"ref":null,"addr:subdistrict":null,"addr:district":null,"club":null,"religion":null,"grades":null,"opening_hours":null,"evacuation_center":null,"capacity:persons":null,"building:material":null,"building:floor":null,"building:condition":null,"backup_generator":null,"barrier":null,"sport":null,"leisure":null,"education":null,"type:id":null,"building:walls":null,"building:structure":null,"building:roof":null,"building:levels":null,"addr:postcode":null,"addr:housenumber":null,"addr:full":null,"access:roof":null,"nspn":null,"addr:city":null,"operator":null,"addr:street":null,"addr:state":null,"school:type_idn":null,"check_date":null,"wheelchair":null,"school:gender":null,"operator:type":null,"isced:level":null,"building":null,"type":null,"name":"Darul Qur'an Mulia 4"},"geometry":{"type":"MultiPolygon","coordinates":[[[[106.6771307,-6.3732751],[106.6780311,-6.3733578],[106.6780762,-6.3738911],[106.6780267,-6.3740288],[106.6778923,-6.3739873],[106.677665,-6.3742914],[106.6778381,-6.3743438],[106.6778266,-6.3745901],[106.6779063,-6.3747068],[106.6778386,-6.3748603],[106.677513,-6.3747809],[106.6774796,-6.3751206],[106.6777989,-6.3751321],[106.6779572,-6.375191],[106.6779788,-6.3754396],[106.677791,-6.3758374],[106.6777611,-6.3761588],[106.6776075,-6.3763598],[106.6776065,-6.3765115],[106.6772539,-6.3765319],[106.6772377,-6.3764942],[106.6773087,-6.3764278],[106.6771851,-6.3763014],[106.6770202,-6.3764606],[106.6769722,-6.3766135],[106.6768779,-6.3766017],[106.67641,-6.3764489],[106.6760741,-6.3760355],[106.6762179,-6.3757236],[106.6763192,-6.3756443],[106.676501,-6.3755491],[106.6767769,-6.3752378],[106.6771307,-6.3732751]]]]}},
{"type":"Feature","properties":{"full_id":"w1332137260","osm_id":"1332137260","osm_type":"way","amenity":"school","addr:province":null,"addr:housename":null,"short_name":null,"branch":null,"official_name":null,"layer":null,"mobile":null,"wikipedia":null,"wikidata":null,"website":null,"phone":null,"email":null,"natural":null,"landuse":null,"ref":null,"addr:subdistrict":null,"addr:district":null,"club":null,"religion":null,"grades":null,"opening_hours":null,"evacuation_center":null,"capacity:persons":null,"building:material":null,"building:floor":null,"building:condition":null,"backup_generator":null,"barrier":null,"sport":null,"leisure":null,"education":null,"type:id":null,"building:walls":null,"building:structure":null,"building:roof":null,"building:levels":null,"addr:postcode":null,"addr:housenumber":null,"addr:full":null,"access:roof":null,"nspn":null,"addr:city":null,"operator":null,"addr:street":null,"addr:state":null,"school:type_idn":null,"check_date":null,"wheelchair":null,"school:gender":null,"operator:type":null,"isced:level":null,"building":null,"type":null,"name":"Pondok Pesantren At-Taufiqiyah"},"geometry":{"type":"MultiPolygon","coordinates":[[[[106.6660854,-6.3869671],[106.6661645,-6.3867006],[106.6663469,-6.3865487],[106.6662289,-6.3864727],[106.6663483,-6.3863021],[106.6666165,-6.386502],[106.6665159,-6.3866633],[106.6665159,-6.3867886],[106.666414,-6.387227],[106.6662638,-6.3871831],[106.6663121,-6.3870191],[106.6660854,-6.3869671]]]]}},
{"type":"Feature","properties":{"full_id":"w1332137262","osm_id":"1332137262","osm_type":"way","amenity":"school","addr:province":null,"addr:housename":null,"short_name":null,"branch":null,"official_name":null,"layer":null,"mobile":null,"wikipedia":null,"wikidata":null,"website":null,"phone":null,"email":null,"natural":null,"landuse":null,"ref":null,"addr:subdistrict":null,"addr:district":null,"club":null,"religion":null,"grades":null,"opening_hours":null,"evacuation_center":null,"capacity:persons":null,"building:material":null,"building:floor":null,"building:condition":null,"backup_generator":null,"barrier":null,"sport":null,"leisure":null,"education":null,"type:id":null,"building:walls":null,"building:structure":null,"building:roof":null,"building:levels":null,"addr:postcode":null,"addr:housenumber":null,"addr:full":null,"access:roof":null,"nspn":null,"addr:city":null,"operator":null,"addr:street":null,"addr:state":null,"school:type_idn":null,"check_date":null,"wheelchair":null,"school:gender":null,"operator:type":null,"isced:level":null,"building":null,"type":null,"name":"SMPN 1 Gunungsindur"},"geometry":{"type":"MultiPolygon","coordinates":[[[[106.6740623,-6.3894395],[106.6739014,-6.3895128],[106.6734213,-6.3892968],[106.67366,-6.3888797],[106.6732429,-6.3886105],[106.6735353,-6.3880534],[106.6741616,-6.3881613],[106.6740355,-6.3886131],[106.6739523,-6.3892622],[106.6739765,-6.3893395],[106.6740623,-6.3894395]]]]}},
{"type":"Feature","properties":{"full_id":"w1356356829","osm_id":"1356356829","osm_type":"way","amenity":"school","addr:province":null,"addr:housename":null,"short_name":null,"branch":null,"official_name":null,"layer":null,"mobile":null,"wikipedia":null,"wikidata":null,"website":null,"phone":null,"email":null,"natural":null,"landuse":null,"ref":"20201100","addr:subdistrict":"Banyuasih","addr:district":"Cigudeg","club":null,"religion":null,"grades":null,"opening_hours":null,"evacuation_center":null,"capacity:persons":null,"building:material":null,"building:floor":null,"building:condition":null,"backup_generator":null,"barrier":null,"sport":null,"leisure":null,"education":"school","type:id":null,"building:walls":null,"building:structure":null,"building:roof":null,"building:levels":null,"addr:postcode":null,"addr:housenumber":null,"addr:full":null,"access:roof":null,"nspn":null,"addr:city":"Bogor","operator":"Negeri","addr:street":null,"addr:state":null,"school:type_idn":null,"check_date":null,"wheelchair":null,"school:gender":null,"operator:type":null,"isced:level":null,"building":null,"type":null,"name":"SD Negeri Cilangkap"},"geometry":{"type":"MultiPolygon","coordinates":[[[[106.5949249,-6.4986332],[106.5955859,-6.4986571],[106.5955477,-6.4989439],[106.5953197,-6.4989305],[106.594956,-6.4989877],[106.5949249,-6.4986332]]]]}},
{"type":"Feature","properties":{"full_id":"w1361089348","osm_id":"1361089348","osm_type":"way","amenity":"school","addr:province":null,"addr:housename":null,"short_name":null,"branch":null,"official_name":null,"layer":null,"mobile":null,"wikipedia":null,"wikidata":null,"website":null,"phone":null,"email":null,"natural":null,"landuse":null,"ref":null,"addr:subdistrict":null,"addr:district":null,"club":null,"religion":"muslim","grades":null,"opening_hours":null,"evacuation_center":null,"capacity:persons":null,"building:material":null,"building:floor":null,"building:condition":null,"backup_generator":null,"barrier":null,"sport":null,"leisure":null,"education":null,"type:id":null,"building:walls":null,"building:structure":null,"building:roof":null,"building:levels":null,"addr:postcode":null,"addr:housenumber":null,"addr:full":null,"access:roof":null,"nspn":null,"addr:city":null,"operator":null,"addr:street":null,"addr:state":null,"school:type_idn":null,"check_date":null,"wheelchair":null,"school:gender":null,"operator:type":null,"isced:level":null,"building":null,"type":null,"name":"Pondok Pesantren Fajrussalam"},"geometry":{"type":"MultiPolygon","coordinates":[[[[106.8930995,-6.5800609],[106.8927428,-6.5793468],[106.8927022,-6.5789789],[106.8927123,-6.5787412],[106.8927001,-6.5784998],[106.8934536,-6.5784755],[106.8935716,-6.5789738],[106.8936387,-6.5794667],[106.893695,-6.5795813],[106.893695,-6.5800316],[106.8934455,-6.5800156],[106.8934214,-6.580402],[106.8935233,-6.5805592],[106.8938184,-6.5807084],[106.8946391,-6.5809749],[106.8945372,-6.5812733],[106.8940651,-6.5811214],[106.8940088,-6.5813399],[106.8936065,-6.5812466],[106.8935046,-6.5816383],[106.8931666,-6.581609],[106.8930674,-6.5814838],[106.8931076,-6.5810575],[106.8929574,-6.5810148],[106.8930432,-6.580767],[106.8931881,-6.580807],[106.8932739,-6.5802501],[106.8931854,-6.5802261],[106.8930995,-6.5800609]]]]}},
{"type":"Feature","properties":{"full_id":"w1361089352","osm_id":"1361089352","osm_type":"way","amenity":"school","addr:province":null,"addr:housename":null,"short_name":null,"branch":null,"official_name":"Sekolah Islam Terpadu Fajar Hidayah","layer":null,"mobile":null,"wikipedia":null,"wikidata":null,"website":null,"phone":null,"email":null,"natural":null,"landuse":null,"ref":null,"addr:subdistrict":null,"addr:district":null,"club":null,"religion":"muslim","grades":null,"opening_hours":null,"evacuation_center":null,"capacity:persons":null,"building:material":null,"building:floor":null,"building:condition":null,"backup_generator":null,"barrier":null,"sport":null,"leisure":null,"education":null,"type:id":null,"building:walls":null,"building:structure":null,"building:roof":null,"building:levels":null,"addr:postcode":null,"addr:housenumber":null,"addr:full":null,"access:roof":null,"nspn":null,"addr:city":null,"operator":null,"addr:street":null,"addr:state":null,"school:type_idn":null,"check_date":null,"wheelchair":null,"school:gender":null,"operator:type":null,"isced:level":null,"building":null,"type":null,"name":"SIT Fajar HIdayah"},"geometry":{"type":"MultiPolygon","coordinates":[[[[106.8894437,-6.5825762],[106.8894142,-6.5823364],[106.8897012,-6.5818728],[106.8899721,-6.5819874],[106.8902618,-6.5820353],[106.8903326,-6.5824368],[106.8894437,-6.5825762]]]]}},
{"type":"Feature","properties":{"full_id":"w1361089437","osm_id":"1361089437","osm_type":"way","amenity":"school","addr:province":null,"addr:housename":null,"short_name":null,"branch":null,"official_name":"Sekolah Dasar Negeri Citaringgul 04","layer":null,"mobile":null,"wikipedia":null,"wikidata":null,"website":null,"phone":null,"email":null,"natural":null,"landuse":null,"ref":null,"addr:subdistrict":null,"addr:district":null,"club":null,"religion":null,"grades":null,"opening_hours":null,"evacuation_center":null,"capacity:persons":null,"building:material":null,"building:floor":null,"building:condition":null,"backup_generator":null,"barrier":null,"sport":null,"leisure":null,"education":null,"type:id":null,"building:walls":null,"building:structure":null,"building:roof":null,"building:levels":null,"addr:postcode":null,"addr:housenumber":null,"addr:full":null,"access:roof":null,"nspn":null,"addr:city":null,"operator":null,"addr:street":null,"addr:state":null,"school:type_idn":null,"check_date":null,"wheelchair":null,"school:gender":null,"operator:type":null,"isced:level":null,"building":null,"type":null,"name":"SDN Citaringgul 04"},"geometry":{"type":"MultiPolygon","coordinates":[[[[106.8465042,-6.5690376],[106.8461743,-6.568931],[106.8462092,-6.5687099],[106.8462682,-6.5685367],[106.846649,-6.5686859],[106.8465042,-6.5690376]]]]}},
{"type":"Feature","properties":{"full_id":"w1361089467","osm_id":"1361089467","osm_type":"way","amenity":"school","addr:province":null,"addr:housename":null,"short_name":null,"branch":null,"official_name":"Sekolah Menengah Kejuruan Pusat Keunggulan Darmawan","layer":null,"mobile":null,"wikipedia":null,"wikidata":null,"website":null,"phone":null,"email":null,"natural":null,"landuse":null,"ref":null,"addr:subdistrict":null,"addr:district":null,"club":null,"religion":null,"grades":null,"opening_hours":null,"evacuation_center":null,"capacity:persons":null,"building:material":null,"building:floor":null,"building:condition":null,"backup_generator":null,"barrier":null,"sport":null,"leisure":null,"education":null,"type:id":null,"building:walls":null,"building:structure":null,"building:roof":null,"building:levels":null,"addr:postcode":null,"addr:housenumber":null,"addr:full":null,"access:roof":null,"nspn":null,"addr:city":null,"operator":null,"addr:street":null,"addr:state":null,"school:type_idn":null,"check_date":null,"wheelchair":null,"school:gender":null,"operator:type":null,"isced:level":null,"building":null,"type":null,"name":"SMK Pusat Keunggulan Darmawan"},"geometry":{"type":"MultiPolygon","coordinates":[[[[106.86753,-6.5669086],[106.8674201,-6.5669352],[106.867286,-6.5669059],[106.8672384,-6.5668058],[106.8672967,-6.5667753],[106.8673906,-6.5665835],[106.8674013,-6.5662744],[106.8680289,-6.5663943],[106.8679914,-6.5667567],[106.8684339,-6.5667993],[106.8684286,-6.5670072],[106.86753,-6.5669086]]]]}},
{"type":"Feature","properties":{"full_id":"w1361089469","osm_id":"1361089469","osm_type":"way","amenity":"school","addr:province":null,"addr:housename":null,"short_name":null,"branch":null,"official_name":"Sekolah Menengah Atas Negeri 1 Babakan Madang","layer":null,"mobile":null,"wikipedia":null,"wikidata":null,"website":null,"phone":null,"email":null,"natural":null,"landuse":null,"ref":null,"addr:subdistrict":null,"addr:district":null,"club":null,"religion":null,"grades":null,"opening_hours":null,"evacuation_center":null,"capacity:persons":null,"building:material":null,"building:floor":null,"building:condition":null,"backup_generator":null,"barrier":null,"sport":null,"leisure":null,"education":null,"type:id":null,"building:walls":null,"building:structure":null,"building:roof":null,"building:levels":null,"addr:postcode":null,"addr:housenumber":null,"addr:full":null,"access:roof":null,"nspn":null,"addr:city":null,"operator":null,"addr:street":null,"addr:state":null,"school:type_idn":null,"check_date":null,"wheelchair":null,"school:gender":null,"operator:type":null,"isced:level":null,"building":null,"type":null,"name":"SMAN 1 Babakan Madang"},"geometry":{"type":"MultiPolygon","coordinates":[[[[106.8653762,-6.5699969],[106.865391,-6.5699116],[106.8654889,-6.5699542],[106.8659985,-6.5704552],[106.8661541,-6.5704498],[106.8662882,-6.5703806],[106.8659797,-6.5699169],[106.8659797,-6.5696958],[106.8661031,-6.5692641],[106.8662882,-6.5693014],[106.86683,-6.56932],[106.8667388,-6.5700395],[106.8669346,-6.5701061],[106.8669748,-6.5703139],[106.8668862,-6.5707466],[106.8663767,-6.5706364],[106.8662265,-6.5705324],[106.8660092,-6.5705378],[106.8654674,-6.5700368],[106.8653762,-6.5699969]]]]}},
{"type":"Feature","properties":{"full_id":"w1361089470","osm_id":"1361089470","osm_type":"way","amenity":"school","addr:province":null,"addr:housename":null,"short_name":null,"branch":null,"official_name":null,"layer":null,"mobile":null,"wikipedia":null,"wikidata":null,"website":null,"phone":null,"email":null,"natural":null,"landuse":null,"ref":null,"addr:subdistrict":null,"addr:district":null,"club":null,"religion":null,"grades":null,"opening_hours":null,"evacuation_center":null,"capacity:persons":null,"building:material":null,"building:floor":null,"building:condition":null,"backup_generator":null,"barrier":null,"sport":null,"leisure":null,"education":null,"type:id":null,"building:walls":null,"building:structure":null,"building:roof":null,"building:levels":null,"addr:postcode":null,"addr:housenumber":null,"addr:full":null,"access:roof":null,"nspn":null,"addr:city":null,"operator":null,"addr:street":null,"addr:state":null,"school:type_idn":null,"check_date":null,"wheelchair":null,"school:gender":null,"operator:type":null,"isced:level":null,"building":null,"type":null,"name":"Sekolah Taruna Bangsa"},"geometry":{"type":"MultiPolygon","coordinates":[[[[106.865391,-6.5699116],[106.8654326,-6.5697624],[106.8655479,-6.5697917],[106.8657652,-6.5689443],[106.865454,-6.5688897],[106.8654232,-6.569011],[106.8652596,-6.568975],[106.8653105,-6.5686899],[106.8650034,-6.5686792],[106.8649927,-6.5686086],[106.8658362,-6.5686099],[106.8659945,-6.5686552],[106.8665551,-6.5686646],[106.8668085,-6.5687738],[106.8668756,-6.5689044],[106.86683,-6.56932],[106.8662882,-6.5693014],[106.8661031,-6.5692641],[106.8659797,-6.5696958],[106.8659797,-6.5699169],[106.8662882,-6.5703806],[106.8661541,-6.5704498],[106.8659985,-6.5704552],[106.8654889,-6.5699542],[106.865391,-6.5699116]]]]}},
{"type":"Feature","properties":{"full_id":"w1361089472","osm_id":"1361089472","osm_type":"way","amenity":"school","addr:province":null,"addr:housename":null,"short_name":null,"branch":null,"official_name":"Sekolah Dasar Negeri Babakan Madang 05","layer":null,"mobile":null,"wikipedia":null,"wikidata":null,"website":null,"phone":null,"email":null,"natural":null,"landuse":null,"ref":null,"addr:subdistrict":null,"addr:district":null,"club":null,"religion":null,"grades":null,"opening_hours":null,"evacuation_center":null,"capacity:persons":null,"building:material":null,"building:floor":null,"building:condition":null,"backup_generator":null,"barrier":null,"sport":null,"leisure":null,"education":null,"type:id":null,"building:walls":null,"building:structure":null,"building:roof":null,"building:levels":null,"addr:postcode":null,"addr:housenumber":null,"addr:full":null,"access:roof":null,"nspn":null,"addr:city":null,"operator":null,"addr:street":null,"addr:state":null,"school:type_idn":null,"check_date":null,"wheelchair":null,"school:gender":null,"operator:type":null,"isced:level":null,"building":null,"type":null,"name":"SDN Babakan Madang 05"},"geometry":{"type":"MultiPolygon","coordinates":[[[[106.8640445,-6.572427],[106.8642202,-6.5723031],[106.8645179,-6.5722511],[106.8646976,-6.5721885],[106.864935,-6.5722031],[106.8649229,-6.572371],[106.8646681,-6.5723857],[106.8645072,-6.5725535],[106.8642819,-6.5726321],[106.8640445,-6.572427]]]]}},
{"type":"Feature","properties":{"full_id":"w1361089476","osm_id":"1361089476","osm_type":"way","amenity":"school","addr:province":null,"addr:housename":null,"short_name":"SPH","branch":"Sentul City","official_name":null,"layer":null,"mobile":null,"wikipedia":null,"wikidata":null,"website":null,"phone":null,"email":null,"natural":null,"landuse":null,"ref":null,"addr:subdistrict":null,"addr:district":null,"club":null,"religion":null,"grades":null,"opening_hours":null,"evacuation_center":null,"capacity:persons":null,"building:material":null,"building:floor":null,"building:condition":null,"backup_generator":null,"barrier":null,"sport":null,"leisure":null,"education":null,"type:id":null,"building:walls":null,"building:structure":null,"building:roof":null,"building:levels":null,"addr:postcode":null,"addr:housenumber":null,"addr:full":null,"access:roof":null,"nspn":null,"addr:city":null,"operator":null,"addr:street":null,"addr:state":null,"school:type_idn":null,"check_date":null,"wheelchair":null,"school:gender":null,"operator:type":null,"isced:level":null,"building":null,"type":null,"name":"Sekolah Pelita Harapan Sentul City"},"geometry":{"type":"MultiPolygon","coordinates":[[[[106.8652716,-6.5725895],[106.8650892,-6.5724083],[106.8651,-6.5718114],[106.8653226,-6.5717022],[106.8654701,-6.571521],[106.8657732,-6.5716462],[106.8659352,-6.5713244],[106.8660495,-6.5710973],[106.8667576,-6.5713744],[106.8668862,-6.5707466],[106.8669748,-6.5703139],[106.8676534,-6.5704525],[106.8676937,-6.5707909],[106.8678287,-6.5723927],[106.8669721,-6.572411],[106.8665725,-6.5727867],[106.8661836,-6.5728693],[106.8657356,-6.5728346],[106.8652716,-6.5725895]]]]}},
{"type":"Feature","properties":{"full_id":"w1361089497","osm_id":"1361089497","osm_type":"way","amenity":"school","addr:province":null,"addr:housename":null,"short_name":null,"branch":"Sentul City","official_name":null,"layer":null,"mobile":null,"wikipedia":null,"wikidata":null,"website":null,"phone":null,"email":null,"natural":null,"landuse":null,"ref":null,"addr:subdistrict":null,"addr:district":null,"club":null,"religion":"christian","grades":null,"opening_hours":null,"evacuation_center":null,"capacity:persons":null,"building:material":null,"building:floor":null,"building:condition":null,"backup_generator":null,"barrier":null,"sport":null,"leisure":null,"education":null,"type:id":null,"building:walls":null,"building:structure":null,"building:roof":null,"building:levels":null,"addr:postcode":null,"addr:housenumber":null,"addr:full":null,"access:roof":null,"nspn":null,"addr:city":null,"operator":null,"addr:street":null,"addr:state":null,"school:type_idn":null,"check_date":null,"wheelchair":null,"school:gender":null,"operator:type":null,"isced:level":null,"building":null,"type":null,"name":"BPK Penabur"},"geometry":{"type":"MultiPolygon","coordinates":[[[[106.8567025,-6.5704953],[106.8558875,-6.5705562],[106.8558367,-6.5697331],[106.8566372,-6.5696742],[106.8567025,-6.5704953]]]]}},
{"type":"Feature","properties":{"full_id":"w1361089498","osm_id":"1361089498","osm_type":"way","amenity":"school","addr:province":null,"addr:housename":null,"short_name":null,"branch":null,"official_name":null,"layer":null,"mobile":null,"wikipedia":null,"wikidata":null,"website":null,"phone":null,"email":null,"natural":null,"landuse":null,"ref":null,"addr:subdistrict":null,"addr:district":null,"club":null,"religion":"christian","grades":null,"opening_hours":null,"evacuation_center":null,"capacity:persons":null,"building:material":null,"building:floor":null,"building:condition":null,"backup_generator":null,"barrier":null,"sport":null,"leisure":null,"education":null,"type:id":null,"building:walls":null,"building:structure":null,"building:roof":null,"building:levels":null,"addr:postcode":null,"addr:housenumber":null,"addr:full":null,"access:roof":null,"nspn":null,"addr:city":null,"operator":null,"addr:street":null,"addr:state":null,"school:type_idn":null,"check_date":null,"wheelchair":null,"school:gender":null,"operator:type":null,"isced:level":null,"building":null,"type":null,"name":"Rhema En Cara School"},"geometry":{"type":"MultiPolygon","coordinates":[[[[106.8568569,-6.5696583],[106.8569413,-6.5704781],[106.8567025,-6.5704953],[106.8566372,-6.5696742],[106.8568569,-6.5696583]]]]}},
{"type":"Feature","properties":{"full_id":"w1361089547","osm_id":"1361089547","osm_type":"way","amenity":"school","addr:province":null,"addr:housename":null,"short_name":null,"branch":null,"official_name":null,"layer":null,"mobile":null,"wikipedia":null,"wikidata":null,"website":null,"phone":null,"email":null,"natural":null,"landuse":null,"ref":null,"addr:subdistrict":null,"addr:district":null,"club":null,"religion":null,"grades":null,"opening_hours":null,"evacuation_center":null,"capacity:persons":null,"building:material":null,"building:floor":null,"building:condition":null,"backup_generator":null,"barrier":null,"sport":null,"leisure":null,"education":null,"type:id":null,"building:walls":null,"building:structure":null,"building:roof":null,"building:levels":null,"addr:postcode":null,"addr:housenumber":null,"addr:full":null,"access:roof":null,"nspn":null,"addr:city":null,"operator":null,"addr:street":null,"addr:state":null,"school:type_idn":null,"check_date":null,"wheelchair":null,"school:gender":null,"operator:type":null,"isced:level":null,"building":null,"type":null,"name":"Sampoerna Academy"},"geometry":{"type":"MultiPolygon","coordinates":[[[[106.8721461,-6.5882596],[106.8724573,-6.5885154],[106.8722427,-6.588694],[106.8719798,-6.588702],[106.8717277,-6.5887472],[106.8713871,-6.5889498],[106.8707299,-6.5895679],[106.8704081,-6.5896665],[106.8702711,-6.5896456],[106.8697777,-6.5895706],[106.8696597,-6.589813],[106.8692306,-6.5897225],[106.8692628,-6.5896478],[106.8690589,-6.5896212],[106.8690133,-6.5897464],[106.8686807,-6.5897065],[106.8686432,-6.5897651],[106.8678761,-6.5895306],[106.8680504,-6.5890563],[106.8679672,-6.5887046],[106.8680343,-6.5879133],[106.8683106,-6.5879719],[106.8687585,-6.5880252],[106.8688497,-6.58782],[106.8688095,-6.5876362],[106.868737,-6.5875642],[106.8687585,-6.5872764],[106.8691018,-6.5872391],[106.8690509,-6.5870686],[106.8691957,-6.5870473],[106.8693674,-6.5869114],[106.8693647,-6.5870393],[106.8699762,-6.5875802],[106.8702739,-6.5880865],[106.8705931,-6.5883929],[106.8709016,-6.5885634],[106.8713602,-6.5885874],[106.8721461,-6.5882596]]]]}},
{"type":"Feature","properties":{"full_id":"w1379209543","osm_id":"1379209543","osm_type":"way","amenity":"school","addr:province":null,"addr:housename":null,"short_name":null,"branch":null,"official_name":"Sekolah Dasar Negeri Cipicung 05","layer":null,"mobile":null,"wikipedia":null,"wikidata":null,"website":null,"phone":null,"email":null,"natural":null,"landuse":null,"ref":null,"addr:subdistrict":null,"addr:district":null,"club":null,"religion":null,"grades":null,"opening_hours":null,"evacuation_center":null,"capacity:persons":null,"building:material":null,"building:floor":null,"building:condition":null,"backup_generator":null,"barrier":null,"sport":null,"leisure":null,"education":null,"type:id":null,"building:walls":null,"building:structure":null,"building:roof":null,"building:levels":null,"addr:postcode":null,"addr:housenumber":null,"addr:full":null,"access:roof":null,"nspn":null,"addr:city":null,"operator":null,"addr:street":null,"addr:state":null,"school:type_idn":null,"check_date":null,"wheelchair":null,"school:gender":null,"operator:type":null,"isced:level":null,"building":null,"type":null,"name":"SDN Cipicung 05"},"geometry":{"type":"MultiPolygon","coordinates":[[[[107.0046861,-6.407942],[107.0052789,-6.4077901],[107.0054251,-6.4080047],[107.0053782,-6.4080393],[107.0053701,-6.4081073],[107.0052843,-6.4080926],[107.0052414,-6.4081233],[107.0051488,-6.4081553],[107.0050804,-6.4081486],[107.0048162,-6.4082006],[107.0047344,-6.4081766],[107.0046861,-6.407942]]]]}},
{"type":"Feature","properties":{"full_id":"w1379209544","osm_id":"1379209544","osm_type":"way","amenity":"school","addr:province":null,"addr:housename":null,"short_name":null,"branch":null,"official_name":"Sekolah Dasar Negeri Cipicung 03","layer":null,"mobile":null,"wikipedia":null,"wikidata":null,"website":null,"phone":null,"email":null,"natural":null,"landuse":null,"ref":null,"addr:subdistrict":null,"addr:district":null,"club":null,"religion":null,"grades":null,"opening_hours":null,"evacuation_center":null,"capacity:persons":null,"building:material":null,"building:floor":null,"building:condition":null,"backup_generator":null,"barrier":null,"sport":null,"leisure":null,"education":null,"type:id":null,"building:walls":null,"building:structure":null,"building:roof":null,"building:levels":null,"addr:postcode":null,"addr:housenumber":null,"addr:full":null,"access:roof":null,"nspn":null,"addr:city":null,"operator":null,"addr:street":null,"addr:state":null,"school:type_idn":null,"check_date":null,"wheelchair":null,"school:gender":null,"operator:type":null,"isced:level":null,"building":null,"type":null,"name":"SDN Cipicung 03"},"geometry":{"type":"MultiPolygon","coordinates":[[[[106.9993868,-6.4006799],[106.9996691,-6.4007099],[106.9996315,-6.4010744],[106.9993418,-6.4010318],[106.9993868,-6.4006799]]]]}},
{"type":"Feature","properties":{"full_id":"w1379209547","osm_id":"1379209547","osm_type":"way","amenity":"school","addr:province":null,"addr:housename":null,"short_name":"ABSB","branch":null,"official_name":null,"layer":null,"mobile":null,"wikipedia":null,"wikidata":null,"website":"https://alfityanbogor.sch.id/","phone":null,"email":null,"natural":null,"landuse":null,"ref":null,"addr:subdistrict":null,"addr:district":null,"club":null,"religion":"muslim","grades":null,"opening_hours":null,"evacuation_center":null,"capacity:persons":null,"building:material":null,"building:floor":null,"building:condition":null,"backup_generator":null,"barrier":null,"sport":null,"leisure":null,"education":null,"type:id":null,"building:walls":null,"building:structure":null,"building:roof":null,"building:levels":null,"addr:postcode":null,"addr:housenumber":null,"addr:full":null,"access:roof":null,"nspn":null,"addr:city":null,"operator":null,"addr:street":null,"addr:state":null,"school:type_idn":null,"check_date":null,"wheelchair":null,"school:gender":null,"operator:type":null,"isced:level":null,"building":null,"type":null,"name":"Al-Fityan Boarding School Bogor"},"geometry":{"type":"MultiPolygon","coordinates":[[[[106.9969802,-6.4001095],[106.9973865,-6.3990087],[106.9974267,-6.39899],[106.997467,-6.3989874],[106.9977218,-6.3990527],[106.9977875,-6.3990487],[106.9978385,-6.39901],[106.9978787,-6.398942],[106.9980812,-6.3990873],[106.9985855,-6.39913],[106.9986203,-6.3987675],[106.9993553,-6.3987834],[106.9993392,-6.3992099],[106.9990361,-6.3992312],[106.9990012,-6.3997697],[106.9991165,-6.399811],[106.9991004,-6.3998896],[106.9992158,-6.3999269],[106.9991702,-6.4002988],[106.9994478,-6.4003174],[106.9993888,-6.4006693],[106.9992091,-6.4006653],[106.9992077,-6.4007173],[106.999146,-6.4007133],[106.9991273,-6.4008799],[106.9988765,-6.4008519],[106.9988993,-6.4006986],[106.9987947,-6.4006813],[106.998556,-6.4006653],[106.9984782,-6.4012863],[106.9982663,-6.4013077],[106.9982555,-6.401401],[106.9980973,-6.4014116],[106.9980893,-6.4015449],[106.9982314,-6.4015476],[106.998218,-6.4017341],[106.9979042,-6.4018301],[106.9974187,-6.4021393],[106.997467,-6.4018114],[106.9970003,-6.4016142],[106.9971639,-6.4011237],[106.9973892,-6.4011877],[106.9976011,-6.4005933],[106.9973034,-6.4005107],[106.9969761,-6.4001722],[106.9969802,-6.4001095]]]]}},
{"type":"Feature","properties":{"full_id":"w1379215191","osm_id":"1379215191","osm_type":"way","amenity":"school","addr:province":null,"addr:housename":null,"short_name":null,"branch":null,"official_name":null,"layer":null,"mobile":null,"wikipedia":null,"wikidata":null,"website":null,"phone":null,"email":null,"natural":null,"landuse":null,"ref":null,"addr:subdistrict":null,"addr:district":null,"club":null,"religion":null,"grades":null,"opening_hours":null,"evacuation_center":null,"capacity:persons":null,"building:material":null,"building:floor":null,"building:condition":null,"backup_generator":null,"barrier":null,"sport":null,"leisure":null,"education":null,"type:id":null,"building:walls":null,"building:structure":null,"building:roof":null,"building:levels":null,"addr:postcode":null,"addr:housenumber":null,"addr:full":null,"access:roof":null,"nspn":null,"addr:city":null,"operator":null,"addr:street":null,"addr:state":null,"school:type_idn":null,"check_date":null,"wheelchair":null,"school:gender":null,"operator:type":null,"isced:level":null,"building":null,"type":null,"name":"Pesantren Quran Eltahfidh"},"geometry":{"type":"MultiPolygon","coordinates":[[[[107.0534098,-6.4073103],[107.0535305,-6.4070651],[107.0534983,-6.4066466],[107.054134,-6.4063801],[107.0542467,-6.4068439],[107.0543915,-6.4069958],[107.0545444,-6.4069958],[107.0550299,-6.40662],[107.0552069,-6.4065933],[107.0554107,-6.4066306],[107.0555958,-6.4067292],[107.0560437,-6.4067532],[107.0563415,-6.4066599],[107.056438,-6.4066839],[107.0565587,-6.4067879],[107.0566016,-6.4069558],[107.0564058,-6.407329],[107.0563549,-6.4076275],[107.0562851,-6.4076168],[107.0561939,-6.4078194],[107.0558184,-6.4076648],[107.055636,-6.4079473],[107.0555234,-6.4079687],[107.0554215,-6.4078994],[107.0553464,-6.4078834],[107.0552605,-6.4082619],[107.0550191,-6.4085071],[107.055164,-6.4085497],[107.055164,-6.4086883],[107.055099,-6.4088696],[107.0545793,-6.4087043],[107.0542976,-6.4086724],[107.0542198,-6.4084005],[107.0534098,-6.4073103]]]]}},
{"type":"Feature","properties":{"full_id":"w1388424712","osm_id":"1388424712","osm_type":"way","amenity":"school","addr:province":null,"addr:housename":null,"short_name":null,"branch":null,"official_name":null,"layer":null,"mobile":null,"wikipedia":null,"wikidata":null,"website":null,"phone":null,"email":null,"natural":null,"landuse":null,"ref":null,"addr:subdistrict":null,"addr:district":null,"club":null,"religion":"muslim","grades":null,"opening_hours":null,"evacuation_center":null,"capacity:persons":null,"building:material":null,"building:floor":null,"building:condition":null,"backup_generator":null,"barrier":null,"sport":null,"leisure":null,"education":null,"type:id":null,"building:walls":null,"building:structure":null,"building:roof":null,"building:levels":null,"addr:postcode":null,"addr:housenumber":null,"addr:full":null,"access:roof":null,"nspn":null,"addr:city":null,"operator":null,"addr:street":null,"addr:state":null,"school:type_idn":null,"check_date":null,"wheelchair":null,"school:gender":null,"operator:type":null,"isced:level":null,"building":null,"type":null,"name":"Pondok Pesantren Daarul Mustaqiem"},"geometry":{"type":"MultiPolygon","coordinates":[[[[106.6469373,-6.650191],[106.646461,-6.6497874],[106.6462648,-6.6495857],[106.6457044,-6.6493375],[106.6455643,-6.6490406],[106.6456437,-6.6489038],[106.646085,-6.6484005],[106.6464143,-6.6484353],[106.6466828,-6.649036],[106.6471965,-6.6493816],[106.6471942,-6.6497921],[106.6471545,-6.6499614],[106.6470914,-6.6500588],[106.6469373,-6.650191]]]]}},
{"type":"Feature","properties":{"full_id":"w1391514151","osm_id":"1391514151","osm_type":"way","amenity":"school","addr:province":null,"addr:housename":null,"short_name":null,"branch":null,"official_name":null,"layer":null,"mobile":null,"wikipedia":null,"wikidata":null,"website":null,"phone":null,"email":null,"natural":null,"landuse":null,"ref":null,"addr:subdistrict":null,"addr:district":null,"club":null,"religion":null,"grades":null,"opening_hours":null,"evacuation_center":null,"capacity:persons":null,"building:material":null,"building:floor":null,"building:condition":null,"backup_generator":null,"barrier":null,"sport":null,"leisure":null,"education":"school","type:id":null,"building:walls":null,"building:structure":null,"building:roof":null,"building:levels":null,"addr:postcode":null,"addr:housenumber":null,"addr:full":null,"access:roof":null,"nspn":null,"addr:city":null,"operator":null,"addr:street":null,"addr:state":null,"school:type_idn":null,"check_date":null,"wheelchair":null,"school:gender":null,"operator:type":null,"isced:level":null,"building":null,"type":null,"name":"SDN Tenjo 04"},"geometry":{"type":"MultiPolygon","coordinates":[[[[106.4569856,-6.3354116],[106.4574531,-6.3354867],[106.4574418,-6.3355566],[106.457534,-6.3355714],[106.4574832,-6.3358836],[106.456981,-6.3358031],[106.4569455,-6.3356578],[106.4569856,-6.3354116]]]]}},
{"type":"Feature","properties":{"full_id":"w1391514152","osm_id":"1391514152","osm_type":"way","amenity":"school","addr:province":null,"addr:housename":null,"short_name":null,"branch":null,"official_name":null,"layer":null,"mobile":null,"wikipedia":null,"wikidata":null,"website":null,"phone":null,"email":null,"natural":null,"landuse":null,"ref":null,"addr:subdistrict":null,"addr:district":null,"club":null,"religion":null,"grades":null,"opening_hours":null,"evacuation_center":null,"capacity:persons":null,"building:material":null,"building:floor":null,"building:condition":null,"backup_generator":null,"barrier":null,"sport":null,"leisure":null,"education":null,"type:id":null,"building:walls":null,"building:structure":null,"building:roof":null,"building:levels":null,"addr:postcode":null,"addr:housenumber":null,"addr:full":null,"access:roof":null,"nspn":null,"addr:city":null,"operator":null,"addr:street":null,"addr:state":null,"school:type_idn":null,"check_date":null,"wheelchair":null,"school:gender":null,"operator:type":null,"isced:level":null,"building":null,"type":null,"name":"SDN Cilaku 05"},"geometry":{"type":"MultiPolygon","coordinates":[[[[106.4645034,-6.3367753],[106.4647992,-6.3367946],[106.4647992,-6.3368919],[106.4649186,-6.3369528],[106.4649057,-6.3371153],[106.4644991,-6.3370875],[106.4643872,-6.3370458],[106.4644303,-6.3369036],[106.4644658,-6.3368309],[106.4645034,-6.3367753]]]]}},
{"type":"Feature","properties":{"full_id":"w1391514153","osm_id":"1391514153","osm_type":"way","amenity":"school","addr:province":null,"addr:housename":null,"short_name":null,"branch":null,"official_name":null,"layer":null,"mobile":null,"wikipedia":null,"wikidata":null,"website":null,"phone":null,"email":null,"natural":null,"landuse":null,"ref":null,"addr:subdistrict":null,"addr:district":null,"club":null,"religion":null,"grades":null,"opening_hours":null,"evacuation_center":null,"capacity:persons":null,"building:material":null,"building:floor":null,"building:condition":null,"backup_generator":null,"barrier":null,"sport":null,"leisure":null,"education":"school","type:id":null,"building:walls":null,"building:structure":null,"building:roof":null,"building:levels":null,"addr:postcode":null,"addr:housenumber":null,"addr:full":null,"access:roof":null,"nspn":null,"addr:city":null,"operator":null,"addr:street":null,"addr:state":null,"school:type_idn":null,"check_date":null,"wheelchair":null,"school:gender":null,"operator:type":null,"isced:level":null,"building":null,"type":null,"name":"Yayasan Islam Hidayatul Ikhwan Tenjo"},"geometry":{"type":"MultiPolygon","coordinates":[[[[106.4536533,-6.3282566],[106.4544171,-6.3282074],[106.4544483,-6.3287848],[106.454445,-6.3288938],[106.4537512,-6.3288286],[106.4536533,-6.3282566]]]]}},
{"type":"Feature","properties":{"full_id":"w1391514154","osm_id":"1391514154","osm_type":"way","amenity":"school","addr:province":null,"addr:housename":null,"short_name":null,"branch":null,"official_name":null,"layer":null,"mobile":null,"wikipedia":null,"wikidata":null,"website":null,"phone":null,"email":null,"natural":null,"landuse":null,"ref":null,"addr:subdistrict":null,"addr:district":null,"club":null,"religion":null,"grades":null,"opening_hours":null,"evacuation_center":null,"capacity:persons":null,"building:material":null,"building:floor":null,"building:condition":null,"backup_generator":null,"barrier":null,"sport":null,"leisure":null,"education":"school","type:id":null,"building:walls":null,"building:structure":null,"building:roof":null,"building:levels":null,"addr:postcode":null,"addr:housenumber":null,"addr:full":null,"access:roof":null,"nspn":null,"addr:city":null,"operator":null,"addr:street":null,"addr:state":null,"school:type_idn":null,"check_date":null,"wheelchair":null,"school:gender":null,"operator:type":null,"isced:level":null,"building":null,"type":null,"name":"SMK Avicenna Tenjo"},"geometry":{"type":"MultiPolygon","coordinates":[[[[106.4443051,-6.333402],[106.4449252,-6.3335944],[106.4450991,-6.3336483],[106.4450029,-6.3339627],[106.4449165,-6.3341539],[106.4444747,-6.3342268],[106.4441192,-6.3342398],[106.4442007,-6.3338525],[106.4443051,-6.333402]]]]}},
{"type":"Feature","properties":{"full_id":"w1391514155","osm_id":"1391514155","osm_type":"way","amenity":"school","addr:province":null,"addr:housename":null,"short_name":null,"branch":null,"official_name":null,"layer":null,"mobile":null,"wikipedia":null,"wikidata":null,"website":null,"phone":null,"email":null,"natural":null,"landuse":null,"ref":null,"addr:subdistrict":null,"addr:district":null,"club":null,"religion":null,"grades":null,"opening_hours":null,"evacuation_center":null,"capacity:persons":null,"building:material":null,"building:floor":null,"building:condition":null,"backup_generator":null,"barrier":null,"sport":null,"leisure":null,"education":"school","type:id":null,"building:walls":null,"building:structure":null,"building:roof":null,"building:levels":null,"addr:postcode":null,"addr:housenumber":null,"addr:full":null,"access:roof":null,"nspn":null,"addr:city":null,"operator":null,"addr:street":null,"addr:state":null,"school:type_idn":null,"check_date":null,"wheelchair":null,"school:gender":null,"operator:type":null,"isced:level":null,"building":null,"type":null,"name":"SDN Tenjo 03"},"geometry":{"type":"MultiPolygon","coordinates":[[[[106.4439208,-6.3327828],[106.4443316,-6.3328703],[106.4442305,-6.333145],[106.4442151,-6.3332657],[106.4439615,-6.3332455],[106.4439069,-6.3332042],[106.4438694,-6.3331102],[106.4439208,-6.3327828]]]]}},
{"type":"Feature","properties":{"full_id":"w1391514156","osm_id":"1391514156","osm_type":"way","amenity":"school","addr:province":null,"addr:housename":null,"short_name":null,"branch":null,"official_name":"Sekolah Dasar Negeri Tenjo 01","layer":null,"mobile":null,"wikipedia":null,"wikidata":null,"website":null,"phone":null,"email":null,"natural":null,"landuse":null,"ref":"20200954","addr:subdistrict":"Tenjo","addr:district":"Tenjo","club":null,"religion":null,"grades":"1-6","opening_hours":null,"evacuation_center":null,"capacity:persons":null,"building:material":null,"building:floor":null,"building:condition":null,"backup_generator":null,"barrier":null,"sport":null,"leisure":null,"education":"school","type:id":null,"building:walls":null,"building:structure":null,"building:roof":null,"building:levels":null,"addr:postcode":null,"addr:housenumber":null,"addr:full":null,"access:roof":null,"nspn":null,"addr:city":"Bogor","operator":"Negeri","addr:street":null,"addr:state":null,"school:type_idn":null,"check_date":null,"wheelchair":null,"school:gender":null,"operator:type":null,"isced:level":null,"building":null,"type":null,"name":"SDN Tenjo 01"},"geometry":{"type":"MultiPolygon","coordinates":[[[[106.4635978,-6.3273419],[106.4636283,-6.3277656],[106.4634105,-6.3277745],[106.4633584,-6.3276988],[106.4633156,-6.3276447],[106.4633103,-6.3274818],[106.463305,-6.3273603],[106.4635901,-6.3273424],[106.4635978,-6.3273419]]]]}},
{"type":"Feature","properties":{"full_id":"w1391514157","osm_id":"1391514157","osm_type":"way","amenity":"school","addr:province":null,"addr:housename":null,"short_name":null,"branch":null,"official_name":"Sekolah Dasar Negeri Tenjo 02","layer":null,"mobile":null,"wikipedia":null,"wikidata":null,"website":null,"phone":null,"email":null,"natural":null,"landuse":null,"ref":"20200944","addr:subdistrict":"Tenjo","addr:district":"Tenjo","club":null,"religion":null,"grades":"1-6","opening_hours":null,"evacuation_center":null,"capacity:persons":null,"building:material":null,"building:floor":null,"building:condition":null,"backup_generator":null,"barrier":null,"sport":null,"leisure":null,"education":"school","type:id":null,"building:walls":null,"building:structure":null,"building:roof":null,"building:levels":null,"addr:postcode":null,"addr:housenumber":null,"addr:full":null,"access:roof":null,"nspn":null,"addr:city":"Bogor","operator":"Negeri","addr:street":null,"addr:state":null,"school:type_idn":null,"check_date":null,"wheelchair":null,"school:gender":null,"operator:type":null,"isced:level":null,"building":null,"type":null,"name":"SDN Tenjo 02"},"geometry":{"type":"MultiPolygon","coordinates":[[[[106.4631542,-6.3271988],[106.4632925,-6.3271904],[106.4632963,-6.3272593],[106.4635821,-6.3272356],[106.4635901,-6.3273424],[106.463305,-6.3273603],[106.4633103,-6.3274818],[106.463172,-6.3274902],[106.4631542,-6.3271988]]]]}},
{"type":"Feature","properties":{"full_id":"w1391514158","osm_id":"1391514158","osm_type":"way","amenity":"school","addr:province":null,"addr:housename":null,"short_name":null,"branch":null,"official_name":null,"layer":null,"mobile":null,"wikipedia":null,"wikidata":null,"website":null,"phone":null,"email":null,"natural":null,"landuse":null,"ref":null,"addr:subdistrict":null,"addr:district":null,"club":null,"religion":null,"grades":null,"opening_hours":null,"evacuation_center":null,"capacity:persons":null,"building:material":null,"building:floor":null,"building:condition":null,"backup_generator":null,"barrier":null,"sport":null,"leisure":null,"education":null,"type:id":null,"building:walls":null,"building:structure":null,"building:roof":null,"building:levels":null,"addr:postcode":null,"addr:housenumber":null,"addr:full":null,"access:roof":null,"nspn":null,"addr:city":null,"operator":null,"addr:street":null,"addr:state":null,"school:type_idn":null,"check_date":null,"wheelchair":null,"school:gender":null,"operator:type":null,"isced:level":null,"building":null,"type":null,"name":null},"geometry":{"type":"MultiPolygon","coordinates":[[[[106.4661156,-6.3267732],[106.466503,-6.3268119],[106.4664765,-6.3274863],[106.4661998,-6.3274717],[106.4662511,-6.3271136],[106.4660689,-6.3270939],[106.4660987,-6.3269108],[106.4661156,-6.3267732]]]]}},
{"type":"Feature","properties":{"full_id":"w1394222214","osm_id":"1394222214","osm_type":"way","amenity":null,"addr:province":null,"addr:housename":null,"short_name":null,"branch":null,"official_name":null,"layer":null,"mobile":null,"wikipedia":null,"wikidata":null,"website":null,"phone":null,"email":null,"natural":null,"landuse":null,"ref":null,"addr:subdistrict":null,"addr:district":null,"club":null,"religion":null,"grades":null,"opening_hours":null,"evacuation_center":null,"capacity:persons":null,"building:material":null,"building:floor":null,"building:condition":null,"backup_generator":null,"barrier":null,"sport":"basketball","leisure":"pitch","education":null,"type:id":null,"building:walls":null,"building:structure":null,"building:roof":null,"building:levels":null,"addr:postcode":null,"addr:housenumber":null,"addr:full":null,"access:roof":null,"nspn":null,"addr:city":null,"operator":null,"addr:street":null,"addr:state":null,"school:type_idn":null,"check_date":null,"wheelchair":null,"school:gender":null,"operator:type":null,"isced:level":null,"building":null,"type":null,"name":null},"geometry":{"type":"MultiPolygon","coordinates":[[[[106.7583383,-6.5857979],[106.7585911,-6.5857782],[106.758602,-6.5859141],[106.7583487,-6.5859344],[106.7583383,-6.5857979]]]]}},
{"type":"Feature","properties":{"full_id":"w1394222215","osm_id":"1394222215","osm_type":"way","amenity":null,"addr:province":null,"addr:housename":null,"short_name":null,"branch":null,"official_name":null,"layer":null,"mobile":null,"wikipedia":null,"wikidata":null,"website":null,"phone":null,"email":null,"natural":null,"landuse":null,"ref":null,"addr:subdistrict":null,"addr:district":null,"club":null,"religion":null,"grades":null,"opening_hours":null,"evacuation_center":null,"capacity:persons":null,"building:material":null,"building:floor":null,"building:condition":null,"backup_generator":null,"barrier":null,"sport":"volleyball","leisure":"pitch","education":null,"type:id":null,"building:walls":null,"building:structure":null,"building:roof":null,"building:levels":null,"addr:postcode":null,"addr:housenumber":null,"addr:full":null,"access:roof":null,"nspn":null,"addr:city":null,"operator":null,"addr:street":null,"addr:state":null,"school:type_idn":null,"check_date":null,"wheelchair":null,"school:gender":null,"operator:type":null,"isced:level":null,"building":null,"type":null,"name":null},"geometry":{"type":"MultiPolygon","coordinates":[[[[106.7585815,-6.5859409],[106.7585917,-6.5861009],[106.7585118,-6.5861066],[106.7585016,-6.5859465],[106.7585815,-6.5859409]]]]}},
{"type":"Feature","properties":{"full_id":"w1394222216","osm_id":"1394222216","osm_type":"way","amenity":null,"addr:province":null,"addr:housename":null,"short_name":null,"branch":null,"official_name":null,"layer":null,"mobile":null,"wikipedia":null,"wikidata":null,"website":null,"phone":null,"email":null,"natural":null,"landuse":null,"ref":null,"addr:subdistrict":null,"addr:district":null,"club":null,"religion":null,"grades":null,"opening_hours":null,"evacuation_center":null,"capacity:persons":null,"building:material":null,"building:floor":null,"building:condition":null,"backup_generator":null,"barrier":null,"sport":null,"leisure":null,"education":null,"type:id":null,"building:walls":null,"building:structure":null,"building:roof":null,"building:levels":null,"addr:postcode":null,"addr:housenumber":null,"addr:full":null,"access:roof":null,"nspn":null,"addr:city":null,"operator":null,"addr:street":null,"addr:state":null,"school:type_idn":null,"check_date":null,"wheelchair":null,"school:gender":null,"operator:type":null,"isced:level":null,"building":"school","type":null,"name":null},"geometry":{"type":"MultiPolygon","coordinates":[[[[106.7583416,-6.5853645],[106.758507,-6.5853499],[106.7585165,-6.5854562],[106.7583511,-6.5854708],[106.7583416,-6.5853645]]]]}},
{"type":"Feature","properties":{"full_id":"w1394222217","osm_id":"1394222217","osm_type":"way","amenity":null,"addr:province":null,"addr:housename":null,"short_name":null,"branch":null,"official_name":null,"layer":null,"mobile":null,"wikipedia":null,"wikidata":null,"website":null,"phone":null,"email":null,"natural":null,"landuse":null,"ref":null,"addr:subdistrict":null,"addr:district":null,"club":null,"religion":null,"grades":null,"opening_hours":null,"evacuation_center":null,"capacity:persons":null,"building:material":null,"building:floor":null,"building:condition":null,"backup_generator":null,"barrier":null,"sport":"badminton","leisure":"pitch","education":null,"type:id":null,"building:walls":null,"building:structure":null,"building:roof":null,"building:levels":null,"addr:postcode":null,"addr:housenumber":null,"addr:full":null,"access:roof":null,"nspn":null,"addr:city":null,"operator":null,"addr:street":null,"addr:state":null,"school:type_idn":null,"check_date":null,"wheelchair":null,"school:gender":null,"operator:type":null,"isced:level":null,"building":null,"type":null,"name":null},"geometry":{"type":"MultiPolygon","coordinates":[[[[106.7584737,-6.5859494],[106.7584839,-6.5861094],[106.758404,-6.5861151],[106.7583938,-6.585955],[106.7584737,-6.5859494]]]]}},
{"type":"Feature","properties":{"full_id":"w1394222218","osm_id":"1394222218","osm_type":"way","amenity":null,"addr:province":null,"addr:housename":null,"short_name":null,"branch":null,"official_name":null,"layer":null,"mobile":null,"wikipedia":null,"wikidata":null,"website":null,"phone":null,"email":null,"natural":null,"landuse":null,"ref":null,"addr:subdistrict":null,"addr:district":null,"club":null,"religion":null,"grades":null,"opening_hours":null,"evacuation_center":null,"capacity:persons":null,"building:material":null,"building:floor":null,"building:condition":null,"backup_generator":null,"barrier":null,"sport":null,"leisure":null,"education":null,"type:id":null,"building:walls":null,"building:structure":null,"building:roof":null,"building:levels":null,"addr:postcode":null,"addr:housenumber":null,"addr:full":null,"access:roof":null,"nspn":null,"addr:city":null,"operator":null,"addr:street":null,"addr:state":null,"school:type_idn":null,"check_date":null,"wheelchair":null,"school:gender":null,"operator:type":null,"isced:level":null,"building":"school","type":null,"name":null},"geometry":{"type":"MultiPolygon","coordinates":[[[[106.7581503,-6.5853815],[106.7583157,-6.5853669],[106.7583252,-6.5854732],[106.7581598,-6.5854878],[106.7581503,-6.5853815]]]]}},
{"type":"Feature","properties":{"full_id":"w1394222219","osm_id":"1394222219","osm_type":"way","amenity":null,"addr:province":null,"addr:housename":null,"short_name":null,"branch":null,"official_name":null,"layer":"-1","mobile":null,"wikipedia":null,"wikidata":null,"website":null,"phone":null,"email":null,"natural":null,"landuse":null,"ref":null,"addr:subdistrict":null,"addr:district":null,"club":null,"religion":null,"grades":null,"opening_hours":null,"evacuation_center":null,"capacity:persons":null,"building:material":null,"building:floor":null,"building:condition":null,"backup_generator":null,"barrier":null,"sport":null,"leisure":"pitch","education":null,"type:id":null,"building:walls":null,"building:structure":null,"building:roof":null,"building:levels":null,"addr:postcode":null,"addr:housenumber":null,"addr:full":null,"access:roof":null,"nspn":null,"addr:city":null,"operator":null,"addr:street":null,"addr:state":null,"school:type_idn":null,"check_date":null,"wheelchair":null,"school:gender":null,"operator:type":null,"isced:level":null,"building":null,"type":null,"name":null},"geometry":{"type":"MultiPolygon","coordinates":[[[[106.7583487,-6.5859344],[106.758602,-6.5859141],[106.75862,-6.5861365],[106.7583668,-6.5861568],[106.7583487,-6.5859344]]]]}},
{"type":"Feature","properties":{"full_id":"w1394904103","osm_id":"1394904103","osm_type":"way","amenity":"school","addr:province":null,"addr:housename":null,"short_name":null,"branch":null,"official_name":null,"layer":null,"mobile":null,"wikipedia":null,"wikidata":null,"website":null,"phone":null,"email":null,"natural":null,"landuse":null,"ref":null,"addr:subdistrict":null,"addr:district":null,"club":null,"religion":null,"grades":null,"opening_hours":null,"evacuation_center":null,"capacity:persons":null,"building:material":null,"building:floor":null,"building:condition":null,"backup_generator":null,"barrier":null,"sport":null,"leisure":null,"education":null,"type:id":null,"building:walls":null,"building:structure":null,"building:roof":null,"building:levels":null,"addr:postcode":null,"addr:housenumber":null,"addr:full":null,"access:roof":null,"nspn":null,"addr:city":null,"operator":null,"addr:street":null,"addr:state":null,"school:type_idn":null,"check_date":null,"wheelchair":null,"school:gender":null,"operator:type":null,"isced:level":null,"building":null,"type":null,"name":"SDN Cilaku 01"},"geometry":{"type":"MultiPolygon","coordinates":[[[[106.4756772,-6.3381386],[106.4760855,-6.3380429],[106.4761313,-6.3382358],[106.475723,-6.3383315],[106.4756772,-6.3381386]]]]}},
{"type":"Feature","properties":{"full_id":"w1408382638","osm_id":"1408382638","osm_type":"way","amenity":"school","addr:province":null,"addr:housename":null,"short_name":null,"branch":null,"official_name":null,"layer":null,"mobile":null,"wikipedia":null,"wikidata":null,"website":null,"phone":null,"email":null,"natural":null,"landuse":null,"ref":null,"addr:subdistrict":null,"addr:district":null,"club":null,"religion":null,"grades":null,"opening_hours":null,"evacuation_center":null,"capacity:persons":null,"building:material":null,"building:floor":null,"building:condition":null,"backup_generator":null,"barrier":null,"sport":null,"leisure":null,"education":null,"type:id":null,"building:walls":null,"building:structure":null,"building:roof":null,"building:levels":null,"addr:postcode":null,"addr:housenumber":null,"addr:full":null,"access:roof":null,"nspn":null,"addr:city":null,"operator":null,"addr:street":null,"addr:state":null,"school:type_idn":null,"check_date":null,"wheelchair":null,"school:gender":null,"operator:type":null,"isced:level":null,"building":null,"type":null,"name":null},"geometry":{"type":"MultiPolygon","coordinates":[[[[106.7581414,-6.484895],[106.7580629,-6.4847966],[106.7577211,-6.4843697],[106.7574035,-6.4839038],[106.7577098,-6.4837813],[106.7583861,-6.4838407],[106.7587802,-6.4835382],[106.7589409,-6.4836199],[106.758769,-6.4845126],[106.7583991,-6.4844477],[106.7581414,-6.484895]]]]}},
{"type":"Feature","properties":{"full_id":"w1411770296","osm_id":"1411770296","osm_type":"way","amenity":"school","addr:province":null,"addr:housename":null,"short_name":null,"branch":null,"official_name":null,"layer":null,"mobile":null,"wikipedia":null,"wikidata":null,"website":null,"phone":null,"email":null,"natural":null,"landuse":null,"ref":null,"addr:subdistrict":null,"addr:district":null,"club":null,"religion":null,"grades":null,"opening_hours":null,"evacuation_center":null,"capacity:persons":null,"building:material":null,"building:floor":null,"building:condition":null,"backup_generator":null,"barrier":null,"sport":null,"leisure":null,"education":null,"type:id":null,"building:walls":null,"building:structure":null,"building:roof":null,"building:levels":null,"addr:postcode":null,"addr:housenumber":null,"addr:full":null,"access:roof":null,"nspn":null,"addr:city":null,"operator":null,"addr:street":null,"addr:state":null,"school:type_idn":null,"check_date":null,"wheelchair":null,"school:gender":null,"operator:type":null,"isced:level":null,"building":null,"type":null,"name":"SDN Tenjo 05"},"geometry":{"type":"MultiPolygon","coordinates":[[[[106.4482467,-6.3216984],[106.4484749,-6.3218018],[106.4482656,-6.3222781],[106.4480957,-6.3221497],[106.4481514,-6.3219738],[106.4482467,-6.3216984]]]]}},
{"type":"Feature","properties":{"full_id":"w1434711177","osm_id":"1434711177","osm_type":"way","amenity":"school","addr:province":null,"addr:housename":null,"short_name":null,"branch":null,"official_name":null,"layer":null,"mobile":null,"wikipedia":null,"wikidata":null,"website":null,"phone":null,"email":null,"natural":null,"landuse":null,"ref":null,"addr:subdistrict":null,"addr:district":null,"club":null,"religion":null,"grades":null,"opening_hours":null,"evacuation_center":null,"capacity:persons":null,"building:material":null,"building:floor":null,"building:condition":null,"backup_generator":null,"barrier":null,"sport":null,"leisure":null,"education":null,"type:id":null,"building:walls":null,"building:structure":null,"building:roof":null,"building:levels":null,"addr:postcode":null,"addr:housenumber":null,"addr:full":null,"access:roof":null,"nspn":null,"addr:city":null,"operator":null,"addr:street":null,"addr:state":null,"school:type_idn":null,"check_date":null,"wheelchair":null,"school:gender":null,"operator:type":null,"isced:level":null,"building":null,"type":null,"name":"IDN Boarding School Pamijahan"},"geometry":{"type":"MultiPolygon","coordinates":[[[[106.650895,-6.6683473],[106.651285,-6.6683242],[106.6513411,-6.6688757],[106.651001,-6.6689042],[106.650895,-6.6683473]]]]}},
{"type":"Feature","properties":{"full_id":"w1434711314","osm_id":"1434711314","osm_type":"way","amenity":"school","addr:province":null,"addr:housename":null,"short_name":null,"branch":null,"official_name":null,"layer":null,"mobile":null,"wikipedia":null,"wikidata":null,"website":null,"phone":null,"email":null,"natural":null,"landuse":null,"ref":null,"addr:subdistrict":null,"addr:district":null,"club":null,"religion":null,"grades":null,"opening_hours":null,"evacuation_center":null,"capacity:persons":null,"building:material":null,"building:floor":null,"building:condition":null,"backup_generator":null,"barrier":null,"sport":null,"leisure":null,"education":null,"type:id":null,"building:walls":null,"building:structure":null,"building:roof":null,"building:levels":null,"addr:postcode":null,"addr:housenumber":null,"addr:full":null,"access:roof":null,"nspn":null,"addr:city":null,"operator":null,"addr:street":null,"addr:state":null,"school:type_idn":null,"check_date":null,"wheelchair":null,"school:gender":null,"operator:type":null,"isced:level":null,"building":null,"type":null,"name":"IDN Boarding School Akhwat"},"geometry":{"type":"MultiPolygon","coordinates":[[[[107.039875,-6.5242488],[107.0402306,-6.5240806],[107.040756,-6.5243032],[107.0407779,-6.5246469],[107.0403997,-6.5247759],[107.039875,-6.5242488]]]]}},
{"type":"Feature","properties":{"full_id":"w1434712946","osm_id":"1434712946","osm_type":"way","amenity":"school","addr:province":null,"addr:housename":null,"short_name":null,"branch":null,"official_name":null,"layer":null,"mobile":null,"wikipedia":null,"wikidata":null,"website":"https://psb.idn.sch.id","phone":null,"email":null,"natural":null,"landuse":null,"ref":null,"addr:subdistrict":null,"addr:district":null,"club":null,"religion":"muslim","grades":null,"opening_hours":null,"evacuation_center":null,"capacity:persons":null,"building:material":null,"building:floor":null,"building:condition":null,"backup_generator":null,"barrier":null,"sport":null,"leisure":null,"education":null,"type:id":null,"building:walls":null,"building:structure":null,"building:roof":null,"building:levels":null,"addr:postcode":null,"addr:housenumber":null,"addr:full":null,"access:roof":null,"nspn":null,"addr:city":null,"operator":null,"addr:street":null,"addr:state":null,"school:type_idn":null,"check_date":null,"wheelchair":null,"school:gender":null,"operator:type":null,"isced:level":null,"building":null,"type":null,"name":"IDN Boarding School Sentul"},"geometry":{"type":"MultiPolygon","coordinates":[[[[106.9300979,-6.5864936],[106.9303777,-6.5863325],[106.9307835,-6.586743],[106.9307695,-6.5869981],[106.9304249,-6.5869911],[106.930136,-6.5868447],[106.9300162,-6.5866436],[106.9300979,-6.5864936]]]]}},
{"type":"Feature","properties":{"full_id":"w1450164511","osm_id":"1450164511","osm_type":"way","amenity":"school","addr:province":null,"addr:housename":null,"short_name":null,"branch":null,"official_name":null,"layer":null,"mobile":null,"wikipedia":null,"wikidata":null,"website":null,"phone":null,"email":null,"natural":null,"landuse":null,"ref":null,"addr:subdistrict":null,"addr:district":null,"club":null,"religion":null,"grades":null,"opening_hours":null,"evacuation_center":null,"capacity:persons":null,"building:material":null,"building:floor":null,"building:condition":null,"backup_generator":null,"barrier":null,"sport":null,"leisure":null,"education":"school","type:id":null,"building:walls":null,"building:structure":null,"building:roof":null,"building:levels":null,"addr:postcode":null,"addr:housenumber":null,"addr:full":null,"access:roof":null,"nspn":null,"addr:city":null,"operator":null,"addr:street":null,"addr:state":null,"school:type_idn":null,"check_date":null,"wheelchair":null,"school:gender":null,"operator:type":null,"isced:level":null,"building":null,"type":null,"name":"SMP Negeri 1 Tenjo"},"geometry":{"type":"MultiPolygon","coordinates":[[[[106.4448435,-6.3325902],[106.4450847,-6.3326599],[106.4454583,-6.3327862],[106.4457761,-6.3329232],[106.4460054,-6.3330655],[106.446034,-6.3337895],[106.4457193,-6.333738],[106.4457163,-6.3335082],[106.4457529,-6.3332457],[106.4451603,-6.3331336],[106.4445548,-6.3330246],[106.4448435,-6.3325902]]]]}},
{"type":"Feature","properties":{"full_id":"w1458259594","osm_id":"1458259594","osm_type":"way","amenity":"school","addr:province":null,"addr:housename":null,"short_name":null,"branch":null,"official_name":null,"layer":null,"mobile":null,"wikipedia":null,"wikidata":null,"website":null,"phone":null,"email":null,"natural":null,"landuse":null,"ref":null,"addr:subdistrict":null,"addr:district":null,"club":null,"religion":null,"grades":null,"opening_hours":null,"evacuation_center":null,"capacity:persons":null,"building:material":null,"building:floor":null,"building:condition":null,"backup_generator":null,"barrier":null,"sport":null,"leisure":null,"education":"school","type:id":null,"building:walls":null,"building:structure":null,"building:roof":null,"building:levels":null,"addr:postcode":null,"addr:housenumber":null,"addr:full":null,"access:roof":null,"nspn":null,"addr:city":null,"operator":null,"addr:street":null,"addr:state":null,"school:type_idn":null,"check_date":null,"wheelchair":null,"school:gender":null,"operator:type":null,"isced:level":null,"building":null,"type":null,"name":null},"geometry":{"type":"MultiPolygon","coordinates":[[[[106.7702113,-6.457583],[106.7702058,-6.4576603],[106.7702032,-6.4576967],[106.769977,-6.4576807],[106.769986,-6.4575625],[106.7702113,-6.457583]]]]}},
{"type":"Feature","properties":{"full_id":"w1464488737","osm_id":"1464488737","osm_type":"way","amenity":"school","addr:province":null,"addr:housename":null,"short_name":null,"branch":null,"official_name":null,"layer":null,"mobile":null,"wikipedia":null,"wikidata":null,"website":null,"phone":null,"email":null,"natural":null,"landuse":null,"ref":null,"addr:subdistrict":null,"addr:district":null,"club":null,"religion":null,"grades":null,"opening_hours":null,"evacuation_center":null,"capacity:persons":null,"building:material":null,"building:floor":null,"building:condition":null,"backup_generator":null,"barrier":null,"sport":null,"leisure":null,"education":"school","type:id":null,"building:walls":null,"building:structure":null,"building:roof":null,"building:levels":null,"addr:postcode":null,"addr:housenumber":null,"addr:full":null,"access:roof":null,"nspn":null,"addr:city":null,"operator":null,"addr:street":null,"addr:state":null,"school:type_idn":null,"check_date":null,"wheelchair":null,"school:gender":null,"operator:type":null,"isced:level":null,"building":null,"type":null,"name":"SD Negeri Ciparahu"},"geometry":{"type":"MultiPolygon","coordinates":[[[[106.491749,-6.6487343],[106.4918026,-6.6486384],[106.4918871,-6.6486704],[106.4919193,-6.6486198],[106.4918053,-6.6484746],[106.4918858,-6.648388],[106.4920655,-6.6485758],[106.4921781,-6.6486864],[106.4921298,-6.6487956],[106.4920869,-6.648773],[106.4920011,-6.6489222],[106.491749,-6.6487343]]]]}},
{"type":"Feature","properties":{"full_id":"w1464490040","osm_id":"1464490040","osm_type":"way","amenity":"school","addr:province":null,"addr:housename":null,"short_name":null,"branch":null,"official_name":null,"layer":null,"mobile":null,"wikipedia":null,"wikidata":null,"website":null,"phone":null,"email":null,"natural":null,"landuse":null,"ref":null,"addr:subdistrict":null,"addr:district":null,"club":null,"religion":null,"grades":null,"opening_hours":null,"evacuation_center":null,"capacity:persons":null,"building:material":null,"building:floor":null,"building:condition":null,"backup_generator":null,"barrier":null,"sport":null,"leisure":null,"education":"school","type:id":null,"building:walls":null,"building:structure":null,"building:roof":null,"building:levels":null,"addr:postcode":null,"addr:housenumber":null,"addr:full":null,"access:roof":null,"nspn":null,"addr:city":null,"operator":null,"addr:street":null,"addr:state":null,"school:type_idn":null,"check_date":null,"wheelchair":null,"school:gender":null,"operator:type":null,"isced:level":null,"building":null,"type":null,"name":"MTs Al Ghiffari Kiarasari"},"geometry":{"type":"MultiPolygon","coordinates":[[[[106.4967901,-6.6548805],[106.4968502,-6.6546372],[106.4972168,-6.6547459],[106.4971367,-6.6550443],[106.4967901,-6.6548805]]]]}},
{"type":"Feature","properties":{"full_id":"w1464490162","osm_id":"1464490162","osm_type":"way","amenity":"school","addr:province":null,"addr:housename":null,"short_name":null,"branch":null,"official_name":null,"layer":null,"mobile":null,"wikipedia":null,"wikidata":null,"website":null,"phone":null,"email":null,"natural":null,"landuse":null,"ref":null,"addr:subdistrict":null,"addr:district":null,"club":null,"religion":null,"grades":null,"opening_hours":null,"evacuation_center":null,"capacity:persons":null,"building:material":null,"building:floor":null,"building:condition":null,"backup_generator":null,"barrier":null,"sport":null,"leisure":null,"education":"school","type:id":null,"building:walls":null,"building:structure":null,"building:roof":null,"building:levels":null,"addr:postcode":null,"addr:housenumber":null,"addr:full":null,"access:roof":null,"nspn":null,"addr:city":null,"operator":null,"addr:street":null,"addr:state":null,"school:type_idn":null,"check_date":null,"wheelchair":null,"school:gender":null,"operator:type":null,"isced:level":null,"building":null,"type":null,"name":"SD Negeri Cipeundeuy 01"},"geometry":{"type":"MultiPolygon","coordinates":[[[[106.4956971,-6.6546623],[106.4957816,-6.6545917],[106.4960002,-6.6548101],[106.4958742,-6.654926],[106.4958044,-6.6548661],[106.4957441,-6.654918],[106.4957213,-6.6548834],[106.4956971,-6.6546623]]]]}},
{"type":"Feature","properties":{"full_id":"w1466132371","osm_id":"1466132371","osm_type":"way","amenity":"school","addr:province":null,"addr:housename":null,"short_name":null,"branch":null,"official_name":null,"layer":null,"mobile":null,"wikipedia":null,"wikidata":null,"website":null,"phone":null,"email":null,"natural":null,"landuse":null,"ref":null,"addr:subdistrict":null,"addr:district":null,"club":null,"religion":null,"grades":null,"opening_hours":null,"evacuation_center":null,"capacity:persons":null,"building:material":null,"building:floor":null,"building:condition":null,"backup_generator":null,"barrier":null,"sport":null,"leisure":null,"education":null,"type:id":null,"building:walls":null,"building:structure":null,"building:roof":null,"building:levels":null,"addr:postcode":null,"addr:housenumber":null,"addr:full":null,"access:roof":null,"nspn":null,"addr:city":null,"operator":null,"addr:street":null,"addr:state":null,"school:type_idn":null,"check_date":null,"wheelchair":null,"school:gender":null,"operator:type":null,"isced:level":null,"building":null,"type":null,"name":null},"geometry":{"type":"MultiPolygon","coordinates":[[[[106.6417739,-6.4839404],[106.6419602,-6.4837521],[106.6423679,-6.4841505],[106.6421816,-6.4843388],[106.6417739,-6.4839404]]]]}},
{"type":"Feature","properties":{"full_id":"w1471722288","osm_id":"1471722288","osm_type":"way","amenity":"school","addr:province":null,"addr:housename":null,"short_name":null,"branch":null,"official_name":null,"layer":null,"mobile":null,"wikipedia":null,"wikidata":null,"website":null,"phone":null,"email":null,"natural":null,"landuse":null,"ref":null,"addr:subdistrict":null,"addr:district":null,"club":null,"religion":null,"grades":null,"opening_hours":null,"evacuation_center":null,"capacity:persons":null,"building:material":null,"building:floor":null,"building:condition":null,"backup_generator":null,"barrier":null,"sport":null,"leisure":null,"education":"school","type:id":null,"building:walls":null,"building:structure":null,"building:roof":null,"building:levels":null,"addr:postcode":null,"addr:housenumber":null,"addr:full":null,"access:roof":null,"nspn":null,"addr:city":null,"operator":null,"addr:street":null,"addr:state":null,"school:type_idn":null,"check_date":null,"wheelchair":null,"school:gender":null,"operator:type":null,"isced:level":null,"building":null,"type":null,"name":null},"geometry":{"type":"MultiPolygon","coordinates":[[[[106.4600364,-6.3268622],[106.4606557,-6.3270353],[106.460631,-6.3272848],[106.460631,-6.3274747],[106.4599008,-6.3273292],[106.4600364,-6.3268622]]]]}},
{"type":"Feature","properties":{"full_id":"w1471866682","osm_id":"1471866682","osm_type":"way","amenity":"school","addr:province":null,"addr:housename":null,"short_name":null,"branch":null,"official_name":null,"layer":null,"mobile":null,"wikipedia":null,"wikidata":null,"website":null,"phone":null,"email":null,"natural":null,"landuse":null,"ref":null,"addr:subdistrict":null,"addr:district":null,"club":null,"religion":null,"grades":null,"opening_hours":null,"evacuation_center":null,"capacity:persons":null,"building:material":null,"building:floor":null,"building:condition":null,"backup_generator":null,"barrier":null,"sport":null,"leisure":null,"education":"school","type:id":null,"building:walls":null,"building:structure":null,"building:roof":null,"building:levels":null,"addr:postcode":null,"addr:housenumber":null,"addr:full":null,"access:roof":null,"nspn":null,"addr:city":null,"operator":null,"addr:street":null,"addr:state":null,"school:type_idn":null,"check_date":null,"wheelchair":null,"school:gender":null,"operator:type":null,"isced:level":null,"building":null,"type":null,"name":"Babussalam"},"geometry":{"type":"MultiPolygon","coordinates":[[[[106.4694079,-6.3390552],[106.4695981,-6.3390628],[106.4696767,-6.3390498],[106.4697876,-6.3389924],[106.4698885,-6.3390483],[106.4699247,-6.3393851],[106.4695103,-6.33949],[106.4693778,-6.339392],[106.4694079,-6.3390552]]]]}},
{"type":"Feature","properties":{"full_id":"w1474326157","osm_id":"1474326157","osm_type":"way","amenity":"school","addr:province":null,"addr:housename":null,"short_name":null,"branch":null,"official_name":null,"layer":null,"mobile":null,"wikipedia":null,"wikidata":null,"website":null,"phone":null,"email":null,"natural":null,"landuse":null,"ref":null,"addr:subdistrict":null,"addr:district":null,"club":null,"religion":null,"grades":null,"opening_hours":null,"evacuation_center":null,"capacity:persons":null,"building:material":null,"building:floor":null,"building:condition":null,"backup_generator":null,"barrier":null,"sport":null,"leisure":null,"education":"school","type:id":null,"building:walls":null,"building:structure":null,"building:roof":null,"building:levels":null,"addr:postcode":null,"addr:housenumber":null,"addr:full":null,"access:roof":null,"nspn":null,"addr:city":null,"operator":null,"addr:street":null,"addr:state":null,"school:type_idn":null,"check_date":null,"wheelchair":null,"school:gender":null,"operator:type":null,"isced:level":null,"building":null,"type":null,"name":"SD Negeri Cilaku 03"},"geometry":{"type":"MultiPolygon","coordinates":[[[[106.4695602,-6.3458295],[106.4697381,-6.3458568],[106.4696618,-6.3463538],[106.4695846,-6.3463528],[106.4695531,-6.3464618],[106.4692644,-6.3463598],[106.4694413,-6.3460639],[106.4695602,-6.3458295]]]]}},
{"type":"Feature","properties":{"full_id":"w1474965572","osm_id":"1474965572","osm_type":"way","amenity":"school","addr:province":null,"addr:housename":null,"short_name":null,"branch":null,"official_name":null,"layer":null,"mobile":null,"wikipedia":null,"wikidata":null,"website":null,"phone":null,"email":null,"natural":null,"landuse":null,"ref":null,"addr:subdistrict":null,"addr:district":null,"club":null,"religion":null,"grades":null,"opening_hours":null,"evacuation_center":null,"capacity:persons":null,"building:material":null,"building:floor":null,"building:condition":null,"backup_generator":null,"barrier":null,"sport":null,"leisure":null,"education":"school","type:id":null,"building:walls":null,"building:structure":null,"building:roof":null,"building:levels":null,"addr:postcode":null,"addr:housenumber":null,"addr:full":null,"access:roof":null,"nspn":null,"addr:city":null,"operator":null,"addr:street":null,"addr:state":null,"school:type_idn":null,"check_date":null,"wheelchair":null,"school:gender":null,"operator:type":null,"isced:level":null,"building":null,"type":null,"name":"SD Negeri Cilaku 06"},"geometry":{"type":"MultiPolygon","coordinates":[[[[106.4785152,-6.3268424],[106.4788902,-6.3268747],[106.4788831,-6.3271434],[106.4784918,-6.3271192],[106.4785152,-6.3268424]]]]}},
{"type":"Feature","properties":{"full_id":"w1478885594","osm_id":"1478885594","osm_type":"way","amenity":"school","addr:province":null,"addr:housename":null,"short_name":null,"branch":null,"official_name":null,"layer":null,"mobile":null,"wikipedia":null,"wikidata":null,"website":null,"phone":null,"email":null,"natural":null,"landuse":null,"ref":null,"addr:subdistrict":null,"addr:district":null,"club":null,"religion":null,"grades":null,"opening_hours":null,"evacuation_center":null,"capacity:persons":null,"building:material":null,"building:floor":null,"building:condition":null,"backup_generator":null,"barrier":null,"sport":null,"leisure":null,"education":"school","type:id":null,"building:walls":null,"building:structure":null,"building:roof":null,"building:levels":null,"addr:postcode":null,"addr:housenumber":null,"addr:full":null,"access:roof":null,"nspn":null,"addr:city":null,"operator":null,"addr:street":null,"addr:state":null,"school:type_idn":null,"check_date":null,"wheelchair":null,"school:gender":null,"operator:type":null,"isced:level":null,"building":null,"type":null,"name":"SD Negeri Babakan 04"},"geometry":{"type":"MultiPolygon","coordinates":[[[[106.4871465,-6.35822],[106.487504,-6.3582042],[106.4875234,-6.3585278],[106.4871677,-6.3585568],[106.4871465,-6.35822]]]]}},
{"type":"Feature","properties":{"full_id":"w1478885595","osm_id":"1478885595","osm_type":"way","amenity":"school","addr:province":null,"addr:housename":null,"short_name":null,"branch":null,"official_name":null,"layer":null,"mobile":null,"wikipedia":null,"wikidata":null,"website":null,"phone":null,"email":null,"natural":null,"landuse":null,"ref":null,"addr:subdistrict":null,"addr:district":null,"club":null,"religion":null,"grades":null,"opening_hours":null,"evacuation_center":null,"capacity:persons":null,"building:material":null,"building:floor":null,"building:condition":null,"backup_generator":null,"barrier":null,"sport":null,"leisure":null,"education":"school","type:id":null,"building:walls":null,"building:structure":null,"building:roof":null,"building:levels":null,"addr:postcode":null,"addr:housenumber":null,"addr:full":null,"access:roof":null,"nspn":null,"addr:city":null,"operator":null,"addr:street":null,"addr:state":null,"school:type_idn":null,"check_date":null,"wheelchair":null,"school:gender":null,"operator:type":null,"isced:level":null,"building":null,"type":null,"name":"SD Negeri Babakan 01"},"geometry":{"type":"MultiPolygon","coordinates":[[[[106.4792329,-6.3560791],[106.4793047,-6.3557233],[106.4795977,-6.3557799],[106.4796078,-6.3560158],[106.4795448,-6.3562931],[106.4792329,-6.3560791]]]]}},
{"type":"Feature","properties":{"full_id":"w1478885604","osm_id":"1478885604","osm_type":"way","amenity":"school","addr:province":null,"addr:housename":null,"short_name":null,"branch":null,"official_name":null,"layer":null,"mobile":null,"wikipedia":null,"wikidata":null,"website":null,"phone":null,"email":null,"natural":null,"landuse":null,"ref":null,"addr:subdistrict":null,"addr:district":null,"club":null,"religion":null,"grades":null,"opening_hours":null,"evacuation_center":null,"capacity:persons":null,"building:material":null,"building:floor":null,"building:condition":null,"backup_generator":null,"barrier":null,"sport":null,"leisure":null,"education":"school","type:id":null,"building:walls":null,"building:structure":null,"building:roof":null,"building:levels":null,"addr:postcode":null,"addr:housenumber":null,"addr:full":null,"access:roof":null,"nspn":null,"addr:city":null,"operator":null,"addr:street":null,"addr:state":null,"school:type_idn":null,"check_date":null,"wheelchair":null,"school:gender":null,"operator:type":null,"isced:level":null,"building":null,"type":null,"name":"SMP PGRI 2 Tenjo"},"geometry":{"type":"MultiPolygon","coordinates":[[[[106.4981378,-6.3589644],[106.4986269,-6.3590456],[106.4985807,-6.3592545],[106.4984544,-6.3592285],[106.4984274,-6.3593632],[106.4980577,-6.3592622],[106.4981378,-6.3589644]]]]}},
{"type":"Feature","properties":{"full_id":"w1478885606","osm_id":"1478885606","osm_type":"way","amenity":"school","addr:province":null,"addr:housename":null,"short_name":null,"branch":null,"official_name":null,"layer":null,"mobile":null,"wikipedia":null,"wikidata":null,"website":null,"phone":null,"email":null,"natural":null,"landuse":null,"ref":null,"addr:subdistrict":null,"addr:district":null,"club":null,"religion":null,"grades":null,"opening_hours":null,"evacuation_center":null,"capacity:persons":null,"building:material":null,"building:floor":null,"building:condition":null,"backup_generator":null,"barrier":null,"sport":null,"leisure":null,"education":"school","type:id":null,"building:walls":null,"building:structure":null,"building:roof":null,"building:levels":null,"addr:postcode":null,"addr:housenumber":null,"addr:full":null,"access:roof":null,"nspn":null,"addr:city":null,"operator":null,"addr:street":null,"addr:state":null,"school:type_idn":null,"check_date":null,"wheelchair":null,"school:gender":null,"operator:type":null,"isced:level":null,"building":null,"type":null,"name":"SD Negeri Batok 02"},"geometry":{"type":"MultiPolygon","coordinates":[[[[106.5002065,-6.3593071],[106.5005462,-6.3593373],[106.500454,-6.3597399],[106.5000979,-6.35969],[106.5002065,-6.3593071]]]]}},
{"type":"Feature","properties":{"full_id":"w1478888984","osm_id":"1478888984","osm_type":"way","amenity":"school","addr:province":null,"addr:housename":null,"short_name":null,"branch":null,"official_name":null,"layer":null,"mobile":null,"wikipedia":null,"wikidata":null,"website":null,"phone":null,"email":null,"natural":null,"landuse":null,"ref":null,"addr:subdistrict":null,"addr:district":null,"club":null,"religion":null,"grades":null,"opening_hours":null,"evacuation_center":null,"capacity:persons":null,"building:material":null,"building:floor":null,"building:condition":null,"backup_generator":null,"barrier":null,"sport":null,"leisure":null,"education":"school","type:id":null,"building:walls":null,"building:structure":null,"building:roof":null,"building:levels":null,"addr:postcode":null,"addr:housenumber":null,"addr:full":null,"access:roof":null,"nspn":null,"addr:city":null,"operator":null,"addr:street":null,"addr:state":null,"school:type_idn":null,"check_date":null,"wheelchair":null,"school:gender":null,"operator:type":null,"isced:level":null,"building":null,"type":null,"name":"SD Negeri Batok 01"},"geometry":{"type":"MultiPolygon","coordinates":[[[[106.508732,-6.3551421],[106.5088152,-6.3551742],[106.508903,-6.3551972],[106.5089866,-6.3559869],[106.508824,-6.3560091],[106.508732,-6.3551421]]]]}},
{"type":"Feature","properties":{"full_id":"w1478891373","osm_id":"1478891373","osm_type":"way","amenity":"school","addr:province":null,"addr:housename":null,"short_name":null,"branch":null,"official_name":"Sekolah Dasar Negeri Batok 04","layer":null,"mobile":null,"wikipedia":null,"wikidata":null,"website":null,"phone":null,"email":null,"natural":null,"landuse":null,"ref":"20201306","addr:subdistrict":"Batok","addr:district":"Tenjo","club":null,"religion":null,"grades":"1-6","opening_hours":null,"evacuation_center":null,"capacity:persons":null,"building:material":null,"building:floor":null,"building:condition":null,"backup_generator":null,"barrier":null,"sport":null,"leisure":null,"education":"school","type:id":null,"building:walls":null,"building:structure":null,"building:roof":null,"building:levels":null,"addr:postcode":null,"addr:housenumber":null,"addr:full":null,"access:roof":null,"nspn":null,"addr:city":"Bogor","operator":null,"addr:street":null,"addr:state":null,"school:type_idn":null,"check_date":null,"wheelchair":null,"school:gender":null,"operator:type":null,"isced:level":null,"building":null,"type":null,"name":"SDN Batok 04"},"geometry":{"type":"MultiPolygon","coordinates":[[[[106.518743,-6.361512],[106.5189025,-6.3615206],[106.5191804,-6.3615369],[106.5191717,-6.3619192],[106.5187331,-6.3618937],[106.518743,-6.361512]]]]}},
{"type":"Feature","properties":{"full_id":"w1479298623","osm_id":"1479298623","osm_type":"way","amenity":"school","addr:province":null,"addr:housename":null,"short_name":null,"branch":null,"official_name":null,"layer":null,"mobile":null,"wikipedia":null,"wikidata":null,"website":null,"phone":null,"email":null,"natural":null,"landuse":null,"ref":null,"addr:subdistrict":null,"addr:district":null,"club":null,"religion":null,"grades":null,"opening_hours":null,"evacuation_center":null,"capacity:persons":null,"building:material":null,"building:floor":null,"building:condition":null,"backup_generator":null,"barrier":null,"sport":null,"leisure":null,"education":"school","type:id":null,"building:walls":null,"building:structure":null,"building:roof":null,"building:levels":null,"addr:postcode":null,"addr:housenumber":null,"addr:full":null,"access:roof":null,"nspn":null,"addr:city":null,"operator":null,"addr:street":null,"addr:state":null,"school:type_idn":null,"check_date":null,"wheelchair":null,"school:gender":null,"operator:type":null,"isced:level":null,"building":null,"type":null,"name":"SD Negeri Babakan 02"},"geometry":{"type":"MultiPolygon","coordinates":[[[[106.4628577,-6.3539612],[106.4631032,-6.3540051],[106.4630321,-6.354537],[106.4627451,-6.3544863],[106.4628577,-6.3539612]]]]}},
{"type":"Feature","properties":{"full_id":"w1479298638","osm_id":"1479298638","osm_type":"way","amenity":"school","addr:province":null,"addr:housename":null,"short_name":null,"branch":null,"official_name":null,"layer":null,"mobile":null,"wikipedia":null,"wikidata":null,"website":null,"phone":null,"email":null,"natural":null,"landuse":null,"ref":null,"addr:subdistrict":null,"addr:district":null,"club":null,"religion":null,"grades":null,"opening_hours":null,"evacuation_center":null,"capacity:persons":null,"building:material":null,"building:floor":null,"building:condition":null,"backup_generator":null,"barrier":null,"sport":null,"leisure":null,"education":"school","type:id":null,"building:walls":null,"building:structure":null,"building:roof":null,"building:levels":null,"addr:postcode":null,"addr:housenumber":null,"addr:full":null,"access:roof":null,"nspn":null,"addr:city":null,"operator":null,"addr:street":null,"addr:state":null,"school:type_idn":null,"check_date":null,"wheelchair":null,"school:gender":null,"operator:type":null,"isced:level":null,"building":null,"type":null,"name":null},"geometry":{"type":"MultiPolygon","coordinates":[[[[106.4639054,-6.3477502],[106.4640875,-6.3481007],[106.4643572,-6.3485393],[106.464126,-6.3485683],[106.4638085,-6.3486135],[106.463603,-6.3486982],[106.4627192,-6.3489721],[106.4626164,-6.3485602],[106.463415,-6.3483153],[106.4633146,-6.3479927],[106.4639054,-6.3477502]]]]}},
{"type":"Feature","properties":{"full_id":"w1479867582","osm_id":"1479867582","osm_type":"way","amenity":"school","addr:province":null,"addr:housename":null,"short_name":null,"branch":null,"official_name":null,"layer":null,"mobile":null,"wikipedia":null,"wikidata":null,"website":null,"phone":null,"email":null,"natural":null,"landuse":null,"ref":null,"addr:subdistrict":null,"addr:district":null,"club":null,"religion":null,"grades":null,"opening_hours":null,"evacuation_center":null,"capacity:persons":null,"building:material":null,"building:floor":null,"building:condition":null,"backup_generator":null,"barrier":null,"sport":null,"leisure":null,"education":"school","type:id":null,"building:walls":null,"building:structure":null,"building:roof":null,"building:levels":null,"addr:postcode":null,"addr:housenumber":null,"addr:full":null,"access:roof":null,"nspn":null,"addr:city":null,"operator":null,"addr:street":null,"addr:state":null,"school:type_idn":null,"check_date":null,"wheelchair":null,"school:gender":null,"operator:type":null,"isced:level":null,"building":null,"type":null,"name":"SDN Kadeper"},"geometry":{"type":"MultiPolygon","coordinates":[[[[106.4487068,-6.3201754],[106.4492365,-6.3200901],[106.4492928,-6.3203594],[106.4489119,-6.3206006],[106.4487738,-6.3207019],[106.4487068,-6.3201754]]]]}},
{"type":"Feature","properties":{"full_id":"w1484368875","osm_id":"1484368875","osm_type":"way","amenity":"school","addr:province":null,"addr:housename":null,"short_name":null,"branch":null,"official_name":null,"layer":null,"mobile":null,"wikipedia":null,"wikidata":null,"website":null,"phone":null,"email":null,"natural":null,"landuse":null,"ref":null,"addr:subdistrict":null,"addr:district":null,"club":null,"religion":null,"grades":null,"opening_hours":null,"evacuation_center":null,"capacity:persons":null,"building:material":null,"building:floor":null,"building:condition":null,"backup_generator":null,"barrier":null,"sport":null,"leisure":null,"education":"school","type:id":null,"building:walls":null,"building:structure":null,"building:roof":null,"building:levels":null,"addr:postcode":null,"addr:housenumber":null,"addr:full":null,"access:roof":null,"nspn":null,"addr:city":null,"operator":null,"addr:street":null,"addr:state":null,"school:type_idn":null,"check_date":null,"wheelchair":null,"school:gender":null,"operator:type":null,"isced:level":null,"building":null,"type":null,"name":"SMP Negeri 3 Parung Panjang"},"geometry":{"type":"MultiPolygon","coordinates":[[[[106.5288895,-6.3570699],[106.5292323,-6.3570513],[106.5294847,-6.3570359],[106.5295641,-6.3572124],[106.529628,-6.3578519],[106.5295205,-6.3579819],[106.528983,-6.3580686],[106.5288895,-6.3570699]]]]}},
{"type":"Feature","properties":{"full_id":"w1486885977","osm_id":"1486885977","osm_type":"way","amenity":"school","addr:province":null,"addr:housename":null,"short_name":null,"branch":null,"official_name":null,"layer":null,"mobile":null,"wikipedia":null,"wikidata":null,"website":null,"phone":null,"email":null,"natural":null,"landuse":null,"ref":"70015818","addr:subdistrict":"Bojong Koneng","addr:district":"Babakan Madang","club":null,"religion":null,"grades":null,"opening_hours":null,"evacuation_center":null,"capacity:persons":null,"building:material":null,"building:floor":null,"building:condition":null,"backup_generator":null,"barrier":null,"sport":null,"leisure":null,"education":"school","type:id":null,"building:walls":null,"building:structure":null,"building:roof":null,"building:levels":null,"addr:postcode":null,"addr:housenumber":null,"addr:full":null,"access:roof":null,"nspn":null,"addr:city":"Bogor","operator":"Swasta","addr:street":null,"addr:state":null,"school:type_idn":null,"check_date":null,"wheelchair":null,"school:gender":null,"operator:type":null,"isced:level":null,"building":null,"type":null,"name":"SMPIT Yapidh 2 Bogor"},"geometry":{"type":"MultiPolygon","coordinates":[[[[106.8870002,-6.5971936],[106.8873435,-6.5971323],[106.8876976,-6.5971883],[106.8879577,-6.5971803],[106.8879765,-6.5972496],[106.888234,-6.5972576],[106.8882152,-6.5974094],[106.8882716,-6.5974761],[106.8885022,-6.5974547],[106.8885398,-6.5977931],[106.8883038,-6.5980116],[106.8871155,-6.5978624],[106.8871021,-6.5974654],[106.8870243,-6.5973402],[106.8870002,-6.5971936]]]]}},
{"type":"Feature","properties":{"full_id":"w1488611249","osm_id":"1488611249","osm_type":"way","amenity":"school","addr:province":null,"addr:housename":null,"short_name":null,"branch":null,"official_name":null,"layer":null,"mobile":null,"wikipedia":null,"wikidata":null,"website":null,"phone":null,"email":null,"natural":null,"landuse":null,"ref":"20271377;20258381","addr:subdistrict":"Cileungsi Kidul","addr:district":"Cileungsi","club":null,"religion":null,"grades":"0-12","opening_hours":null,"evacuation_center":null,"capacity:persons":null,"building:material":null,"building:floor":null,"building:condition":null,"backup_generator":null,"barrier":null,"sport":null,"leisure":null,"education":"school","type:id":null,"building:walls":null,"building:structure":null,"building:roof":null,"building:levels":null,"addr:postcode":null,"addr:housenumber":null,"addr:full":null,"access:roof":null,"nspn":null,"addr:city":"Bogor","operator":"Swasta","addr:street":null,"addr:state":null,"school:type_idn":null,"check_date":null,"wheelchair":null,"school:gender":null,"operator:type":null,"isced:level":null,"building":null,"type":null,"name":"Regina Caeli School"},"geometry":{"type":"MultiPolygon","coordinates":[[[[106.9751379,-6.4039938],[106.975619,-6.4040078],[106.9755838,-6.4050721],[106.9753897,-6.4050713],[106.975375,-6.4049794],[106.9753508,-6.4049234],[106.9752355,-6.4048634],[106.9747795,-6.4047341],[106.9748211,-6.404317],[106.9751269,-6.4043463],[106.9751373,-6.4041698],[106.9751379,-6.4039938]]]]}},
{"type":"Feature","properties":{"full_id":"w1488611250","osm_id":"1488611250","osm_type":"way","amenity":"school","addr:province":null,"addr:housename":null,"short_name":null,"branch":null,"official_name":null,"layer":null,"mobile":null,"wikipedia":null,"wikidata":null,"website":null,"phone":null,"email":null,"natural":null,"landuse":null,"ref":"69893377","addr:subdistrict":"Cileungsi Kidul","addr:district":"Cileungsi","club":null,"religion":null,"grades":null,"opening_hours":null,"evacuation_center":null,"capacity:persons":null,"building:material":null,"building:floor":null,"building:condition":null,"backup_generator":null,"barrier":null,"sport":null,"leisure":null,"education":"school","type:id":null,"building:walls":null,"building:structure":null,"building:roof":null,"building:levels":null,"addr:postcode":null,"addr:housenumber":null,"addr:full":null,"access:roof":null,"nspn":null,"addr:city":"Bogor","operator":"Metland","addr:street":null,"addr:state":null,"school:type_idn":null,"check_date":null,"wheelchair":null,"school:gender":null,"operator:type":null,"isced:level":null,"building":null,"type":null,"name":"Metland School"},"geometry":{"type":"MultiPolygon","coordinates":[[[[106.9751373,-6.4039212],[106.9751372,-6.4033835],[106.9752204,-6.4031915],[106.9751064,-6.4031049],[106.975275,-6.4028397],[106.9754004,-6.4029216],[106.9755346,-6.402755],[106.9756955,-6.4027923],[106.9756338,-6.4039372],[106.9751373,-6.4039212]]]]}},
{"type":"Feature","properties":{"full_id":"w1488611281","osm_id":"1488611281","osm_type":"way","amenity":"school","addr:province":null,"addr:housename":null,"short_name":null,"branch":null,"official_name":null,"layer":null,"mobile":null,"wikipedia":null,"wikidata":null,"website":null,"phone":null,"email":null,"natural":null,"landuse":null,"ref":null,"addr:subdistrict":null,"addr:district":null,"club":null,"religion":null,"grades":null,"opening_hours":null,"evacuation_center":null,"capacity:persons":null,"building:material":null,"building:floor":null,"building:condition":null,"backup_generator":null,"barrier":null,"sport":null,"leisure":null,"education":null,"type:id":null,"building:walls":null,"building:structure":null,"building:roof":null,"building:levels":null,"addr:postcode":null,"addr:housenumber":null,"addr:full":null,"access:roof":null,"nspn":null,"addr:city":null,"operator":null,"addr:street":null,"addr:state":null,"school:type_idn":null,"check_date":null,"wheelchair":null,"school:gender":null,"operator:type":null,"isced:level":null,"building":null,"type":null,"name":"Bakti Mulya 400 School"},"geometry":{"type":"MultiPolygon","coordinates":[[[[106.97854,-6.3928634],[106.9791207,-6.3935097],[106.9784541,-6.3940268],[106.9777739,-6.3932583],[106.978137,-6.3929224],[106.978206,-6.3928953],[106.9784997,-6.392878],[106.97854,-6.3928634]]]]}},
{"type":"Feature","properties":{"full_id":"w1488611282","osm_id":"1488611282","osm_type":"way","amenity":"school","addr:province":null,"addr:housename":null,"short_name":null,"branch":null,"official_name":"Sekolah Menengah Atas Negeri 2 Cileungsi","layer":null,"mobile":null,"wikipedia":null,"wikidata":null,"website":null,"phone":null,"email":null,"natural":null,"landuse":null,"ref":"69926270","addr:subdistrict":"Cipenjo","addr:district":"Cileungsi","club":null,"religion":null,"grades":"10-12","opening_hours":null,"evacuation_center":null,"capacity:persons":null,"building:material":null,"building:floor":null,"building:condition":null,"backup_generator":null,"barrier":null,"sport":null,"leisure":null,"education":"school","type:id":null,"building:walls":null,"building:structure":null,"building:roof":null,"building:levels":null,"addr:postcode":null,"addr:housenumber":null,"addr:full":null,"access:roof":null,"nspn":null,"addr:city":"Bogor","operator":"Disdik Jabar","addr:street":null,"addr:state":null,"school:type_idn":null,"check_date":null,"wheelchair":null,"school:gender":null,"operator:type":null,"isced:level":null,"building":null,"type":null,"name":"SMAN 2 Cileungsi"},"geometry":{"type":"MultiPolygon","coordinates":[[[[106.9777739,-6.3932583],[106.9784541,-6.3940268],[106.9778225,-6.3945586],[106.9769398,-6.3935613],[106.9769883,-6.3934551],[106.9774443,-6.3932818],[106.9775274,-6.3933938],[106.9777739,-6.3932583]]]]}},
{"type":"Feature","properties":{"full_id":"w1496390168","osm_id":"1496390168","osm_type":"way","amenity":"school","addr:province":null,"addr:housename":null,"short_name":null,"branch":null,"official_name":null,"layer":null,"mobile":null,"wikipedia":null,"wikidata":null,"website":null,"phone":null,"email":null,"natural":null,"landuse":null,"ref":null,"addr:subdistrict":null,"addr:district":null,"club":null,"religion":null,"grades":null,"opening_hours":null,"evacuation_center":null,"capacity:persons":null,"building:material":null,"building:floor":null,"building:condition":null,"backup_generator":null,"barrier":null,"sport":null,"leisure":null,"education":null,"type:id":null,"building:walls":null,"building:structure":null,"building:roof":null,"building:levels":null,"addr:postcode":null,"addr:housenumber":null,"addr:full":null,"access:roof":null,"nspn":null,"addr:city":null,"operator":"Negeri","addr:street":null,"addr:state":null,"school:type_idn":null,"check_date":null,"wheelchair":"no","school:gender":null,"operator:type":null,"isced:level":"1","building":"residential","type":null,"name":"SD Negeri Sirnagalih 02"},"geometry":{"type":"MultiPolygon","coordinates":[[[[106.7725205,-6.6426173],[106.7723835,-6.6427961],[106.7721499,-6.6426118],[106.7722964,-6.6424329],[106.7725205,-6.6426173]]]]}},
{"type":"Feature","properties":{"full_id":"w1496390170","osm_id":"1496390170","osm_type":"way","amenity":"school","addr:province":null,"addr:housename":null,"short_name":null,"branch":null,"official_name":null,"layer":null,"mobile":null,"wikipedia":null,"wikidata":null,"website":null,"phone":null,"email":null,"natural":null,"landuse":null,"ref":"20200298","addr:subdistrict":"Sirnagalih","addr:district":"Tamansari","club":null,"religion":null,"grades":null,"opening_hours":null,"evacuation_center":null,"capacity:persons":null,"building:material":null,"building:floor":null,"building:condition":null,"backup_generator":null,"barrier":null,"sport":null,"leisure":null,"education":null,"type:id":null,"building:walls":null,"building:structure":null,"building:roof":null,"building:levels":null,"addr:postcode":null,"addr:housenumber":null,"addr:full":null,"access:roof":null,"nspn":null,"addr:city":"Bogor","operator":"Negeri","addr:street":null,"addr:state":null,"school:type_idn":null,"check_date":null,"wheelchair":"no","school:gender":null,"operator:type":null,"isced:level":"1","building":"residential","type":null,"name":"SD Negeri Sirnagalih 03"},"geometry":{"type":"MultiPolygon","coordinates":[[[[106.7726658,-6.6424179],[106.7725288,-6.6425967],[106.7722952,-6.6424124],[106.7724417,-6.6422335],[106.7726658,-6.6424179]]]]}},
{"type":"Feature","properties":{"full_id":"w1500639245","osm_id":"1500639245","osm_type":"way","amenity":"school","addr:province":null,"addr:housename":"MAN 3 BOGOR","short_name":null,"branch":null,"official_name":null,"layer":null,"mobile":null,"wikipedia":null,"wikidata":null,"website":null,"phone":null,"email":null,"natural":null,"landuse":null,"ref":null,"addr:subdistrict":null,"addr:district":null,"club":null,"religion":"muslim","grades":null,"opening_hours":null,"evacuation_center":null,"capacity:persons":null,"building:material":null,"building:floor":null,"building:condition":null,"backup_generator":null,"barrier":null,"sport":null,"leisure":null,"education":"school","type:id":null,"building:walls":null,"building:structure":null,"building:roof":null,"building:levels":null,"addr:postcode":null,"addr:housenumber":null,"addr:full":null,"access:roof":null,"nspn":null,"addr:city":null,"operator":"KEMENTRIAN AGAMA RI","addr:street":null,"addr:state":null,"school:type_idn":null,"check_date":null,"wheelchair":null,"school:gender":null,"operator:type":"government","isced:level":null,"building":null,"type":null,"name":"MAN 3 BOGOR"},"geometry":{"type":"MultiPolygon","coordinates":[[[[107.0560618,-6.4584444],[107.0558204,-6.4584245],[107.0557588,-6.4584178],[107.0556964,-6.4584025],[107.0553083,-6.4582831],[107.055307,-6.4584614],[107.0549899,-6.4583839],[107.0550755,-6.4580438],[107.0549874,-6.4580063],[107.0549496,-6.4577138],[107.0551937,-6.4577338],[107.0550302,-6.4574737],[107.0552139,-6.4573412],[107.0553397,-6.4574362],[107.0559436,-6.4575087],[107.0559335,-6.4577613],[107.0560904,-6.4577802],[107.0560745,-6.4581013],[107.0560618,-6.4584444]]]]}},
{"type":"Feature","properties":{"full_id":"w1507581856","osm_id":"1507581856","osm_type":"way","amenity":"school","addr:province":null,"addr:housename":null,"short_name":null,"branch":null,"official_name":null,"layer":null,"mobile":null,"wikipedia":null,"wikidata":null,"website":null,"phone":null,"email":null,"natural":null,"landuse":null,"ref":null,"addr:subdistrict":null,"addr:district":null,"club":null,"religion":null,"grades":null,"opening_hours":null,"evacuation_center":null,"capacity:persons":null,"building:material":null,"building:floor":null,"building:condition":null,"backup_generator":null,"barrier":null,"sport":null,"leisure":null,"education":"school","type:id":null,"building:walls":null,"building:structure":null,"building:roof":null,"building:levels":null,"addr:postcode":null,"addr:housenumber":null,"addr:full":null,"access:roof":null,"nspn":null,"addr:city":null,"operator":null,"addr:street":null,"addr:state":null,"school:type_idn":null,"check_date":null,"wheelchair":null,"school:gender":null,"operator:type":null,"isced:level":null,"building":null,"type":null,"name":null},"geometry":{"type":"MultiPolygon","coordinates":[[[[106.6353571,-6.4715068],[106.6355685,-6.4716119],[106.6353875,-6.4719532],[106.6353093,-6.4718997],[106.6352768,-6.4717714],[106.6353052,-6.4716078],[106.6353571,-6.4715068]]]]}},
{"type":"Feature","properties":{"full_id":"w1509382041","osm_id":"1509382041","osm_type":"way","amenity":"school","addr:province":null,"addr:housename":null,"short_name":null,"branch":null,"official_name":null,"layer":null,"mobile":null,"wikipedia":null,"wikidata":null,"website":null,"phone":null,"email":null,"natural":null,"landuse":null,"ref":null,"addr:subdistrict":null,"addr:district":null,"club":null,"religion":null,"grades":null,"opening_hours":null,"evacuation_center":null,"capacity:persons":null,"building:material":null,"building:floor":null,"building:condition":null,"backup_generator":null,"barrier":null,"sport":null,"leisure":null,"education":null,"type:id":null,"building:walls":null,"building:structure":null,"building:roof":null,"building:levels":null,"addr:postcode":null,"addr:housenumber":null,"addr:full":null,"access:roof":null,"nspn":null,"addr:city":null,"operator":null,"addr:street":null,"addr:state":null,"school:type_idn":null,"check_date":null,"wheelchair":null,"school:gender":null,"operator:type":null,"isced:level":null,"building":null,"type":null,"name":null},"geometry":{"type":"MultiPolygon","coordinates":[[[[106.5591852,-6.5235222],[106.559378,-6.5229978],[106.5598483,-6.5230265],[106.5598307,-6.5233386],[106.5595694,-6.5233386],[106.5593717,-6.5234158],[106.5592764,-6.5235491],[106.5591852,-6.5235222]]]]}},
{"type":"Feature","properties":{"full_id":"w1511184566","osm_id":"1511184566","osm_type":"way","amenity":"school","addr:province":null,"addr:housename":null,"short_name":null,"branch":null,"official_name":null,"layer":null,"mobile":null,"wikipedia":null,"wikidata":null,"website":null,"phone":null,"email":null,"natural":null,"landuse":null,"ref":null,"addr:subdistrict":null,"addr:district":null,"club":null,"religion":null,"grades":null,"opening_hours":null,"evacuation_center":null,"capacity:persons":null,"building:material":null,"building:floor":null,"building:condition":null,"backup_generator":null,"barrier":null,"sport":null,"leisure":null,"education":null,"type:id":null,"building:walls":null,"building:structure":null,"building:roof":null,"building:levels":null,"addr:postcode":null,"addr:housenumber":null,"addr:full":null,"access:roof":null,"nspn":null,"addr:city":null,"operator":null,"addr:street":null,"addr:state":null,"school:type_idn":null,"check_date":null,"wheelchair":null,"school:gender":null,"operator:type":null,"isced:level":null,"building":null,"type":null,"name":null},"geometry":{"type":"MultiPolygon","coordinates":[[[[106.6473368,-6.3608413],[106.64753,-6.3609826],[106.6477273,-6.3611268],[106.6474844,-6.3616698],[106.6474944,-6.3620104],[106.6473556,-6.3620116],[106.6473368,-6.3621955],[106.6470793,-6.3621848],[106.647023,-6.361697],[106.6470739,-6.3613904],[106.6473368,-6.3608413]]]]}},
{"type":"Feature","properties":{"full_id":"w1512631128","osm_id":"1512631128","osm_type":"way","amenity":"school","addr:province":null,"addr:housename":null,"short_name":null,"branch":null,"official_name":"Sekolah Menengah Atas Kemala Taruna Bhayangkara","layer":null,"mobile":null,"wikipedia":null,"wikidata":null,"website":null,"phone":null,"email":null,"natural":null,"landuse":null,"ref":null,"addr:subdistrict":null,"addr:district":null,"club":null,"religion":null,"grades":"10-12","opening_hours":null,"evacuation_center":null,"capacity:persons":null,"building:material":null,"building:floor":null,"building:condition":null,"backup_generator":null,"barrier":null,"sport":null,"leisure":null,"education":null,"type:id":null,"building:walls":null,"building:structure":null,"building:roof":null,"building:levels":null,"addr:postcode":null,"addr:housenumber":null,"addr:full":null,"access:roof":null,"nspn":null,"addr:city":null,"operator":null,"addr:street":null,"addr:state":null,"school:type_idn":null,"check_date":null,"wheelchair":null,"school:gender":null,"operator:type":null,"isced:level":null,"building":null,"type":null,"name":"SMA Kemala Taruna Bhayangkara"},"geometry":{"type":"MultiPolygon","coordinates":[[[[106.695469,-6.3963458],[106.6954958,-6.3960127],[106.6955012,-6.395902],[106.69541,-6.395894],[106.6952464,-6.3957981],[106.6950908,-6.3955528],[106.6948521,-6.3953823],[106.6947341,-6.395185],[106.6948843,-6.3949265],[106.6947904,-6.3948025],[106.6950345,-6.3946506],[106.6951579,-6.3948172],[106.6953309,-6.3947572],[106.6954355,-6.3947745],[106.6957654,-6.3948691],[106.6957788,-6.3949185],[106.6957614,-6.3950237],[106.6956407,-6.3952836],[106.6956487,-6.3953369],[106.6959518,-6.3955608],[106.6960376,-6.3956675],[106.6959867,-6.3957154],[106.6957914,-6.396332],[106.695469,-6.3963458]]]]}},
{"type":"Feature","properties":{"full_id":"w1524899624","osm_id":"1524899624","osm_type":"way","amenity":"school","addr:province":null,"addr:housename":null,"short_name":null,"branch":null,"official_name":"Sekolah Menengah Pertama Negeri 2 Parung","layer":null,"mobile":null,"wikipedia":null,"wikidata":null,"website":null,"phone":null,"email":null,"natural":null,"landuse":null,"ref":null,"addr:subdistrict":null,"addr:district":null,"club":null,"religion":null,"grades":"7-9","opening_hours":null,"evacuation_center":null,"capacity:persons":null,"building:material":null,"building:floor":null,"building:condition":null,"backup_generator":null,"barrier":null,"sport":null,"leisure":null,"education":null,"type:id":null,"building:walls":null,"building:structure":null,"building:roof":null,"building:levels":null,"addr:postcode":null,"addr:housenumber":null,"addr:full":null,"access:roof":null,"nspn":null,"addr:city":null,"operator":null,"addr:street":null,"addr:state":null,"school:type_idn":null,"check_date":null,"wheelchair":null,"school:gender":null,"operator:type":null,"isced:level":null,"building":null,"type":null,"name":"SMPN 2 Parung"},"geometry":{"type":"MultiPolygon","coordinates":[[[[106.719287,-6.4487964],[106.7189611,-6.4478636],[106.7192709,-6.447793],[106.7193769,-6.4481594],[106.7196357,-6.4480675],[106.7198302,-6.4486325],[106.719287,-6.4487964]]]]}},
{"type":"Feature","properties":{"full_id":"w1529290290","osm_id":"1529290290","osm_type":"way","amenity":"school","addr:province":null,"addr:housename":null,"short_name":null,"branch":null,"official_name":null,"layer":null,"mobile":null,"wikipedia":null,"wikidata":null,"website":null,"phone":null,"email":null,"natural":null,"landuse":null,"ref":"20253240","addr:subdistrict":"Kabasiran","addr:district":"Parung Panjang","club":null,"religion":null,"grades":null,"opening_hours":null,"evacuation_center":null,"capacity:persons":null,"building:material":null,"building:floor":null,"building:condition":null,"backup_generator":null,"barrier":null,"sport":null,"leisure":null,"education":"school","type:id":null,"building:walls":null,"building:structure":null,"building:roof":null,"building:levels":null,"addr:postcode":null,"addr:housenumber":null,"addr:full":null,"access:roof":null,"nspn":null,"addr:city":"Bogor","operator":"Swasta","addr:street":null,"addr:state":null,"school:type_idn":null,"check_date":null,"wheelchair":null,"school:gender":null,"operator:type":null,"isced:level":null,"building":null,"type":null,"name":"Yayasan Islamic Center Al Madany"},"geometry":{"type":"MultiPolygon","coordinates":[[[[106.582092,-6.3574345],[106.5821564,-6.3567921],[106.5822302,-6.3564242],[106.5827613,-6.3564816],[106.5829544,-6.3565962],[106.5832682,-6.3570307],[106.5830322,-6.3572013],[106.5828766,-6.357036],[106.5826499,-6.3569934],[106.5825641,-6.3573199],[106.5824126,-6.3572986],[106.5823375,-6.3575478],[106.582092,-6.3574345]]]]}},
{"type":"Feature","properties":{"full_id":"w1534465916","osm_id":"1534465916","osm_type":"way","amenity":"school","addr:province":null,"addr:housename":null,"short_name":null,"branch":null,"official_name":null,"layer":null,"mobile":null,"wikipedia":null,"wikidata":null,"website":null,"phone":null,"email":null,"natural":null,"landuse":null,"ref":null,"addr:subdistrict":null,"addr:district":null,"club":null,"religion":null,"grades":null,"opening_hours":null,"evacuation_center":null,"capacity:persons":null,"building:material":null,"building:floor":null,"building:condition":null,"backup_generator":null,"barrier":null,"sport":null,"leisure":null,"education":"school","type:id":null,"building:walls":null,"building:structure":null,"building:roof":null,"building:levels":null,"addr:postcode":null,"addr:housenumber":null,"addr:full":null,"access:roof":null,"nspn":null,"addr:city":null,"operator":null,"addr:street":null,"addr:state":null,"school:type_idn":null,"check_date":null,"wheelchair":null,"school:gender":null,"operator:type":null,"isced:level":null,"building":null,"type":null,"name":null},"geometry":{"type":"MultiPolygon","coordinates":[[[[106.7215619,-6.5629428],[106.721825,-6.5629811],[106.7218223,-6.5630373],[106.7218107,-6.5632826],[106.7218101,-6.5632956],[106.7217782,-6.5632965],[106.7217193,-6.5632981],[106.7215453,-6.5633027],[106.7215109,-6.563299],[106.7214986,-6.5630683],[106.721554,-6.5630639],[106.7215619,-6.5629428]]]]}},
{"type":"Feature","properties":{"full_id":"w1534465958","osm_id":"1534465958","osm_type":"way","amenity":"school","addr:province":null,"addr:housename":null,"short_name":null,"branch":null,"official_name":null,"layer":null,"mobile":null,"wikipedia":null,"wikidata":null,"website":null,"phone":null,"email":null,"natural":null,"landuse":null,"ref":null,"addr:subdistrict":null,"addr:district":null,"club":null,"religion":null,"grades":null,"opening_hours":null,"evacuation_center":null,"capacity:persons":null,"building:material":null,"building:floor":null,"building:condition":null,"backup_generator":null,"barrier":null,"sport":null,"leisure":null,"education":"school","type:id":null,"building:walls":null,"building:structure":null,"building:roof":null,"building:levels":null,"addr:postcode":null,"addr:housenumber":null,"addr:full":null,"access:roof":null,"nspn":null,"addr:city":null,"operator":null,"addr:street":null,"addr:state":null,"school:type_idn":null,"check_date":null,"wheelchair":null,"school:gender":null,"operator:type":null,"isced:level":null,"building":null,"type":null,"name":null},"geometry":{"type":"MultiPolygon","coordinates":[[[[106.7214629,-6.5641653],[106.7215251,-6.5640939],[106.7215988,-6.5639884],[106.7218058,-6.564181],[106.7218461,-6.5642184],[106.7218329,-6.564235],[106.7216988,-6.5643779],[106.7215588,-6.5642517],[106.7214629,-6.5641653]]]]}},
{"type":"Feature","properties":{"full_id":"w1534904229","osm_id":"1534904229","osm_type":"way","amenity":"school","addr:province":null,"addr:housename":null,"short_name":null,"branch":null,"official_name":null,"layer":null,"mobile":null,"wikipedia":null,"wikidata":null,"website":null,"phone":null,"email":null,"natural":null,"landuse":null,"ref":null,"addr:subdistrict":null,"addr:district":null,"club":null,"religion":null,"grades":null,"opening_hours":null,"evacuation_center":null,"capacity:persons":null,"building:material":null,"building:floor":null,"building:condition":null,"backup_generator":null,"barrier":null,"sport":null,"leisure":null,"education":"school","type:id":null,"building:walls":null,"building:structure":null,"building:roof":null,"building:levels":null,"addr:postcode":null,"addr:housenumber":null,"addr:full":null,"access:roof":null,"nspn":null,"addr:city":null,"operator":null,"addr:street":null,"addr:state":null,"school:type_idn":null,"check_date":null,"wheelchair":null,"school:gender":null,"operator:type":null,"isced:level":null,"building":null,"type":null,"name":"Asrama Rumah Kepemimpinan PPSDMS Bogor"},"geometry":{"type":"MultiPolygon","coordinates":[[[[106.7319703,-6.5657029],[106.731897,-6.5661123],[106.7316879,-6.5661571],[106.731421,-6.5661484],[106.7313605,-6.566139],[106.7313209,-6.5661197],[106.7313047,-6.5660843],[106.7313041,-6.5660616],[106.7313283,-6.5660349],[106.731372,-6.5660075],[106.731491,-6.5659267],[106.7315898,-6.5658392],[106.7317135,-6.5657377],[106.7317679,-6.5657176],[106.7317962,-6.5656709],[106.7319703,-6.5657029]]]]}},
{"type":"Feature","properties":{"full_id":"w1547917090","osm_id":"1547917090","osm_type":"way","amenity":"school","addr:province":"Jawa Barat","addr:housename":null,"short_name":null,"branch":null,"official_name":null,"layer":null,"mobile":null,"wikipedia":null,"wikidata":null,"website":null,"phone":null,"email":null,"natural":null,"landuse":null,"ref":"20200733","addr:subdistrict":"Cipayung Datar","addr:district":"Megamendung","club":null,"religion":null,"grades":null,"opening_hours":null,"evacuation_center":null,"capacity:persons":null,"building:material":null,"building:floor":null,"building:condition":null,"backup_generator":null,"barrier":null,"sport":null,"leisure":null,"education":"school","type:id":null,"building:walls":null,"building:structure":null,"building:roof":null,"building:levels":null,"addr:postcode":null,"addr:housenumber":null,"addr:full":null,"access:roof":null,"nspn":null,"addr:city":"Bogor","operator":"Swasta","addr:street":null,"addr:state":null,"school:type_idn":null,"check_date":null,"wheelchair":null,"school:gender":null,"operator:type":"private","isced:level":null,"building":null,"type":null,"name":"SMP Sejahtera 3 Cipayung"},"geometry":{"type":"MultiPolygon","coordinates":[[[[106.8775372,-6.6562445],[106.8775938,-6.6563386],[106.8776115,-6.6563728],[106.8775018,-6.6565987],[106.8774276,-6.6566068],[106.8772502,-6.6567017],[106.8771821,-6.6565578],[106.8771542,-6.6565699],[106.8770986,-6.6564518],[106.8770927,-6.6564392],[106.8775372,-6.6562445]]]]}},
{"type":"Feature","properties":{"full_id":"w1547917091","osm_id":"1547917091","osm_type":"way","amenity":"school","addr:province":null,"addr:housename":null,"short_name":null,"branch":null,"official_name":null,"layer":null,"mobile":null,"wikipedia":null,"wikidata":null,"website":null,"phone":null,"email":null,"natural":null,"landuse":null,"ref":"20201713","addr:subdistrict":"Cipayung Datar","addr:district":"Megamendung","club":null,"religion":null,"grades":null,"opening_hours":null,"evacuation_center":null,"capacity:persons":null,"building:material":null,"building:floor":null,"building:condition":null,"backup_generator":null,"barrier":null,"sport":null,"leisure":null,"education":"school","type:id":null,"building:walls":null,"building:structure":null,"building:roof":null,"building:levels":null,"addr:postcode":null,"addr:housenumber":null,"addr:full":null,"access:roof":null,"nspn":null,"addr:city":"Bogor","operator":"Negeri","addr:street":null,"addr:state":null,"school:type_idn":null,"check_date":null,"wheelchair":null,"school:gender":null,"operator:type":null,"isced:level":null,"building":null,"type":null,"name":"SD Negeri Cipayung 03"},"geometry":{"type":"MultiPolygon","coordinates":[[[[106.8775018,-6.6565987],[106.8774512,-6.6567328],[106.8770958,-6.6569506],[106.8770904,-6.6569407],[106.877077,-6.656948],[106.8770327,-6.6570685],[106.8769429,-6.6570352],[106.8769697,-6.6569473],[106.8769203,-6.6569112],[106.876964,-6.6568151],[106.8770212,-6.656777],[106.8770757,-6.6567948],[106.8772502,-6.6567017],[106.8774276,-6.6566068],[106.8775018,-6.6565987]]]]}},
{"type":"Feature","properties":{"full_id":"w1547917092","osm_id":"1547917092","osm_type":"way","amenity":"school","addr:province":null,"addr:housename":null,"short_name":null,"branch":null,"official_name":null,"layer":null,"mobile":null,"wikipedia":null,"wikidata":null,"website":null,"phone":null,"email":null,"natural":null,"landuse":null,"ref":"20200957","addr:subdistrict":"Cipayung Datar","addr:district":"Megamendung","club":null,"religion":null,"grades":null,"opening_hours":null,"evacuation_center":null,"capacity:persons":null,"building:material":null,"building:floor":null,"building:condition":null,"backup_generator":null,"barrier":null,"sport":null,"leisure":null,"education":"school","type:id":null,"building:walls":null,"building:structure":null,"building:roof":null,"building:levels":null,"addr:postcode":null,"addr:housenumber":null,"addr:full":null,"access:roof":null,"nspn":null,"addr:city":"Bogor","operator":"Negeri","addr:street":null,"addr:state":null,"school:type_idn":null,"check_date":null,"wheelchair":null,"school:gender":null,"operator:type":null,"isced:level":null,"building":null,"type":null,"name":"SD Negeri Cibogo"},"geometry":{"type":"MultiPolygon","coordinates":[[[[106.8773063,-6.6568634],[106.8773492,-6.6568974],[106.8773754,-6.6568994],[106.8773935,-6.6569793],[106.8771796,-6.6573056],[106.877085,-6.6572424],[106.8771186,-6.6571951],[106.8770254,-6.6571425],[106.8770703,-6.6570838],[106.8770327,-6.6570685],[106.877077,-6.656948],[106.8770904,-6.6569407],[106.8770958,-6.6569506],[106.8771273,-6.6569793],[106.8773063,-6.6568634]]]]}}
]
}
