{
"type": "FeatureCollection",
"name": "sekolah_bogor",
"crs": { "type": "name", "properties": { "name": "urn:ogc:def:crs:OGC:1.3:CRS84" } },
"features": [
{"type":"Feature","properties":{"full_id":"n13438936634","osm_id":"13438936634","osm_type":"node","amenity":"school","ref":"20220563","education":"school","addr:subdistrict":"Pabaton","addr:province":null,"addr:district":"Bogor Tengah","swing_gate:type":null,"entrance":null,"religion":null,"grades":null,"email":null,"phone":null,"name:en":null,"wheelchair":null,"building:structure":null,"building:roof":null,"building:material":null,"building:condition":null,"access:roof":null,"building":null,"operator":"Negeri","opening_hours":null,"addr:postcode":null,"school:type_idn":null,"nspn":null,"isced:level":null,"website":null,"school":null,"fee":null,"contact:phone":null,"contact:fax":null,"contact:email":null,"addr:country":null,"local_ref":null,"natural":null,"wikipedia":null,"operator:type":null,"capacity":null,"building:levels":null,"addr:city":"Kota Bogor","wikidata":null,"jenjang":null,"alt_name":null,"addr:street":null,"addr:housenumber":null,"addr:housename":null,"name":"SD Negeri Pengadilan 2","addr:full":null,"barrier":null},"geometry":{"type":"Point","coordinates":[106.7937,-6.5923]}},
{"type":"Feature","properties":{"full_id":"n13438936633","osm_id":"13438936633","osm_type":"node","amenity":"school","ref":"20219926","education":"school","addr:subdistrict":"Pabaton","addr:province":null,"addr:district":"Bogor Tengah","swing_gate:type":null,"entrance":null,"religion":null,"grades":null,"email":null,"phone":null,"name:en":null,"wheelchair":null,"building:structure":null,"building:roof":null,"building:material":null,"building:condition":null,"access:roof":null,"building":null,"operator":"Swasta","opening_hours":null,"addr:postcode":null,"school:type_idn":null,"nspn":null,"isced:level":null,"website":null,"school":null,"fee":null,"contact:phone":null,"contact:fax":null,"contact:email":null,"addr:country":null,"local_ref":null,"natural":null,"wikipedia":null,"operator:type":null,"capacity":null,"building:levels":null,"addr:city":"Kota Bogor","wikidata":null,"jenjang":null,"alt_name":null,"addr:street":null,"addr:housenumber":null,"addr:housename":null,"name":"SD Regina Pacis","addr:full":null,"barrier":null},"geometry":{"type":"Point","coordinates":[106.797,-6.593]}},
{"type":"Feature","properties":{"full_id":"n13438936632","osm_id":"13438936632","osm_type":"node","amenity":"school","ref":"20220376","education":"school","addr:subdistrict":"Pabaton","addr:province":null,"addr:district":"Bogor Tengah","swing_gate:type":null,"entrance":null,"religion":null,"grades":null,"email":null,"phone":null,"name:en":null,"wheelchair":null,"building:structure":null,"building:roof":null,"building:material":null,"building:condition":null,"access:roof":null,"building":null,"operator":"Negeri","opening_hours":null,"addr:postcode":null,"school:type_idn":null,"nspn":null,"isced:level":null,"website":null,"school":null,"fee":null,"contact:phone":null,"contact:fax":null,"contact:email":null,"addr:country":null,"local_ref":null,"natural":null,"wikipedia":null,"operator:type":null,"capacity":null,"building:levels":null,"addr:city":"Kota Bogor","wikidata":null,"jenjang":null,"alt_name":null,"addr:street":null,"addr:housenumber":null,"addr:housename":null,"name":"SMP Negeri 2","addr:full":null,"barrier":null},"geometry":{"type":"Point","coordinates":[106.7937,-6.5927]}},
{"type":"Feature","properties":{"full_id":"n13438936657","osm_id":"13438936657","osm_type":"node","amenity":"school","ref":"20220281","education":"school","addr:subdistrict":"Muara Sari","addr:province":null,"addr:district":"Bogor Selatan","swing_gate:type":null,"entrance":null,"religion":null,"grades":null,"email":null,"phone":null,"name:en":null,"wheelchair":null,"building:structure":null,"building:roof":null,"building:material":null,"building:condition":null,"access:roof":null,"building":null,"operator":"Swasta","opening_hours":null,"addr:postcode":null,"school:type_idn":null,"nspn":null,"isced:level":null,"website":null,"school":null,"fee":null,"contact:phone":null,"contact:fax":null,"contact:email":null,"addr:country":null,"local_ref":null,"natural":null,"wikipedia":null,"operator:type":null,"capacity":null,"building:levels":null,"addr:city":"Kota Bogor","wikidata":null,"jenjang":null,"alt_name":null,"addr:street":null,"addr:housenumber":null,"addr:housename":null,"name":"SMKS Bhakti Taruna 1 Bogor","addr:full":null,"barrier":null},"geometry":{"type":"Point","coordinates":[106.83141,-6.6387617]}},
{"type":"Feature","properties":{"full_id":"n13438936645","osm_id":"13438936645","osm_type":"node","amenity":"school","ref":"20220466","education":"school","addr:subdistrict":"Pakuan","addr:province":null,"addr:district":"Bogor Selatan","swing_gate:type":null,"entrance":null,"religion":null,"grades":null,"email":null,"phone":null,"name:en":null,"wheelchair":null,"building:structure":null,"building:roof":null,"building:material":null,"building:condition":null,"access:roof":null,"building":null,"operator":"Negeri","opening_hours":null,"addr:postcode":null,"school:type_idn":null,"nspn":null,"isced:level":null,"website":null,"school":null,"fee":null,"contact:phone":null,"contact:fax":null,"contact:email":null,"addr:country":null,"local_ref":null,"natural":null,"wikipedia":null,"operator:type":null,"capacity":null,"building:levels":null,"addr:city":"Kota Bogor","wikidata":null,"jenjang":null,"alt_name":null,"addr:street":null,"addr:housenumber":null,"addr:housename":null,"name":"SD Negeri Pakuan","addr:full":null,"barrier":null},"geometry":{"type":"Point","coordinates":[106.823,-6.6288]}},
{"type":"Feature","properties":{"full_id":"n13438936644","osm_id":"13438936644","osm_type":"node","amenity":"school","ref":"20220423","education":"school","addr:subdistrict":"Pakuan","addr:province":null,"addr:district":"Bogor Selatan","swing_gate:type":null,"entrance":null,"religion":null,"grades":null,"email":null,"phone":null,"name:en":null,"wheelchair":null,"building:structure":null,"building:roof":null,"building:material":null,"building:condition":null,"access:roof":null,"building":null,"operator":"Swasta","opening_hours":null,"addr:postcode":null,"school:type_idn":null,"nspn":null,"isced:level":null,"website":null,"school":null,"fee":null,"contact:phone":null,"contact:fax":null,"contact:email":null,"addr:country":null,"local_ref":null,"natural":null,"wikipedia":null,"operator:type":null,"capacity":null,"building:levels":null,"addr:city":"Kota Bogor","wikidata":null,"jenjang":null,"alt_name":null,"addr:street":null,"addr:housenumber":null,"addr:housename":null,"name":"SMP PGRI 2","addr:full":null,"barrier":null},"geometry":{"type":"Point","coordinates":[106.8267167,-6.6360783]}},
{"type":"Feature","properties":{"full_id":"n13438936636","osm_id":"13438936636","osm_type":"node","amenity":"school","ref":"20220568","education":"school","addr:subdistrict":"Pabaton","addr:province":null,"addr:district":"Bogor Tengah","swing_gate:type":null,"entrance":null,"religion":null,"grades":null,"email":null,"phone":null,"name:en":null,"wheelchair":null,"building:structure":null,"building:roof":null,"building:material":null,"building:condition":null,"access:roof":null,"building":null,"operator":"Negeri","opening_hours":null,"addr:postcode":null,"school:type_idn":null,"nspn":null,"isced:level":null,"website":null,"school":null,"fee":null,"contact:phone":null,"contact:fax":null,"contact:email":null,"addr:country":null,"local_ref":null,"natural":null,"wikipedia":null,"operator:type":null,"capacity":null,"building:levels":null,"addr:city":"Kota Bogor","wikidata":null,"jenjang":null,"alt_name":null,"addr:street":null,"addr:housenumber":null,"addr:housename":null,"name":"SD Negeri Perwira","addr:full":null,"barrier":null},"geometry":{"type":"Point","coordinates":[106.7952,-6.5819]}},
{"type":"Feature","properties":{"full_id":"n13438936661","osm_id":"13438936661","osm_type":"node","amenity":"school","ref":"20220471","education":"school","addr:subdistrict":"Muara Sari","addr:province":null,"addr:district":"Bogor Selatan","swing_gate:type":null,"entrance":null,"religion":null,"grades":null,"email":null,"phone":null,"name:en":null,"wheelchair":null,"building:structure":null,"building:roof":null,"building:material":null,"building:condition":null,"access:roof":null,"building":null,"operator":"Negeri","opening_hours":null,"addr:postcode":null,"school:type_idn":null,"nspn":null,"isced:level":null,"website":null,"school":null,"fee":null,"contact:phone":null,"contact:fax":null,"contact:email":null,"addr:country":null,"local_ref":null,"natural":null,"wikipedia":null,"operator:type":null,"capacity":null,"building:levels":null,"addr:city":"Kota Bogor","wikidata":null,"jenjang":null,"alt_name":null,"addr:street":null,"addr:housenumber":null,"addr:housename":null,"name":"SD Negeri Muarasari 1","addr:full":null,"barrier":null},"geometry":{"type":"Point","coordinates":[106.8351533,-6.6432333]}},
{"type":"Feature","properties":{"full_id":"n13438936660","osm_id":"13438936660","osm_type":"node","amenity":"school","ref":"20220410","education":"school","addr:subdistrict":"Muara Sari","addr:province":null,"addr:district":"Bogor Selatan","swing_gate:type":null,"entrance":null,"religion":null,"grades":null,"email":null,"phone":null,"name:en":null,"wheelchair":null,"building:structure":null,"building:roof":null,"building:material":null,"building:condition":null,"access:roof":null,"building":null,"operator":"Swasta","opening_hours":null,"addr:postcode":null,"school:type_idn":null,"nspn":null,"isced:level":null,"website":null,"school":null,"fee":null,"contact:phone":null,"contact:fax":null,"contact:email":null,"addr:country":null,"local_ref":null,"natural":null,"wikipedia":null,"operator:type":null,"capacity":null,"building:levels":null,"addr:city":"Kota Bogor","wikidata":null,"jenjang":null,"alt_name":null,"addr:street":null,"addr:housenumber":null,"addr:housename":null,"name":"SMP Bhakti Taruna 1","addr:full":null,"barrier":null},"geometry":{"type":"Point","coordinates":[106.8298,-6.6411]}},
{"type":"Feature","properties":{"full_id":"n13438936659","osm_id":"13438936659","osm_type":"node","amenity":"school","ref":"20258095","education":"school","addr:subdistrict":"Muara Sari","addr:province":null,"addr:district":"Bogor Selatan","swing_gate:type":null,"entrance":null,"religion":null,"grades":null,"email":null,"phone":null,"name:en":null,"wheelchair":null,"building:structure":null,"building:roof":null,"building:material":null,"building:condition":null,"access:roof":null,"building":null,"operator":"Negeri","opening_hours":null,"addr:postcode":null,"school:type_idn":null,"nspn":null,"isced:level":null,"website":null,"school":null,"fee":null,"contact:phone":null,"contact:fax":null,"contact:email":null,"addr:country":null,"local_ref":null,"natural":null,"wikipedia":null,"operator:type":null,"capacity":null,"building:levels":null,"addr:city":"Kota Bogor","wikidata":null,"jenjang":null,"alt_name":null,"addr:street":null,"addr:housenumber":null,"addr:housename":null,"name":"SMK Negeri 4 Bogor","addr:full":null,"barrier":null},"geometry":{"type":"Point","coordinates":[106.8248083,-6.6410733]}},
{"type":"Feature","properties":{"full_id":"n13438936658","osm_id":"13438936658","osm_type":"node","amenity":"school","ref":"20238526","education":"school","addr:subdistrict":"Muara Sari","addr:province":null,"addr:district":"Bogor Selatan","swing_gate:type":null,"entrance":null,"religion":null,"grades":null,"email":null,"phone":null,"name:en":null,"wheelchair":null,"building:structure":null,"building:roof":null,"building:material":null,"building:condition":null,"access:roof":null,"building":null,"operator":"Swasta","opening_hours":null,"addr:postcode":null,"school:type_idn":null,"nspn":null,"isced:level":null,"website":null,"school":null,"fee":null,"contact:phone":null,"contact:fax":null,"contact:email":null,"addr:country":null,"local_ref":null,"natural":null,"wikipedia":null,"operator:type":null,"capacity":null,"building:levels":null,"addr:city":"Kota Bogor","wikidata":null,"jenjang":null,"alt_name":null,"addr:street":null,"addr:housenumber":null,"addr:housename":null,"name":"SMKS Bhakti Taruna 3 Bogor","addr:full":null,"barrier":null},"geometry":{"type":"Point","coordinates":[106.8359,-6.6421]}},
{"type":"Feature","properties":{"full_id":"n13438936665","osm_id":"13438936665","osm_type":"node","amenity":"school","ref":"20220089","education":"school","addr:subdistrict":"Mulya Harja","addr:province":null,"addr:district":"Bogor Selatan","swing_gate:type":null,"entrance":null,"religion":null,"grades":null,"email":null,"phone":null,"name:en":null,"wheelchair":null,"building:structure":null,"building:roof":null,"building:material":null,"building:condition":null,"access:roof":null,"building":null,"operator":"Negeri","opening_hours":null,"addr:postcode":null,"school:type_idn":null,"nspn":null,"isced:level":null,"website":null,"school":null,"fee":null,"contact:phone":null,"contact:fax":null,"contact:email":null,"addr:country":null,"local_ref":null,"natural":null,"wikipedia":null,"operator:type":null,"capacity":null,"building:levels":null,"addr:city":"Kota Bogor","wikidata":null,"jenjang":null,"alt_name":null,"addr:street":null,"addr:housenumber":null,"addr:housename":null,"name":"SD Negeri Cibeureum 4","addr:full":null,"barrier":null},"geometry":{"type":"Point","coordinates":[106.7863,-6.6382]}},
{"type":"Feature","properties":{"full_id":"n13438936664","osm_id":"13438936664","osm_type":"node","amenity":"school","ref":"20220087","education":"school","addr:subdistrict":"Mulya Harja","addr:province":null,"addr:district":"Bogor Selatan","swing_gate:type":null,"entrance":null,"religion":null,"grades":null,"email":null,"phone":null,"name:en":null,"wheelchair":null,"building:structure":null,"building:roof":null,"building:material":null,"building:condition":null,"access:roof":null,"building":null,"operator":"Negeri","opening_hours":null,"addr:postcode":null,"school:type_idn":null,"nspn":null,"isced:level":null,"website":null,"school":null,"fee":null,"contact:phone":null,"contact:fax":null,"contact:email":null,"addr:country":null,"local_ref":null,"natural":null,"wikipedia":null,"operator:type":null,"capacity":null,"building:levels":null,"addr:city":"Kota Bogor","wikidata":null,"jenjang":null,"alt_name":null,"addr:street":null,"addr:housenumber":null,"addr:housename":null,"name":"SD Negeri Cibeureum 2","addr:full":null,"barrier":null},"geometry":{"type":"Point","coordinates":[106.7799,-6.6497]}},
{"type":"Feature","properties":{"full_id":"n13438936663","osm_id":"13438936663","osm_type":"node","amenity":"school","ref":"20220472","education":"school","addr:subdistrict":"Muara Sari","addr:province":null,"addr:district":"Bogor Selatan","swing_gate:type":null,"entrance":null,"religion":null,"grades":null,"email":null,"phone":null,"name:en":null,"wheelchair":null,"building:structure":null,"building:roof":null,"building:material":null,"building:condition":null,"access:roof":null,"building":null,"operator":"Negeri","opening_hours":null,"addr:postcode":null,"school:type_idn":null,"nspn":null,"isced:level":null,"website":null,"school":null,"fee":null,"contact:phone":null,"contact:fax":null,"contact:email":null,"addr:country":null,"local_ref":null,"natural":null,"wikipedia":null,"operator:type":null,"capacity":null,"building:levels":null,"addr:city":"Kota Bogor","wikidata":null,"jenjang":null,"alt_name":null,"addr:street":null,"addr:housenumber":null,"addr:housename":null,"name":"SD Negeri Muarasari 2","addr:full":null,"barrier":null},"geometry":{"type":"Point","coordinates":[106.8354867,-6.6469417]}},
{"type":"Feature","properties":{"full_id":"n13438936662","osm_id":"13438936662","osm_type":"node","amenity":"school","ref":"20220473","education":"school","addr:subdistrict":"Muara Sari","addr:province":null,"addr:district":"Bogor Selatan","swing_gate:type":null,"entrance":null,"religion":null,"grades":null,"email":null,"phone":null,"name:en":null,"wheelchair":null,"building:structure":null,"building:roof":null,"building:material":null,"building:condition":null,"access:roof":null,"building":null,"operator":"Negeri","opening_hours":null,"addr:postcode":null,"school:type_idn":null,"nspn":null,"isced:level":null,"website":null,"school":null,"fee":null,"contact:phone":null,"contact:fax":null,"contact:email":null,"addr:country":null,"local_ref":null,"natural":null,"wikipedia":null,"operator:type":null,"capacity":null,"building:levels":null,"addr:city":"Kota Bogor","wikidata":null,"jenjang":null,"alt_name":null,"addr:street":null,"addr:housenumber":null,"addr:housename":null,"name":"SD Negeri Muarasari 3","addr:full":null,"barrier":null},"geometry":{"type":"Point","coordinates":[106.8351417,-6.6434833]}},
{"type":"Feature","properties":{"full_id":"n13438936669","osm_id":"13438936669","osm_type":"node","amenity":"school","ref":"20220474","education":"school","addr:subdistrict":"Mulya Harja","addr:province":null,"addr:district":"Bogor Selatan","swing_gate:type":null,"entrance":null,"religion":null,"grades":null,"email":null,"phone":null,"name:en":null,"wheelchair":null,"building:structure":null,"building:roof":null,"building:material":null,"building:condition":null,"access:roof":null,"building":null,"operator":"Negeri","opening_hours":null,"addr:postcode":null,"school:type_idn":null,"nspn":null,"isced:level":null,"website":null,"school":null,"fee":null,"contact:phone":null,"contact:fax":null,"contact:email":null,"addr:country":null,"local_ref":null,"natural":null,"wikipedia":null,"operator:type":null,"capacity":null,"building:levels":null,"addr:city":"Kota Bogor","wikidata":null,"jenjang":null,"alt_name":null,"addr:street":null,"addr:housenumber":null,"addr:housename":null,"name":"SD Negeri Mulyaharja I","addr:full":null,"barrier":null},"geometry":{"type":"Point","coordinates":[106.792815,-6.632075]}},
{"type":"Feature","properties":{"full_id":"n13438936668","osm_id":"13438936668","osm_type":"node","amenity":"school","ref":"20220086","education":"school","addr:subdistrict":"Mulya Harja","addr:province":null,"addr:district":"Bogor Selatan","swing_gate:type":null,"entrance":null,"religion":null,"grades":null,"email":null,"phone":null,"name:en":null,"wheelchair":null,"building:structure":null,"building:roof":null,"building:material":null,"building:condition":null,"access:roof":null,"building":null,"operator":"Negeri","opening_hours":null,"addr:postcode":null,"school:type_idn":null,"nspn":null,"isced:level":null,"website":null,"school":null,"fee":null,"contact:phone":null,"contact:fax":null,"contact:email":null,"addr:country":null,"local_ref":null,"natural":null,"wikipedia":null,"operator:type":null,"capacity":null,"building:levels":null,"addr:city":"Kota Bogor","wikidata":null,"jenjang":null,"alt_name":null,"addr:street":null,"addr:housenumber":null,"addr:housename":null,"name":"SD Negeri Cibeureum 1","addr:full":null,"barrier":null},"geometry":{"type":"Point","coordinates":[106.78106,-6.646206]}},
{"type":"Feature","properties":{"full_id":"n13438936667","osm_id":"13438936667","osm_type":"node","amenity":"school","ref":"20200250","education":"school","addr:subdistrict":"Mulya Harja","addr:province":null,"addr:district":"Bogor Selatan","swing_gate:type":null,"entrance":null,"religion":null,"grades":null,"email":null,"phone":null,"name:en":null,"wheelchair":null,"building:structure":null,"building:roof":null,"building:material":null,"building:condition":null,"access:roof":null,"building":null,"operator":"Negeri","opening_hours":null,"addr:postcode":null,"school:type_idn":null,"nspn":null,"isced:level":null,"website":null,"school":null,"fee":null,"contact:phone":null,"contact:fax":null,"contact:email":null,"addr:country":null,"local_ref":null,"natural":null,"wikipedia":null,"operator:type":null,"capacity":null,"building:levels":null,"addr:city":"Kota Bogor","wikidata":null,"jenjang":null,"alt_name":null,"addr:street":null,"addr:housenumber":null,"addr:housename":null,"name":"SD Negeri Sukaharja 02","addr:full":null,"barrier":null},"geometry":{"type":"Point","coordinates":[106.7772,-6.6516]}},
{"type":"Feature","properties":{"full_id":"n13438936666","osm_id":"13438936666","osm_type":"node","amenity":"school","ref":"20269368","education":"school","addr:subdistrict":"Mulya Harja","addr:province":null,"addr:district":"Bogor Selatan","swing_gate:type":null,"entrance":null,"religion":null,"grades":null,"email":null,"phone":null,"name:en":null,"wheelchair":null,"building:structure":null,"building:roof":null,"building:material":null,"building:condition":null,"access:roof":null,"building":null,"operator":"Swasta","opening_hours":null,"addr:postcode":null,"school:type_idn":null,"nspn":null,"isced:level":null,"website":null,"school":null,"fee":null,"contact:phone":null,"contact:fax":null,"contact:email":null,"addr:country":null,"local_ref":null,"natural":null,"wikipedia":null,"operator:type":null,"capacity":null,"building:levels":null,"addr:city":"Kota Bogor","wikidata":null,"jenjang":null,"alt_name":null,"addr:street":null,"addr:housenumber":null,"addr:housename":null,"name":"SMKS Citra Pariwisata","addr:full":null,"barrier":null},"geometry":{"type":"Point","coordinates":[106.7840667,-6.64611]}},
{"type":"Feature","properties":{"full_id":"n13438936673","osm_id":"13438936673","osm_type":"node","amenity":"school","ref":"69829369","education":"school","addr:subdistrict":"Mulya Harja","addr:province":null,"addr:district":"Bogor Selatan","swing_gate:type":null,"entrance":null,"religion":null,"grades":null,"email":null,"phone":null,"name:en":null,"wheelchair":null,"building:structure":null,"building:roof":null,"building:material":null,"building:condition":null,"access:roof":null,"building":null,"operator":"Swasta","opening_hours":null,"addr:postcode":null,"school:type_idn":null,"nspn":null,"isced:level":null,"website":null,"school":null,"fee":null,"contact:phone":null,"contact:fax":null,"contact:email":null,"addr:country":null,"local_ref":null,"natural":null,"wikipedia":null,"operator:type":null,"capacity":null,"building:levels":null,"addr:city":"Kota Bogor","wikidata":null,"jenjang":null,"alt_name":null,"addr:street":null,"addr:housenumber":null,"addr:housename":null,"name":"SMK Nur Rohmah","addr:full":null,"barrier":null},"geometry":{"type":"Point","coordinates":[106.78108,-6.647485]}},
{"type":"Feature","properties":{"full_id":"n13438936672","osm_id":"13438936672","osm_type":"node","amenity":"school","ref":"20200568","education":"school","addr:subdistrict":"Mulya Harja","addr:province":null,"addr:district":"Bogor Selatan","swing_gate:type":null,"entrance":null,"religion":null,"grades":null,"email":null,"phone":null,"name:en":null,"wheelchair":null,"building:structure":null,"building:roof":null,"building:material":null,"building:condition":null,"access:roof":null,"building":null,"operator":"Swasta","opening_hours":null,"addr:postcode":null,"school:type_idn":null,"nspn":null,"isced:level":null,"website":null,"school":null,"fee":null,"contact:phone":null,"contact:fax":null,"contact:email":null,"addr:country":null,"local_ref":null,"natural":null,"wikipedia":null,"operator:type":null,"capacity":null,"building:levels":null,"addr:city":"Kota Bogor","wikidata":null,"jenjang":null,"alt_name":null,"addr:street":null,"addr:housenumber":null,"addr:housename":null,"name":"SMP PGRI Mulyaharja","addr:full":null,"barrier":null},"geometry":{"type":"Point","coordinates":[106.7776,-6.6518]}},
{"type":"Feature","properties":{"full_id":"n13438936671","osm_id":"13438936671","osm_type":"node","amenity":"school","ref":"69861167","education":"school","addr:subdistrict":"Mulya Harja","addr:province":null,"addr:district":"Bogor Selatan","swing_gate:type":null,"entrance":null,"religion":null,"grades":null,"email":null,"phone":null,"name:en":null,"wheelchair":null,"building:structure":null,"building:roof":null,"building:material":null,"building:condition":null,"access:roof":null,"building":null,"operator":"Swasta","opening_hours":null,"addr:postcode":null,"school:type_idn":null,"nspn":null,"isced:level":null,"website":null,"school":null,"fee":null,"contact:phone":null,"contact:fax":null,"contact:email":null,"addr:country":null,"local_ref":null,"natural":null,"wikipedia":null,"operator:type":null,"capacity":null,"building:levels":null,"addr:city":"Kota Bogor","wikidata":null,"jenjang":null,"alt_name":null,"addr:street":null,"addr:housenumber":null,"addr:housename":null,"name":"SD Al-azhar Syifa Budi","addr:full":null,"barrier":null},"geometry":{"type":"Point","coordinates":[106.7918,-6.63869]}},
{"type":"Feature","properties":{"full_id":"n13438936670","osm_id":"13438936670","osm_type":"node","amenity":"school","ref":"20220475","education":"school","addr:subdistrict":"Mulya Harja","addr:province":null,"addr:district":"Bogor Selatan","swing_gate:type":null,"entrance":null,"religion":null,"grades":null,"email":null,"phone":null,"name:en":null,"wheelchair":null,"building:structure":null,"building:roof":null,"building:material":null,"building:condition":null,"access:roof":null,"building":null,"operator":"Negeri","opening_hours":null,"addr:postcode":null,"school:type_idn":null,"nspn":null,"isced:level":null,"website":null,"school":null,"fee":null,"contact:phone":null,"contact:fax":null,"contact:email":null,"addr:country":null,"local_ref":null,"natural":null,"wikipedia":null,"operator:type":null,"capacity":null,"building:levels":null,"addr:city":"Kota Bogor","wikidata":null,"jenjang":null,"alt_name":null,"addr:street":null,"addr:housenumber":null,"addr:housename":null,"name":"SD Negeri Mulyaharja 2","addr:full":null,"barrier":null},"geometry":{"type":"Point","coordinates":[106.7913283,-6.6514683]}},
{"type":"Feature","properties":{"full_id":"n13438936677","osm_id":"13438936677","osm_type":"node","amenity":"school","ref":"20220479","education":"school","addr:subdistrict":"Mekar Wangi","addr:province":null,"addr:district":"Tanah Sareal","swing_gate:type":null,"entrance":null,"religion":null,"grades":null,"email":null,"phone":null,"name:en":null,"wheelchair":null,"building:structure":null,"building:roof":null,"building:material":null,"building:condition":null,"access:roof":null,"building":null,"operator":"Negeri","opening_hours":null,"addr:postcode":null,"school:type_idn":null,"nspn":null,"isced:level":null,"website":null,"school":null,"fee":null,"contact:phone":null,"contact:fax":null,"contact:email":null,"addr:country":null,"local_ref":null,"natural":null,"wikipedia":null,"operator:type":null,"capacity":null,"building:levels":null,"addr:city":"Kota Bogor","wikidata":null,"jenjang":null,"alt_name":null,"addr:street":null,"addr:housenumber":null,"addr:housename":null,"name":"SD Negeri Kencana 3","addr:full":null,"barrier":null},"geometry":{"type":"Point","coordinates":[106.7821,-6.5398]}},
{"type":"Feature","properties":{"full_id":"n13438936676","osm_id":"13438936676","osm_type":"node","amenity":"school","ref":"20220506","education":"school","addr:subdistrict":"Mekar Wangi","addr:province":null,"addr:district":"Tanah Sareal","swing_gate:type":null,"entrance":null,"religion":null,"grades":null,"email":null,"phone":null,"name:en":null,"wheelchair":null,"building:structure":null,"building:roof":null,"building:material":null,"building:condition":null,"access:roof":null,"building":null,"operator":"Negeri","opening_hours":null,"addr:postcode":null,"school:type_idn":null,"nspn":null,"isced:level":null,"website":null,"school":null,"fee":null,"contact:phone":null,"contact:fax":null,"contact:email":null,"addr:country":null,"local_ref":null,"natural":null,"wikipedia":null,"operator:type":null,"capacity":null,"building:levels":null,"addr:city":"Kota Bogor","wikidata":null,"jenjang":null,"alt_name":null,"addr:street":null,"addr:housenumber":null,"addr:housename":null,"name":"SD Negeri Kencana 1","addr:full":null,"barrier":null},"geometry":{"type":"Point","coordinates":[106.7775,-6.5323]}},
{"type":"Feature","properties":{"full_id":"n13438936675","osm_id":"13438936675","osm_type":"node","amenity":"school","ref":"20271093","education":"school","addr:subdistrict":"Mekar Wangi","addr:province":null,"addr:district":"Tanah Sareal","swing_gate:type":null,"entrance":null,"religion":null,"grades":null,"email":null,"phone":null,"name:en":null,"wheelchair":null,"building:structure":null,"building:roof":null,"building:material":null,"building:condition":null,"access:roof":null,"building":null,"operator":"Swasta","opening_hours":null,"addr:postcode":null,"school:type_idn":null,"nspn":null,"isced:level":null,"website":null,"school":null,"fee":null,"contact:phone":null,"contact:fax":null,"contact:email":null,"addr:country":null,"local_ref":null,"natural":null,"wikipedia":null,"operator:type":null,"capacity":null,"building:levels":null,"addr:city":"Kota Bogor","wikidata":null,"jenjang":null,"alt_name":null,"addr:street":null,"addr:housenumber":null,"addr:housename":null,"name":"SMP Daarul Muqorrobiin","addr:full":null,"barrier":null},"geometry":{"type":"Point","coordinates":[106.7794,-6.5339]}},
{"type":"Feature","properties":{"full_id":"n13438936674","osm_id":"13438936674","osm_type":"node","amenity":"school","ref":"20238486","education":"school","addr:subdistrict":"Mulya Harja","addr:province":null,"addr:district":"Bogor Selatan","swing_gate:type":null,"entrance":null,"religion":null,"grades":null,"email":null,"phone":null,"name:en":null,"wheelchair":null,"building:structure":null,"building:roof":null,"building:material":null,"building:condition":null,"access:roof":null,"building":null,"operator":"Swasta","opening_hours":null,"addr:postcode":null,"school:type_idn":null,"nspn":null,"isced:level":null,"website":null,"school":null,"fee":null,"contact:phone":null,"contact:fax":null,"contact:email":null,"addr:country":null,"local_ref":null,"natural":null,"wikipedia":null,"operator:type":null,"capacity":null,"building:levels":null,"addr:city":"Kota Bogor","wikidata":null,"jenjang":null,"alt_name":null,"addr:street":null,"addr:housenumber":null,"addr:housename":null,"name":"SMP Bagus","addr:full":null,"barrier":null},"geometry":{"type":"Point","coordinates":[106.78157,-6.6456683]}},
{"type":"Feature","properties":{"full_id":"n13438936693","osm_id":"13438936693","osm_type":"node","amenity":"school","ref":"20220294","education":"school","addr:subdistrict":"Menteng","addr:province":null,"addr:district":"Bogor Barat","swing_gate:type":null,"entrance":null,"religion":null,"grades":null,"email":null,"phone":null,"name:en":null,"wheelchair":null,"building:structure":null,"building:roof":null,"building:material":null,"building:condition":null,"access:roof":null,"building":null,"operator":"Swasta","opening_hours":null,"addr:postcode":null,"school:type_idn":null,"nspn":null,"isced:level":null,"website":null,"school":null,"fee":null,"contact:phone":null,"contact:fax":null,"contact:email":null,"addr:country":null,"local_ref":null,"natural":null,"wikipedia":null,"operator:type":null,"capacity":null,"building:levels":null,"addr:city":"Kota Bogor","wikidata":null,"jenjang":null,"alt_name":null,"addr:street":null,"addr:housenumber":null,"addr:housename":null,"name":"SMKS Yktb 3 Bogor","addr:full":null,"barrier":null},"geometry":{"type":"Point","coordinates":[106.7855,-6.5894]}},
{"type":"Feature","properties":{"full_id":"n13438936680","osm_id":"13438936680","osm_type":"node","amenity":"school","ref":"20269324","education":"school","addr:subdistrict":"Mekar Wangi","addr:province":null,"addr:district":"Tanah Sareal","swing_gate:type":null,"entrance":null,"religion":null,"grades":null,"email":null,"phone":null,"name:en":null,"wheelchair":null,"building:structure":null,"building:roof":null,"building:material":null,"building:condition":null,"access:roof":null,"building":null,"operator":"Swasta","opening_hours":null,"addr:postcode":null,"school:type_idn":null,"nspn":null,"isced:level":null,"website":null,"school":null,"fee":null,"contact:phone":null,"contact:fax":null,"contact:email":null,"addr:country":null,"local_ref":null,"natural":null,"wikipedia":null,"operator:type":null,"capacity":null,"building:levels":null,"addr:city":"Kota Bogor","wikidata":null,"jenjang":null,"alt_name":null,"addr:street":null,"addr:housenumber":null,"addr:housename":null,"name":"SMKS Bogor Muhidin School Bms","addr:full":null,"barrier":null},"geometry":{"type":"Point","coordinates":[106.7759,-6.5199]}},
{"type":"Feature","properties":{"full_id":"n13438936679","osm_id":"13438936679","osm_type":"node","amenity":"school","ref":"69950954","education":"school","addr:subdistrict":"Mekar Wangi","addr:province":null,"addr:district":"Tanah Sareal","swing_gate:type":null,"entrance":null,"religion":null,"grades":null,"email":null,"phone":null,"name:en":null,"wheelchair":null,"building:structure":null,"building:roof":null,"building:material":null,"building:condition":null,"access:roof":null,"building":null,"operator":"Swasta","opening_hours":null,"addr:postcode":null,"school:type_idn":null,"nspn":null,"isced:level":null,"website":null,"school":null,"fee":null,"contact:phone":null,"contact:fax":null,"contact:email":null,"addr:country":null,"local_ref":null,"natural":null,"wikipedia":null,"operator:type":null,"capacity":null,"building:levels":null,"addr:city":"Kota Bogor","wikidata":null,"jenjang":null,"alt_name":null,"addr:street":null,"addr:housenumber":null,"addr:housename":null,"name":"SMK Modern Al - Alawiyah Bogor","addr:full":null,"barrier":null},"geometry":{"type":"Point","coordinates":[106.777742,-6.526854]}},
{"type":"Feature","properties":{"full_id":"n13438936678","osm_id":"13438936678","osm_type":"node","amenity":"school","ref":"20238505","education":"school","addr:subdistrict":"Mekar Wangi","addr:province":null,"addr:district":"Tanah Sareal","swing_gate:type":null,"entrance":null,"religion":null,"grades":null,"email":null,"phone":null,"name:en":null,"wheelchair":null,"building:structure":null,"building:roof":null,"building:material":null,"building:condition":null,"access:roof":null,"building":null,"operator":"Swasta","opening_hours":null,"addr:postcode":null,"school:type_idn":null,"nspn":null,"isced:level":null,"website":null,"school":null,"fee":null,"contact:phone":null,"contact:fax":null,"contact:email":null,"addr:country":null,"local_ref":null,"natural":null,"wikipedia":null,"operator:type":null,"capacity":null,"building:levels":null,"addr:city":"Kota Bogor","wikidata":null,"jenjang":null,"alt_name":null,"addr:street":null,"addr:housenumber":null,"addr:housename":null,"name":"SMP Plus Yaspera","addr:full":null,"barrier":null},"geometry":{"type":"Point","coordinates":[106.7764,-6.5204]}},
{"type":"Feature","properties":{"full_id":"n13438936697","osm_id":"13438936697","osm_type":"node","amenity":"school","ref":"20220458","education":"school","addr:subdistrict":"Menteng","addr:province":null,"addr:district":"Bogor Barat","swing_gate:type":null,"entrance":null,"religion":null,"grades":null,"email":null,"phone":null,"name:en":null,"wheelchair":null,"building:structure":null,"building:roof":null,"building:material":null,"building:condition":null,"access:roof":null,"building":null,"operator":"Negeri","opening_hours":null,"addr:postcode":null,"school:type_idn":null,"nspn":null,"isced:level":null,"website":null,"school":null,"fee":null,"contact:phone":null,"contact:fax":null,"contact:email":null,"addr:country":null,"local_ref":null,"natural":null,"wikipedia":null,"operator:type":null,"capacity":null,"building:levels":null,"addr:city":"Kota Bogor","wikidata":null,"jenjang":null,"alt_name":null,"addr:street":null,"addr:housenumber":null,"addr:housename":null,"name":"SD Negeri Merdeka 1","addr:full":null,"barrier":null},"geometry":{"type":"Point","coordinates":[106.7876,-6.5868]}},
{"type":"Feature","properties":{"full_id":"n13438936696","osm_id":"13438936696","osm_type":"node","amenity":"school","ref":"20220585","education":"school","addr:subdistrict":"Menteng","addr:province":null,"addr:district":"Bogor Barat","swing_gate:type":null,"entrance":null,"religion":null,"grades":null,"email":null,"phone":null,"name:en":null,"wheelchair":null,"building:structure":null,"building:roof":null,"building:material":null,"building:condition":null,"access:roof":null,"building":null,"operator":"Negeri","opening_hours":null,"addr:postcode":null,"school:type_idn":null,"nspn":null,"isced:level":null,"website":null,"school":null,"fee":null,"contact:phone":null,"contact:fax":null,"contact:email":null,"addr:country":null,"local_ref":null,"natural":null,"wikipedia":null,"operator:type":null,"capacity":null,"building:levels":null,"addr:city":"Kota Bogor","wikidata":null,"jenjang":null,"alt_name":null,"addr:street":null,"addr:housenumber":null,"addr:housename":null,"name":"SD Negeri Semeru 6","addr:full":null,"barrier":null},"geometry":{"type":"Point","coordinates":[106.7734,-6.5788]}},
{"type":"Feature","properties":{"full_id":"n13438936695","osm_id":"13438936695","osm_type":"node","amenity":"school","ref":"20220584","education":"school","addr:subdistrict":"Menteng","addr:province":null,"addr:district":"Bogor Barat","swing_gate:type":null,"entrance":null,"religion":null,"grades":null,"email":null,"phone":null,"name:en":null,"wheelchair":null,"building:structure":null,"building:roof":null,"building:material":null,"building:condition":null,"access:roof":null,"building":null,"operator":"Negeri","opening_hours":null,"addr:postcode":null,"school:type_idn":null,"nspn":null,"isced:level":null,"website":null,"school":null,"fee":null,"contact:phone":null,"contact:fax":null,"contact:email":null,"addr:country":null,"local_ref":null,"natural":null,"wikipedia":null,"operator:type":null,"capacity":null,"building:levels":null,"addr:city":"Kota Bogor","wikidata":null,"jenjang":null,"alt_name":null,"addr:street":null,"addr:housenumber":null,"addr:housename":null,"name":"SD Negeri Semeru 5","addr:full":null,"barrier":null},"geometry":{"type":"Point","coordinates":[106.7837,-6.5852]}},
{"type":"Feature","properties":{"full_id":"n13438936694","osm_id":"13438936694","osm_type":"node","amenity":"school","ref":"20220561","education":"school","addr:subdistrict":"Menteng","addr:province":null,"addr:district":"Bogor Barat","swing_gate:type":null,"entrance":null,"religion":null,"grades":null,"email":null,"phone":null,"name:en":null,"wheelchair":null,"building:structure":null,"building:roof":null,"building:material":null,"building:condition":null,"access:roof":null,"building":null,"operator":"Negeri","opening_hours":null,"addr:postcode":null,"school:type_idn":null,"nspn":null,"isced:level":null,"website":null,"school":null,"fee":null,"contact:phone":null,"contact:fax":null,"contact:email":null,"addr:country":null,"local_ref":null,"natural":null,"wikipedia":null,"operator:type":null,"capacity":null,"building:levels":null,"addr:city":"Kota Bogor","wikidata":null,"jenjang":null,"alt_name":null,"addr:street":null,"addr:housenumber":null,"addr:housename":null,"name":"SD Negeri Sindangrasa","addr:full":null,"barrier":null},"geometry":{"type":"Point","coordinates":[106.7814,-6.585]}},
{"type":"Feature","properties":{"full_id":"n13438936701","osm_id":"13438936701","osm_type":"node","amenity":"school","ref":"20220293","education":"school","addr:subdistrict":"Menteng","addr:province":null,"addr:district":"Bogor Barat","swing_gate:type":null,"entrance":null,"religion":null,"grades":null,"email":null,"phone":null,"name:en":null,"wheelchair":null,"building:structure":null,"building:roof":null,"building:material":null,"building:condition":null,"access:roof":null,"building":null,"operator":"Swasta","opening_hours":null,"addr:postcode":null,"school:type_idn":null,"nspn":null,"isced:level":null,"website":null,"school":null,"fee":null,"contact:phone":null,"contact:fax":null,"contact:email":null,"addr:country":null,"local_ref":null,"natural":null,"wikipedia":null,"operator:type":null,"capacity":null,"building:levels":null,"addr:city":"Kota Bogor","wikidata":null,"jenjang":null,"alt_name":null,"addr:street":null,"addr:housenumber":null,"addr:housename":null,"name":"SMKS Yktb 2 Bogor","addr:full":null,"barrier":null},"geometry":{"type":"Point","coordinates":[106.7858,-6.5894]}},
{"type":"Feature","properties":{"full_id":"n13438936700","osm_id":"13438936700","osm_type":"node","amenity":"school","ref":"20200328","education":"school","addr:subdistrict":"Menteng","addr:province":null,"addr:district":"Bogor Barat","swing_gate:type":null,"entrance":null,"religion":null,"grades":null,"email":null,"phone":null,"name:en":null,"wheelchair":null,"building:structure":null,"building:roof":null,"building:material":null,"building:condition":null,"access:roof":null,"building":null,"operator":"Negeri","opening_hours":null,"addr:postcode":null,"school:type_idn":null,"nspn":null,"isced:level":null,"website":null,"school":null,"fee":null,"contact:phone":null,"contact:fax":null,"contact:email":null,"addr:country":null,"local_ref":null,"natural":null,"wikipedia":null,"operator:type":null,"capacity":null,"building:levels":null,"addr:city":"Kota Bogor","wikidata":null,"jenjang":null,"alt_name":null,"addr:street":null,"addr:housenumber":null,"addr:housename":null,"name":"SD Negeri Menteng","addr:full":null,"barrier":null},"geometry":{"type":"Point","coordinates":[106.7844,-6.585]}},
{"type":"Feature","properties":{"full_id":"n13438936699","osm_id":"13438936699","osm_type":"node","amenity":"school","ref":"20220380","education":"school","addr:subdistrict":"Menteng","addr:province":null,"addr:district":"Bogor Barat","swing_gate:type":null,"entrance":null,"religion":null,"grades":null,"email":null,"phone":null,"name:en":null,"wheelchair":null,"building:structure":null,"building:roof":null,"building:material":null,"building:condition":null,"access:roof":null,"building":null,"operator":"Negeri","opening_hours":null,"addr:postcode":null,"school:type_idn":null,"nspn":null,"isced:level":null,"website":null,"school":null,"fee":null,"contact:phone":null,"contact:fax":null,"contact:email":null,"addr:country":null,"local_ref":null,"natural":null,"wikipedia":null,"operator:type":null,"capacity":null,"building:levels":null,"addr:city":"Kota Bogor","wikidata":null,"jenjang":null,"alt_name":null,"addr:street":null,"addr:housenumber":null,"addr:housename":null,"name":"SMP Negeri 6","addr:full":null,"barrier":null},"geometry":{"type":"Point","coordinates":[106.7719,-6.5785]}},
{"type":"Feature","properties":{"full_id":"n13438936698","osm_id":"13438936698","osm_type":"node","amenity":"school","ref":"60726275","education":"school","addr:subdistrict":"Menteng","addr:province":null,"addr:district":"Bogor Barat","swing_gate:type":null,"entrance":null,"religion":null,"grades":null,"email":null,"phone":null,"name:en":null,"wheelchair":null,"building:structure":null,"building:roof":null,"building:material":null,"building:condition":null,"access:roof":null,"building":null,"operator":"Swasta","opening_hours":null,"addr:postcode":null,"school:type_idn":null,"nspn":null,"isced:level":null,"website":null,"school":null,"fee":null,"contact:phone":null,"contact:fax":null,"contact:email":null,"addr:country":null,"local_ref":null,"natural":null,"wikipedia":null,"operator:type":null,"capacity":null,"building:levels":null,"addr:city":"Kota Bogor","wikidata":null,"jenjang":null,"alt_name":null,"addr:street":null,"addr:housenumber":null,"addr:housename":null,"name":"SMP Islam Da Watul Quran Bogor","addr:full":null,"barrier":null},"geometry":{"type":"Point","coordinates":[106.7796,-6.5792]}},
{"type":"Feature","properties":{"full_id":"n13438936709","osm_id":"13438936709","osm_type":"node","amenity":"school","ref":"20220035","education":"school","addr:subdistrict":"Loji","addr:province":null,"addr:district":"Bogor Barat","swing_gate:type":null,"entrance":null,"religion":null,"grades":null,"email":null,"phone":null,"name:en":null,"wheelchair":null,"building:structure":null,"building:roof":null,"building:material":null,"building:condition":null,"access:roof":null,"building":null,"operator":"Negeri","opening_hours":null,"addr:postcode":null,"school:type_idn":null,"nspn":null,"isced:level":null,"website":null,"school":null,"fee":null,"contact:phone":null,"contact:fax":null,"contact:email":null,"addr:country":null,"local_ref":null,"natural":null,"wikipedia":null,"operator:type":null,"capacity":null,"building:levels":null,"addr:city":"Kota Bogor","wikidata":null,"jenjang":null,"alt_name":null,"addr:street":null,"addr:housenumber":null,"addr:housename":null,"name":"SD Negeri Gunung Batu 1","addr:full":null,"barrier":null},"geometry":{"type":"Point","coordinates":[106.7727,-6.589]}},
{"type":"Feature","properties":{"full_id":"n13438936708","osm_id":"13438936708","osm_type":"node","amenity":"school","ref":"20238448","education":"school","addr:subdistrict":"Loji","addr:province":null,"addr:district":"Bogor Barat","swing_gate:type":null,"entrance":null,"religion":null,"grades":null,"email":null,"phone":null,"name:en":null,"wheelchair":null,"building:structure":null,"building:roof":null,"building:material":null,"building:condition":null,"access:roof":null,"building":null,"operator":"Negeri","opening_hours":null,"addr:postcode":null,"school:type_idn":null,"nspn":null,"isced:level":null,"website":null,"school":null,"fee":null,"contact:phone":null,"contact:fax":null,"contact:email":null,"addr:country":null,"local_ref":null,"natural":null,"wikipedia":null,"operator:type":null,"capacity":null,"building:levels":null,"addr:city":"Kota Bogor","wikidata":null,"jenjang":null,"alt_name":null,"addr:street":null,"addr:housenumber":null,"addr:housename":null,"name":"SD Negeri Gunung Batu 2","addr:full":null,"barrier":null},"geometry":{"type":"Point","coordinates":[106.7723,-6.5893]}},
{"type":"Feature","properties":{"full_id":"n13438936703","osm_id":"13438936703","osm_type":"node","amenity":"school","ref":"20238517","education":"school","addr:subdistrict":"Menteng","addr:province":null,"addr:district":"Bogor Barat","swing_gate:type":null,"entrance":null,"religion":null,"grades":null,"email":null,"phone":null,"name:en":null,"wheelchair":null,"building:structure":null,"building:roof":null,"building:material":null,"building:condition":null,"access:roof":null,"building":null,"operator":"Negeri","opening_hours":null,"addr:postcode":null,"school:type_idn":null,"nspn":null,"isced:level":null,"website":null,"school":null,"fee":null,"contact:phone":null,"contact:fax":null,"contact:email":null,"addr:country":null,"local_ref":null,"natural":null,"wikipedia":null,"operator:type":null,"capacity":null,"building:levels":null,"addr:city":"Kota Bogor","wikidata":null,"jenjang":null,"alt_name":null,"addr:street":null,"addr:housenumber":null,"addr:housename":null,"name":"SMA Negeri 5 Bogor","addr:full":null,"barrier":null},"geometry":{"type":"Point","coordinates":[106.7839,-6.5855]}},
{"type":"Feature","properties":{"full_id":"n13438936702","osm_id":"13438936702","osm_type":"node","amenity":"school","ref":"20238455","education":"school","addr:subdistrict":"Menteng","addr:province":null,"addr:district":"Bogor Barat","swing_gate:type":null,"entrance":null,"religion":null,"grades":null,"email":null,"phone":null,"name:en":null,"wheelchair":null,"building:structure":null,"building:roof":null,"building:material":null,"building:condition":null,"access:roof":null,"building":null,"operator":"Negeri","opening_hours":null,"addr:postcode":null,"school:type_idn":null,"nspn":null,"isced:level":null,"website":null,"school":null,"fee":null,"contact:phone":null,"contact:fax":null,"contact:email":null,"addr:country":null,"local_ref":null,"natural":null,"wikipedia":null,"operator:type":null,"capacity":null,"building:levels":null,"addr:city":"Kota Bogor","wikidata":null,"jenjang":null,"alt_name":null,"addr:street":null,"addr:housenumber":null,"addr:housename":null,"name":"SD Negeri Semeru 1","addr:full":null,"barrier":null},"geometry":{"type":"Point","coordinates":[106.779,-6.58]}},
{"type":"Feature","properties":{"full_id":"n13438936713","osm_id":"13438936713","osm_type":"node","amenity":"school","ref":"69911415","education":"school","addr:subdistrict":"Loji","addr:province":null,"addr:district":"Bogor Barat","swing_gate:type":null,"entrance":null,"religion":null,"grades":null,"email":null,"phone":null,"name:en":null,"wheelchair":null,"building:structure":null,"building:roof":null,"building:material":null,"building:condition":null,"access:roof":null,"building":null,"operator":"Swasta","opening_hours":null,"addr:postcode":null,"school:type_idn":null,"nspn":null,"isced:level":null,"website":null,"school":null,"fee":null,"contact:phone":null,"contact:fax":null,"contact:email":null,"addr:country":null,"local_ref":null,"natural":null,"wikipedia":null,"operator:type":null,"capacity":null,"building:levels":null,"addr:city":"Kota Bogor","wikidata":null,"jenjang":null,"alt_name":null,"addr:street":null,"addr:housenumber":null,"addr:housename":null,"name":"SDIT Bunaya","addr:full":null,"barrier":null},"geometry":{"type":"Point","coordinates":[106.7685,-6.5825]}},
{"type":"Feature","properties":{"full_id":"n13438936712","osm_id":"13438936712","osm_type":"node","amenity":"school","ref":"20220360;20238520","education":"school","addr:subdistrict":"Loji","addr:province":null,"addr:district":"Bogor Barat","swing_gate:type":null,"entrance":null,"religion":null,"grades":null,"email":null,"phone":null,"name:en":null,"wheelchair":null,"building:structure":null,"building:roof":null,"building:material":null,"building:condition":null,"access:roof":null,"building":null,"operator":"Swasta","opening_hours":null,"addr:postcode":null,"school:type_idn":null,"nspn":null,"isced:level":null,"website":null,"school":null,"fee":null,"contact:phone":null,"contact:fax":null,"contact:email":null,"addr:country":null,"local_ref":null,"natural":null,"wikipedia":null,"operator:type":null,"capacity":null,"building:levels":null,"addr:city":"Kota Bogor","wikidata":null,"jenjang":null,"alt_name":null,"addr:street":null,"addr:housenumber":null,"addr:housename":null,"name":"SMAS Yp 17;SMP Yp. 17 Bogor","addr:full":null,"barrier":null},"geometry":{"type":"Point","coordinates":[106.7712,-6.5892]}},
{"type":"Feature","properties":{"full_id":"n13438936711","osm_id":"13438936711","osm_type":"node","amenity":"school","ref":"20220316","education":"school","addr:subdistrict":"Loji","addr:province":null,"addr:district":"Bogor Barat","swing_gate:type":null,"entrance":null,"religion":null,"grades":null,"email":null,"phone":null,"name:en":null,"wheelchair":null,"building:structure":null,"building:roof":null,"building:material":null,"building:condition":null,"access:roof":null,"building":null,"operator":"Swasta","opening_hours":null,"addr:postcode":null,"school:type_idn":null,"nspn":null,"isced:level":null,"website":null,"school":null,"fee":null,"contact:phone":null,"contact:fax":null,"contact:email":null,"addr:country":null,"local_ref":null,"natural":null,"wikipedia":null,"operator:type":null,"capacity":null,"building:levels":null,"addr:city":"Kota Bogor","wikidata":null,"jenjang":null,"alt_name":null,"addr:street":null,"addr:housenumber":null,"addr:housename":null,"name":"SMAS Pesat","addr:full":null,"barrier":null},"geometry":{"type":"Point","coordinates":[106.7681,-6.5834]}},
{"type":"Feature","properties":{"full_id":"n13438936710","osm_id":"13438936710","osm_type":"node","amenity":"school","ref":"20220433","education":"school","addr:subdistrict":"Loji","addr:province":null,"addr:district":"Bogor Barat","swing_gate:type":null,"entrance":null,"religion":null,"grades":null,"email":null,"phone":null,"name:en":null,"wheelchair":null,"building:structure":null,"building:roof":null,"building:material":null,"building:condition":null,"access:roof":null,"building":null,"operator":"Swasta","opening_hours":null,"addr:postcode":null,"school:type_idn":null,"nspn":null,"isced:level":null,"website":null,"school":null,"fee":null,"contact:phone":null,"contact:fax":null,"contact:email":null,"addr:country":null,"local_ref":null,"natural":null,"wikipedia":null,"operator:type":null,"capacity":null,"building:levels":null,"addr:city":"Kota Bogor","wikidata":null,"jenjang":null,"alt_name":null,"addr:street":null,"addr:housenumber":null,"addr:housename":null,"name":"SMP Pesat","addr:full":null,"barrier":null},"geometry":{"type":"Point","coordinates":[106.7682,-6.5835]}},
{"type":"Feature","properties":{"full_id":"n13438936717","osm_id":"13438936717","osm_type":"node","amenity":"school","ref":"20220541","education":"school","addr:subdistrict":"Loji","addr:province":null,"addr:district":"Bogor Barat","swing_gate:type":null,"entrance":null,"religion":null,"grades":null,"email":null,"phone":null,"name:en":null,"wheelchair":null,"building:structure":null,"building:roof":null,"building:material":null,"building:condition":null,"access:roof":null,"building":null,"operator":"Negeri;Swasta","opening_hours":null,"addr:postcode":null,"school:type_idn":null,"nspn":null,"isced:level":null,"website":null,"school":null,"fee":null,"contact:phone":null,"contact:fax":null,"contact:email":null,"addr:country":null,"local_ref":null,"natural":null,"wikipedia":null,"operator:type":null,"capacity":null,"building:levels":null,"addr:city":"Kota Bogor","wikidata":null,"jenjang":null,"alt_name":null,"addr:street":null,"addr:housenumber":null,"addr:housename":null,"name":"SLB Abcd Sejahtera;SLBn Sejahtera Kota Bogor","addr:full":null,"barrier":null},"geometry":{"type":"Point","coordinates":[106.7722,-6.589]}},
{"type":"Feature","properties":{"full_id":"n13438936716","osm_id":"13438936716","osm_type":"node","amenity":"school","ref":"20267664","education":"school","addr:subdistrict":"Loji","addr:province":null,"addr:district":"Bogor Barat","swing_gate:type":null,"entrance":null,"religion":null,"grades":null,"email":null,"phone":null,"name:en":null,"wheelchair":null,"building:structure":null,"building:roof":null,"building:material":null,"building:condition":null,"access:roof":null,"building":null,"operator":"Swasta","opening_hours":null,"addr:postcode":null,"school:type_idn":null,"nspn":null,"isced:level":null,"website":null,"school":null,"fee":null,"contact:phone":null,"contact:fax":null,"contact:email":null,"addr:country":null,"local_ref":null,"natural":null,"wikipedia":null,"operator:type":null,"capacity":null,"building:levels":null,"addr:city":"Kota Bogor","wikidata":null,"jenjang":null,"alt_name":null,"addr:street":null,"addr:housenumber":null,"addr:housename":null,"name":"SMKS Informatika Pesat","addr:full":null,"barrier":null},"geometry":{"type":"Point","coordinates":[106.768123,-6.583482]}},
{"type":"Feature","properties":{"full_id":"n13438936715","osm_id":"13438936715","osm_type":"node","amenity":"school","ref":"20220446","education":"school","addr:subdistrict":"Loji","addr:province":null,"addr:district":"Bogor Barat","swing_gate:type":null,"entrance":null,"religion":null,"grades":null,"email":null,"phone":null,"name:en":null,"wheelchair":null,"building:structure":null,"building:roof":null,"building:material":null,"building:condition":null,"access:roof":null,"building":null,"operator":"Negeri","opening_hours":null,"addr:postcode":null,"school:type_idn":null,"nspn":null,"isced:level":null,"website":null,"school":null,"fee":null,"contact:phone":null,"contact:fax":null,"contact:email":null,"addr:country":null,"local_ref":null,"natural":null,"wikipedia":null,"operator:type":null,"capacity":null,"building:levels":null,"addr:city":"Kota Bogor","wikidata":null,"jenjang":null,"alt_name":null,"addr:street":null,"addr:housenumber":null,"addr:housename":null,"name":"SD Negeri Loji 3","addr:full":null,"barrier":null},"geometry":{"type":"Point","coordinates":[106.7667,-6.5903]}},
{"type":"Feature","properties":{"full_id":"n13438936714","osm_id":"13438936714","osm_type":"node","amenity":"school","ref":"20220447","education":"school","addr:subdistrict":"Loji","addr:province":null,"addr:district":"Bogor Barat","swing_gate:type":null,"entrance":null,"religion":null,"grades":null,"email":null,"phone":null,"name:en":null,"wheelchair":null,"building:structure":null,"building:roof":null,"building:material":null,"building:condition":null,"access:roof":null,"building":null,"operator":"Negeri","opening_hours":null,"addr:postcode":null,"school:type_idn":null,"nspn":null,"isced:level":null,"website":null,"school":null,"fee":null,"contact:phone":null,"contact:fax":null,"contact:email":null,"addr:country":null,"local_ref":null,"natural":null,"wikipedia":null,"operator:type":null,"capacity":null,"building:levels":null,"addr:city":"Kota Bogor","wikidata":null,"jenjang":null,"alt_name":null,"addr:street":null,"addr:housenumber":null,"addr:housename":null,"name":"SD Negeri Loji 2","addr:full":null,"barrier":null},"geometry":{"type":"Point","coordinates":[106.7637,-6.5843]}},
{"type":"Feature","properties":{"full_id":"n13438936721","osm_id":"13438936721","osm_type":"node","amenity":"school","ref":"20238469","education":"school","addr:subdistrict":"Marga Jaya","addr:province":null,"addr:district":"Bogor Barat","swing_gate:type":null,"entrance":null,"religion":null,"grades":null,"email":null,"phone":null,"name:en":null,"wheelchair":null,"building:structure":null,"building:roof":null,"building:material":null,"building:condition":null,"access:roof":null,"building":null,"operator":"Swasta","opening_hours":null,"addr:postcode":null,"school:type_idn":null,"nspn":null,"isced:level":null,"website":null,"school":null,"fee":null,"contact:phone":null,"contact:fax":null,"contact:email":null,"addr:country":null,"local_ref":null,"natural":null,"wikipedia":null,"operator:type":null,"capacity":null,"building:levels":null,"addr:city":"Kota Bogor","wikidata":null,"jenjang":null,"alt_name":null,"addr:street":null,"addr:housenumber":null,"addr:housename":null,"name":"SD Plus Bina Bangsa Sejahtera","addr:full":null,"barrier":null},"geometry":{"type":"Point","coordinates":[106.7447,-6.5707]}},
{"type":"Feature","properties":{"full_id":"n13438936720","osm_id":"13438936720","osm_type":"node","amenity":"school","ref":"70008153","education":"school","addr:subdistrict":"Marga Jaya","addr:province":null,"addr:district":"Bogor Barat","swing_gate:type":null,"entrance":null,"religion":null,"grades":null,"email":null,"phone":null,"name:en":null,"wheelchair":null,"building:structure":null,"building:roof":null,"building:material":null,"building:condition":null,"access:roof":null,"building":null,"operator":"Swasta","opening_hours":null,"addr:postcode":null,"school:type_idn":null,"nspn":null,"isced:level":null,"website":null,"school":null,"fee":null,"contact:phone":null,"contact:fax":null,"contact:email":null,"addr:country":null,"local_ref":null,"natural":null,"wikipedia":null,"operator:type":null,"capacity":null,"building:levels":null,"addr:city":"Kota Bogor","wikidata":null,"jenjang":null,"alt_name":null,"addr:street":null,"addr:housenumber":null,"addr:housename":null,"name":"SMPIT Bina Bangsa Sejahtera","addr:full":null,"barrier":null},"geometry":{"type":"Point","coordinates":[106.7423,-6.5703]}},
{"type":"Feature","properties":{"full_id":"n13438936719","osm_id":"13438936719","osm_type":"node","amenity":"school","ref":"20220441","education":"school","addr:subdistrict":"Marga Jaya","addr:province":null,"addr:district":"Bogor Barat","swing_gate:type":null,"entrance":null,"religion":null,"grades":null,"email":null,"phone":null,"name:en":null,"wheelchair":null,"building:structure":null,"building:roof":null,"building:material":null,"building:condition":null,"access:roof":null,"building":null,"operator":"Negeri","opening_hours":null,"addr:postcode":null,"school:type_idn":null,"nspn":null,"isced:level":null,"website":null,"school":null,"fee":null,"contact:phone":null,"contact:fax":null,"contact:email":null,"addr:country":null,"local_ref":null,"natural":null,"wikipedia":null,"operator:type":null,"capacity":null,"building:levels":null,"addr:city":"Kota Bogor","wikidata":null,"jenjang":null,"alt_name":null,"addr:street":null,"addr:housenumber":null,"addr:housename":null,"name":"SD Negeri Margajaya 4","addr:full":null,"barrier":null},"geometry":{"type":"Point","coordinates":[106.7425,-6.5746]}},
{"type":"Feature","properties":{"full_id":"n13438936718","osm_id":"13438936718","osm_type":"node","amenity":"school","ref":"20220455","education":"school","addr:subdistrict":"Loji","addr:province":null,"addr:district":"Bogor Barat","swing_gate:type":null,"entrance":null,"religion":null,"grades":null,"email":null,"phone":null,"name:en":null,"wheelchair":null,"building:structure":null,"building:roof":null,"building:material":null,"building:condition":null,"access:roof":null,"building":null,"operator":"Negeri","opening_hours":null,"addr:postcode":null,"school:type_idn":null,"nspn":null,"isced:level":null,"website":null,"school":null,"fee":null,"contact:phone":null,"contact:fax":null,"contact:email":null,"addr:country":null,"local_ref":null,"natural":null,"wikipedia":null,"operator:type":null,"capacity":null,"building:levels":null,"addr:city":"Kota Bogor","wikidata":null,"jenjang":null,"alt_name":null,"addr:street":null,"addr:housenumber":null,"addr:housename":null,"name":"SD Negeri Loji I","addr:full":null,"barrier":null},"geometry":{"type":"Point","coordinates":[106.7712,-6.5827]}},
{"type":"Feature","properties":{"full_id":"n13438936725","osm_id":"13438936725","osm_type":"node","amenity":"school","ref":"20220439","education":"school","addr:subdistrict":"Marga Jaya","addr:province":null,"addr:district":"Bogor Barat","swing_gate:type":null,"entrance":null,"religion":null,"grades":null,"email":null,"phone":null,"name:en":null,"wheelchair":null,"building:structure":null,"building:roof":null,"building:material":null,"building:condition":null,"access:roof":null,"building":null,"operator":"Negeri","opening_hours":null,"addr:postcode":null,"school:type_idn":null,"nspn":null,"isced:level":null,"website":null,"school":null,"fee":null,"contact:phone":null,"contact:fax":null,"contact:email":null,"addr:country":null,"local_ref":null,"natural":null,"wikipedia":null,"operator:type":null,"capacity":null,"building:levels":null,"addr:city":"Kota Bogor","wikidata":null,"jenjang":null,"alt_name":null,"addr:street":null,"addr:housenumber":null,"addr:housename":null,"name":"SD Negeri Margajaya 1","addr:full":null,"barrier":null},"geometry":{"type":"Point","coordinates":[106.7405,-6.5728]}},
{"type":"Feature","properties":{"full_id":"n13438936724","osm_id":"13438936724","osm_type":"node","amenity":"school","ref":"20220490","education":"school","addr:subdistrict":"Marga Jaya","addr:province":null,"addr:district":"Bogor Barat","swing_gate:type":null,"entrance":null,"religion":null,"grades":null,"email":null,"phone":null,"name:en":null,"wheelchair":null,"building:structure":null,"building:roof":null,"building:material":null,"building:condition":null,"access:roof":null,"building":null,"operator":"Swasta","opening_hours":null,"addr:postcode":null,"school:type_idn":null,"nspn":null,"isced:level":null,"website":null,"school":null,"fee":null,"contact:phone":null,"contact:fax":null,"contact:email":null,"addr:country":null,"local_ref":null,"natural":null,"wikipedia":null,"operator:type":null,"capacity":null,"building:levels":null,"addr:city":"Kota Bogor","wikidata":null,"jenjang":null,"alt_name":null,"addr:street":null,"addr:housenumber":null,"addr:housename":null,"name":"SD Insan Kamil","addr:full":null,"barrier":null},"geometry":{"type":"Point","coordinates":[106.7504,-6.5726]}},
{"type":"Feature","properties":{"full_id":"n13438936723","osm_id":"13438936723","osm_type":"node","amenity":"school","ref":"69765807","education":"school","addr:subdistrict":"Marga Jaya","addr:province":null,"addr:district":"Bogor Barat","swing_gate:type":null,"entrance":null,"religion":null,"grades":null,"email":null,"phone":null,"name:en":null,"wheelchair":null,"building:structure":null,"building:roof":null,"building:material":null,"building:condition":null,"access:roof":null,"building":null,"operator":"Swasta","opening_hours":null,"addr:postcode":null,"school:type_idn":null,"nspn":null,"isced:level":null,"website":null,"school":null,"fee":null,"contact:phone":null,"contact:fax":null,"contact:email":null,"addr:country":null,"local_ref":null,"natural":null,"wikipedia":null,"operator:type":null,"capacity":null,"building:levels":null,"addr:city":"Kota Bogor","wikidata":null,"jenjang":null,"alt_name":null,"addr:street":null,"addr:housenumber":null,"addr:housename":null,"name":"SMKS Bina Sejahtera 4","addr:full":null,"barrier":null},"geometry":{"type":"Point","coordinates":[106.743,-6.5705]}},
{"type":"Feature","properties":{"full_id":"n13438936722","osm_id":"13438936722","osm_type":"node","amenity":"school","ref":"69765806","education":"school","addr:subdistrict":"Marga Jaya","addr:province":null,"addr:district":"Bogor Barat","swing_gate:type":null,"entrance":null,"religion":null,"grades":null,"email":null,"phone":null,"name:en":null,"wheelchair":null,"building:structure":null,"building:roof":null,"building:material":null,"building:condition":null,"access:roof":null,"building":null,"operator":"Swasta","opening_hours":null,"addr:postcode":null,"school:type_idn":null,"nspn":null,"isced:level":null,"website":null,"school":null,"fee":null,"contact:phone":null,"contact:fax":null,"contact:email":null,"addr:country":null,"local_ref":null,"natural":null,"wikipedia":null,"operator:type":null,"capacity":null,"building:levels":null,"addr:city":"Kota Bogor","wikidata":null,"jenjang":null,"alt_name":null,"addr:street":null,"addr:housenumber":null,"addr:housename":null,"name":"SMKS Bina Sejahtera 3","addr:full":null,"barrier":null},"geometry":{"type":"Point","coordinates":[106.7449,-6.5744]}},
{"type":"Feature","properties":{"full_id":"n13438936729","osm_id":"13438936729","osm_type":"node","amenity":"school","ref":"20220352","education":"school","addr:subdistrict":"Marga Jaya","addr:province":null,"addr:district":"Bogor Barat","swing_gate:type":null,"entrance":null,"religion":null,"grades":null,"email":null,"phone":null,"name:en":null,"wheelchair":null,"building:structure":null,"building:roof":null,"building:material":null,"building:condition":null,"access:roof":null,"building":null,"operator":"Swasta","opening_hours":null,"addr:postcode":null,"school:type_idn":null,"nspn":null,"isced:level":null,"website":null,"school":null,"fee":null,"contact:phone":null,"contact:fax":null,"contact:email":null,"addr:country":null,"local_ref":null,"natural":null,"wikipedia":null,"operator:type":null,"capacity":null,"building:levels":null,"addr:city":"Kota Bogor","wikidata":null,"jenjang":null,"alt_name":null,"addr:street":null,"addr:housenumber":null,"addr:housename":null,"name":"SMAS Bina Bangsa Sejahtera","addr:full":null,"barrier":null},"geometry":{"type":"Point","coordinates":[106.7445,-6.5697]}},
{"type":"Feature","properties":{"full_id":"n13438936728","osm_id":"13438936728","osm_type":"node","amenity":"school","ref":"20220357","education":"school","addr:subdistrict":"Marga Jaya","addr:province":null,"addr:district":"Bogor Barat","swing_gate:type":null,"entrance":null,"religion":null,"grades":null,"email":null,"phone":null,"name:en":null,"wheelchair":null,"building:structure":null,"building:roof":null,"building:material":null,"building:condition":null,"access:roof":null,"building":null,"operator":"Swasta","opening_hours":null,"addr:postcode":null,"school:type_idn":null,"nspn":null,"isced:level":null,"website":null,"school":null,"fee":null,"contact:phone":null,"contact:fax":null,"contact:email":null,"addr:country":null,"local_ref":null,"natural":null,"wikipedia":null,"operator:type":null,"capacity":null,"building:levels":null,"addr:city":"Kota Bogor","wikidata":null,"jenjang":null,"alt_name":null,"addr:street":null,"addr:housenumber":null,"addr:housename":null,"name":"SMP Yapsida","addr:full":null,"barrier":null},"geometry":{"type":"Point","coordinates":[106.7407,-6.5706]}},
{"type":"Feature","properties":{"full_id":"n13438936727","osm_id":"13438936727","osm_type":"node","amenity":"school","ref":"20220440","education":"school","addr:subdistrict":"Marga Jaya","addr:province":null,"addr:district":"Bogor Barat","swing_gate:type":null,"entrance":null,"religion":null,"grades":null,"email":null,"phone":null,"name:en":null,"wheelchair":null,"building:structure":null,"building:roof":null,"building:material":null,"building:condition":null,"access:roof":null,"building":null,"operator":"Negeri","opening_hours":null,"addr:postcode":null,"school:type_idn":null,"nspn":null,"isced:level":null,"website":null,"school":null,"fee":null,"contact:phone":null,"contact:fax":null,"contact:email":null,"addr:country":null,"local_ref":null,"natural":null,"wikipedia":null,"operator:type":null,"capacity":null,"building:levels":null,"addr:city":"Kota Bogor","wikidata":null,"jenjang":null,"alt_name":null,"addr:street":null,"addr:housenumber":null,"addr:housename":null,"name":"SD Negeri Margajaya 3","addr:full":null,"barrier":null},"geometry":{"type":"Point","coordinates":[106.7402,-6.5726]}},
{"type":"Feature","properties":{"full_id":"n13438936726","osm_id":"13438936726","osm_type":"node","amenity":"school","ref":"20238451","education":"school","addr:subdistrict":"Marga Jaya","addr:province":null,"addr:district":"Bogor Barat","swing_gate:type":null,"entrance":null,"religion":null,"grades":null,"email":null,"phone":null,"name:en":null,"wheelchair":null,"building:structure":null,"building:roof":null,"building:material":null,"building:condition":null,"access:roof":null,"building":null,"operator":"Negeri","opening_hours":null,"addr:postcode":null,"school:type_idn":null,"nspn":null,"isced:level":null,"website":null,"school":null,"fee":null,"contact:phone":null,"contact:fax":null,"contact:email":null,"addr:country":null,"local_ref":null,"natural":null,"wikipedia":null,"operator:type":null,"capacity":null,"building:levels":null,"addr:city":"Kota Bogor","wikidata":null,"jenjang":null,"alt_name":null,"addr:street":null,"addr:housenumber":null,"addr:housename":null,"name":"SD Negeri Margajaya 2","addr:full":null,"barrier":null},"geometry":{"type":"Point","coordinates":[106.7404,-6.5726]}},
{"type":"Feature","properties":{"full_id":"n13438936739","osm_id":"13438936739","osm_type":"node","amenity":"school","ref":"20220452","education":"school","addr:subdistrict":"Lawanggintung","addr:province":null,"addr:district":"Bogor Selatan","swing_gate:type":null,"entrance":null,"religion":null,"grades":null,"email":null,"phone":null,"name:en":null,"wheelchair":null,"building:structure":null,"building:roof":null,"building:material":null,"building:condition":null,"access:roof":null,"building":null,"operator":"Negeri","opening_hours":null,"addr:postcode":null,"school:type_idn":null,"nspn":null,"isced:level":null,"website":null,"school":null,"fee":null,"contact:phone":null,"contact:fax":null,"contact:email":null,"addr:country":null,"local_ref":null,"natural":null,"wikipedia":null,"operator:type":null,"capacity":null,"building:levels":null,"addr:city":"Kota Bogor","wikidata":null,"jenjang":null,"alt_name":null,"addr:street":null,"addr:housenumber":null,"addr:housename":null,"name":"SD Negeri Lawang Gintung 4","addr:full":null,"barrier":null},"geometry":{"type":"Point","coordinates":[106.8125833,-6.6230917]}},
{"type":"Feature","properties":{"full_id":"n13438936738","osm_id":"13438936738","osm_type":"node","amenity":"school","ref":"20220451","education":"school","addr:subdistrict":"Lawanggintung","addr:province":null,"addr:district":"Bogor Selatan","swing_gate:type":null,"entrance":null,"religion":null,"grades":null,"email":null,"phone":null,"name:en":null,"wheelchair":null,"building:structure":null,"building:roof":null,"building:material":null,"building:condition":null,"access:roof":null,"building":null,"operator":"Negeri","opening_hours":null,"addr:postcode":null,"school:type_idn":null,"nspn":null,"isced:level":null,"website":null,"school":null,"fee":null,"contact:phone":null,"contact:fax":null,"contact:email":null,"addr:country":null,"local_ref":null,"natural":null,"wikipedia":null,"operator:type":null,"capacity":null,"building:levels":null,"addr:city":"Kota Bogor","wikidata":null,"jenjang":null,"alt_name":null,"addr:street":null,"addr:housenumber":null,"addr:housename":null,"name":"SD Negeri Lawang Gintung 2","addr:full":null,"barrier":null},"geometry":{"type":"Point","coordinates":[106.812655,-6.621229]}},
{"type":"Feature","properties":{"full_id":"n13438936737","osm_id":"13438936737","osm_type":"node","amenity":"school","ref":"20220369","education":"school","addr:subdistrict":"Lawanggintung","addr:province":null,"addr:district":"Bogor Selatan","swing_gate:type":null,"entrance":null,"religion":null,"grades":null,"email":null,"phone":null,"name:en":null,"wheelchair":null,"building:structure":null,"building:roof":null,"building:material":null,"building:condition":null,"access:roof":null,"building":null,"operator":"Swasta","opening_hours":null,"addr:postcode":null,"school:type_idn":null,"nspn":null,"isced:level":null,"website":null,"school":null,"fee":null,"contact:phone":null,"contact:fax":null,"contact:email":null,"addr:country":null,"local_ref":null,"natural":null,"wikipedia":null,"operator:type":null,"capacity":null,"building:levels":null,"addr:city":"Kota Bogor","wikidata":null,"jenjang":null,"alt_name":null,"addr:street":null,"addr:housenumber":null,"addr:housename":null,"name":"SMP Sapta Marga","addr:full":null,"barrier":null},"geometry":{"type":"Point","coordinates":[106.8126733,-6.6231033]}},
{"type":"Feature","properties":{"full_id":"n13438936732","osm_id":"13438936732","osm_type":"node","amenity":"school","ref":"20220478","education":"school","addr:subdistrict":"Kertamaya","addr:province":null,"addr:district":"Bogor Selatan","swing_gate:type":null,"entrance":null,"religion":null,"grades":null,"email":null,"phone":null,"name:en":null,"wheelchair":null,"building:structure":null,"building:roof":null,"building:material":null,"building:condition":null,"access:roof":null,"building":null,"operator":"Negeri","opening_hours":null,"addr:postcode":null,"school:type_idn":null,"nspn":null,"isced:level":null,"website":null,"school":null,"fee":null,"contact:phone":null,"contact:fax":null,"contact:email":null,"addr:country":null,"local_ref":null,"natural":null,"wikipedia":null,"operator:type":null,"capacity":null,"building:levels":null,"addr:city":"Kota Bogor","wikidata":null,"jenjang":null,"alt_name":null,"addr:street":null,"addr:housenumber":null,"addr:housename":null,"name":"SD Negeri Kertamaya","addr:full":null,"barrier":null},"geometry":{"type":"Point","coordinates":[106.8267317,-6.65001]}},
{"type":"Feature","properties":{"full_id":"n13438936743","osm_id":"13438936743","osm_type":"node","amenity":"school","ref":"20220505","education":"school","addr:subdistrict":"Kedung Waringin","addr:province":null,"addr:district":"Tanah Sareal","swing_gate:type":null,"entrance":null,"religion":null,"grades":null,"email":null,"phone":null,"name:en":null,"wheelchair":null,"building:structure":null,"building:roof":null,"building:material":null,"building:condition":null,"access:roof":null,"building":null,"operator":"Negeri","opening_hours":null,"addr:postcode":null,"school:type_idn":null,"nspn":null,"isced:level":null,"website":null,"school":null,"fee":null,"contact:phone":null,"contact:fax":null,"contact:email":null,"addr:country":null,"local_ref":null,"natural":null,"wikipedia":null,"operator:type":null,"capacity":null,"building:levels":null,"addr:city":"Kota Bogor","wikidata":null,"jenjang":null,"alt_name":null,"addr:street":null,"addr:housenumber":null,"addr:housename":null,"name":"SD Negeri Kedung Waringin","addr:full":null,"barrier":null},"geometry":{"type":"Point","coordinates":[106.7786,-6.5597]}},
{"type":"Feature","properties":{"full_id":"n13438936742","osm_id":"13438936742","osm_type":"node","amenity":"school","ref":"20269437","education":"school","addr:subdistrict":"Kedung Waringin","addr:province":null,"addr:district":"Tanah Sareal","swing_gate:type":null,"entrance":null,"religion":null,"grades":null,"email":null,"phone":null,"name:en":null,"wheelchair":null,"building:structure":null,"building:roof":null,"building:material":null,"building:condition":null,"access:roof":null,"building":null,"operator":"Swasta","opening_hours":null,"addr:postcode":null,"school:type_idn":null,"nspn":null,"isced:level":null,"website":null,"school":null,"fee":null,"contact:phone":null,"contact:fax":null,"contact:email":null,"addr:country":null,"local_ref":null,"natural":null,"wikipedia":null,"operator:type":null,"capacity":null,"building:levels":null,"addr:city":"Kota Bogor","wikidata":null,"jenjang":null,"alt_name":null,"addr:street":null,"addr:housenumber":null,"addr:housename":null,"name":"SD Kreativa","addr:full":null,"barrier":null},"geometry":{"type":"Point","coordinates":[106.7828,-6.566]}},
{"type":"Feature","properties":{"full_id":"n13438936741","osm_id":"13438936741","osm_type":"node","amenity":"school","ref":"20238495","education":"school","addr:subdistrict":"Kedung Waringin","addr:province":null,"addr:district":"Tanah Sareal","swing_gate:type":null,"entrance":null,"religion":null,"grades":null,"email":null,"phone":null,"name:en":null,"wheelchair":null,"building:structure":null,"building:roof":null,"building:material":null,"building:condition":null,"access:roof":null,"building":null,"operator":"Swasta","opening_hours":null,"addr:postcode":null,"school:type_idn":null,"nspn":null,"isced:level":null,"website":null,"school":null,"fee":null,"contact:phone":null,"contact:fax":null,"contact:email":null,"addr:country":null,"local_ref":null,"natural":null,"wikipedia":null,"operator:type":null,"capacity":null,"building:levels":null,"addr:city":"Kota Bogor","wikidata":null,"jenjang":null,"alt_name":null,"addr:street":null,"addr:housenumber":null,"addr:housename":null,"name":"SMPIT Abn","addr:full":null,"barrier":null},"geometry":{"type":"Point","coordinates":[106.785,-6.5666]}},
{"type":"Feature","properties":{"full_id":"n13438936740","osm_id":"13438936740","osm_type":"node","amenity":"school","ref":"20220450","education":"school","addr:subdistrict":"Lawanggintung","addr:province":null,"addr:district":"Bogor Selatan","swing_gate:type":null,"entrance":null,"religion":null,"grades":null,"email":null,"phone":null,"name:en":null,"wheelchair":null,"building:structure":null,"building:roof":null,"building:material":null,"building:condition":null,"access:roof":null,"building":null,"operator":"Negeri","opening_hours":null,"addr:postcode":null,"school:type_idn":null,"nspn":null,"isced:level":null,"website":null,"school":null,"fee":null,"contact:phone":null,"contact:fax":null,"contact:email":null,"addr:country":null,"local_ref":null,"natural":null,"wikipedia":null,"operator:type":null,"capacity":null,"building:levels":null,"addr:city":"Kota Bogor","wikidata":null,"jenjang":null,"alt_name":null,"addr:street":null,"addr:housenumber":null,"addr:housename":null,"name":"SD Negeri Lawang Gintung 1","addr:full":null,"barrier":null},"geometry":{"type":"Point","coordinates":[106.81238,-6.622484]}},
{"type":"Feature","properties":{"full_id":"n13438936803","osm_id":"13438936803","osm_type":"node","amenity":"school","ref":"20220285","education":"school","addr:subdistrict":"Kebon Kalapa","addr:province":null,"addr:district":"Bogor Tengah","swing_gate:type":null,"entrance":null,"religion":null,"grades":null,"email":null,"phone":null,"name:en":null,"wheelchair":null,"building:structure":null,"building:roof":null,"building:material":null,"building:condition":null,"access:roof":null,"building":null,"operator":"Swasta","opening_hours":null,"addr:postcode":null,"school:type_idn":null,"nspn":null,"isced:level":null,"website":null,"school":null,"fee":null,"contact:phone":null,"contact:fax":null,"contact:email":null,"addr:country":null,"local_ref":null,"natural":null,"wikipedia":null,"operator:type":null,"capacity":null,"building:levels":null,"addr:city":"Kota Bogor","wikidata":null,"jenjang":null,"alt_name":null,"addr:street":null,"addr:housenumber":null,"addr:housename":null,"name":"SMKS Bina Sejahtera 1 Bogor","addr:full":null,"barrier":null},"geometry":{"type":"Point","coordinates":[106.7807,-6.5919]}},
{"type":"Feature","properties":{"full_id":"n13438936802","osm_id":"13438936802","osm_type":"node","amenity":"school","ref":"20220296","education":"school","addr:subdistrict":"Kebon Kalapa","addr:province":null,"addr:district":"Bogor Tengah","swing_gate:type":null,"entrance":null,"religion":null,"grades":null,"email":null,"phone":null,"name:en":null,"wheelchair":null,"building:structure":null,"building:roof":null,"building:material":null,"building:condition":null,"access:roof":null,"building":null,"operator":"Swasta","opening_hours":null,"addr:postcode":null,"school:type_idn":null,"nspn":null,"isced:level":null,"website":null,"school":null,"fee":null,"contact:phone":null,"contact:fax":null,"contact:email":null,"addr:country":null,"local_ref":null,"natural":null,"wikipedia":null,"operator:type":null,"capacity":null,"building:levels":null,"addr:city":"Kota Bogor","wikidata":null,"jenjang":null,"alt_name":null,"addr:street":null,"addr:housenumber":null,"addr:housename":null,"name":"SMKS Yza 3 Bogor","addr:full":null,"barrier":null},"geometry":{"type":"Point","coordinates":[106.7836,-6.5875]}},
{"type":"Feature","properties":{"full_id":"n13438936801","osm_id":"13438936801","osm_type":"node","amenity":"school","ref":"20220532","education":"school","addr:subdistrict":"Kebon Kalapa","addr:province":null,"addr:district":"Bogor Tengah","swing_gate:type":null,"entrance":null,"religion":null,"grades":null,"email":null,"phone":null,"name:en":null,"wheelchair":null,"building:structure":null,"building:roof":null,"building:material":null,"building:condition":null,"access:roof":null,"building":null,"operator":"Negeri","opening_hours":null,"addr:postcode":null,"school:type_idn":null,"nspn":null,"isced:level":null,"website":null,"school":null,"fee":null,"contact:phone":null,"contact:fax":null,"contact:email":null,"addr:country":null,"local_ref":null,"natural":null,"wikipedia":null,"operator:type":null,"capacity":null,"building:levels":null,"addr:city":"Kota Bogor","wikidata":null,"jenjang":null,"alt_name":null,"addr:street":null,"addr:housenumber":null,"addr:housename":null,"name":"SD Negeri Sindangsari (boteng)","addr:full":null,"barrier":null},"geometry":{"type":"Point","coordinates":[106.7811,-6.5902]}},
{"type":"Feature","properties":{"full_id":"n13438936744","osm_id":"13438936744","osm_type":"node","amenity":"school","ref":"20220412","education":"school","addr:subdistrict":"Kedung Waringin","addr:province":null,"addr:district":"Tanah Sareal","swing_gate:type":null,"entrance":null,"religion":null,"grades":null,"email":null,"phone":null,"name:en":null,"wheelchair":null,"building:structure":null,"building:roof":null,"building:material":null,"building:condition":null,"access:roof":null,"building":null,"operator":"Swasta","opening_hours":null,"addr:postcode":null,"school:type_idn":null,"nspn":null,"isced:level":null,"website":null,"school":null,"fee":null,"contact:phone":null,"contact:fax":null,"contact:email":null,"addr:country":null,"local_ref":null,"natural":null,"wikipedia":null,"operator:type":null,"capacity":null,"building:levels":null,"addr:city":"Kota Bogor","wikidata":null,"jenjang":null,"alt_name":null,"addr:street":null,"addr:housenumber":null,"addr:housename":null,"name":"SMP Bina Greha","addr:full":null,"barrier":null},"geometry":{"type":"Point","coordinates":[106.7827,-6.5668]}},
{"type":"Feature","properties":{"full_id":"n13438936807","osm_id":"13438936807","osm_type":"node","amenity":"school","ref":"20220434","education":"school","addr:subdistrict":"Kebon Kalapa","addr:province":null,"addr:district":"Bogor Tengah","swing_gate:type":null,"entrance":null,"religion":null,"grades":null,"email":null,"phone":null,"name:en":null,"wheelchair":null,"building:structure":null,"building:roof":null,"building:material":null,"building:condition":null,"access:roof":null,"building":null,"operator":"Swasta","opening_hours":null,"addr:postcode":null,"school:type_idn":null,"nspn":null,"isced:level":null,"website":null,"school":null,"fee":null,"contact:phone":null,"contact:fax":null,"contact:email":null,"addr:country":null,"local_ref":null,"natural":null,"wikipedia":null,"operator:type":null,"capacity":null,"building:levels":null,"addr:city":"Kota Bogor","wikidata":null,"jenjang":null,"alt_name":null,"addr:street":null,"addr:housenumber":null,"addr:housename":null,"name":"SMP Al Ghazaly Bogor","addr:full":null,"barrier":null},"geometry":{"type":"Point","coordinates":[106.785,-6.59]}},
{"type":"Feature","properties":{"full_id":"n13438936806","osm_id":"13438936806","osm_type":"node","amenity":"school","ref":"20220348;20220301","education":"school","addr:subdistrict":"Kebon Kalapa","addr:province":null,"addr:district":"Bogor Tengah","swing_gate:type":null,"entrance":null,"religion":null,"grades":null,"email":null,"phone":null,"name:en":null,"wheelchair":null,"building:structure":null,"building:roof":null,"building:material":null,"building:condition":null,"access:roof":null,"building":null,"operator":"Swasta","opening_hours":null,"addr:postcode":null,"school:type_idn":null,"nspn":null,"isced:level":null,"website":null,"school":null,"fee":null,"contact:phone":null,"contact:fax":null,"contact:email":null,"addr:country":null,"local_ref":null,"natural":null,"wikipedia":null,"operator:type":null,"capacity":null,"building:levels":null,"addr:city":"Kota Bogor","wikidata":null,"jenjang":null,"alt_name":null,"addr:street":null,"addr:housenumber":null,"addr:housename":null,"name":"SMAS Taruna Andigha;SMKS Taruna Andigha","addr:full":null,"barrier":null},"geometry":{"type":"Point","coordinates":[106.7855,-6.5947]}},
{"type":"Feature","properties":{"full_id":"n13438936805","osm_id":"13438936805","osm_type":"node","amenity":"school","ref":"20220405","education":"school","addr:subdistrict":"Kebon Kalapa","addr:province":null,"addr:district":"Bogor Tengah","swing_gate:type":null,"entrance":null,"religion":null,"grades":null,"email":null,"phone":null,"name:en":null,"wheelchair":null,"building:structure":null,"building:roof":null,"building:material":null,"building:condition":null,"access:roof":null,"building":null,"operator":"Swasta","opening_hours":null,"addr:postcode":null,"school:type_idn":null,"nspn":null,"isced:level":null,"website":null,"school":null,"fee":null,"contact:phone":null,"contact:fax":null,"contact:email":null,"addr:country":null,"local_ref":null,"natural":null,"wikipedia":null,"operator:type":null,"capacity":null,"building:levels":null,"addr:city":"Kota Bogor","wikidata":null,"jenjang":null,"alt_name":null,"addr:street":null,"addr:housenumber":null,"addr:housename":null,"name":"SMP Bina Sejahtera","addr:full":null,"barrier":null},"geometry":{"type":"Point","coordinates":[106.7805,-6.5914]}},
{"type":"Feature","properties":{"full_id":"n13438936804","osm_id":"13438936804","osm_type":"node","amenity":"school","ref":"20219979","education":"school","addr:subdistrict":"Kebon Kalapa","addr:province":null,"addr:district":"Bogor Tengah","swing_gate:type":null,"entrance":null,"religion":null,"grades":null,"email":null,"phone":null,"name:en":null,"wheelchair":null,"building:structure":null,"building:roof":null,"building:material":null,"building:condition":null,"access:roof":null,"building":null,"operator":"Swasta","opening_hours":null,"addr:postcode":null,"school:type_idn":null,"nspn":null,"isced:level":null,"website":null,"school":null,"fee":null,"contact:phone":null,"contact:fax":null,"contact:email":null,"addr:country":null,"local_ref":null,"natural":null,"wikipedia":null,"operator:type":null,"capacity":null,"building:levels":null,"addr:city":"Kota Bogor","wikidata":null,"jenjang":null,"alt_name":null,"addr:street":null,"addr:housenumber":null,"addr:housename":null,"name":"SD Al Ghazaly","addr:full":null,"barrier":null},"geometry":{"type":"Point","coordinates":[106.7847,-6.5898]}},
{"type":"Feature","properties":{"full_id":"n13438936819","osm_id":"13438936819","osm_type":"node","amenity":"school","ref":"69925772","education":"school","addr:subdistrict":"Harjasari","addr:province":null,"addr:district":"Bogor Selatan","swing_gate:type":null,"entrance":null,"religion":null,"grades":null,"email":null,"phone":null,"name:en":null,"wheelchair":null,"building:structure":null,"building:roof":null,"building:material":null,"building:condition":null,"access:roof":null,"building":null,"operator":"Swasta","opening_hours":null,"addr:postcode":null,"school:type_idn":null,"nspn":null,"isced:level":null,"website":null,"school":null,"fee":null,"contact:phone":null,"contact:fax":null,"contact:email":null,"addr:country":null,"local_ref":null,"natural":null,"wikipedia":null,"operator:type":null,"capacity":null,"building:levels":null,"addr:city":"Kota Bogor","wikidata":null,"jenjang":null,"alt_name":null,"addr:street":null,"addr:housenumber":null,"addr:housename":null,"name":"SDIT Permata Bunda","addr:full":null,"barrier":null},"geometry":{"type":"Point","coordinates":[106.8441867,-6.6564217]}},
{"type":"Feature","properties":{"full_id":"n13438936810","osm_id":"13438936810","osm_type":"node","amenity":"school","ref":"20220323","education":"school","addr:subdistrict":"Kebon Kalapa","addr:province":null,"addr:district":"Bogor Tengah","swing_gate:type":null,"entrance":null,"religion":null,"grades":null,"email":null,"phone":null,"name:en":null,"wheelchair":null,"building:structure":null,"building:roof":null,"building:material":null,"building:condition":null,"access:roof":null,"building":null,"operator":"Swasta","opening_hours":null,"addr:postcode":null,"school:type_idn":null,"nspn":null,"isced:level":null,"website":null,"school":null,"fee":null,"contact:phone":null,"contact:fax":null,"contact:email":null,"addr:country":null,"local_ref":null,"natural":null,"wikipedia":null,"operator:type":null,"capacity":null,"building:levels":null,"addr:city":"Kota Bogor","wikidata":null,"jenjang":null,"alt_name":null,"addr:street":null,"addr:housenumber":null,"addr:housename":null,"name":"SMAS Bina Sejahtera","addr:full":null,"barrier":null},"geometry":{"type":"Point","coordinates":[106.7808,-6.5919]}},
{"type":"Feature","properties":{"full_id":"n13438936809","osm_id":"13438936809","osm_type":"node","amenity":"school","ref":"20220374","education":"school","addr:subdistrict":"Kebon Kalapa","addr:province":null,"addr:district":"Bogor Tengah","swing_gate:type":null,"entrance":null,"religion":null,"grades":null,"email":null,"phone":null,"name:en":null,"wheelchair":null,"building:structure":null,"building:roof":null,"building:material":null,"building:condition":null,"access:roof":null,"building":null,"operator":"Swasta","opening_hours":null,"addr:postcode":null,"school:type_idn":null,"nspn":null,"isced:level":null,"website":null,"school":null,"fee":null,"contact:phone":null,"contact:fax":null,"contact:email":null,"addr:country":null,"local_ref":null,"natural":null,"wikipedia":null,"operator:type":null,"capacity":null,"building:levels":null,"addr:city":"Kota Bogor","wikidata":null,"jenjang":null,"alt_name":null,"addr:street":null,"addr:housenumber":null,"addr:housename":null,"name":"SMP Yza 2","addr:full":null,"barrier":null},"geometry":{"type":"Point","coordinates":[106.784,-6.5875]}},
{"type":"Feature","properties":{"full_id":"n13438936808","osm_id":"13438936808","osm_type":"node","amenity":"school","ref":"20220545","education":"school","addr:subdistrict":"Kebon Kalapa","addr:province":null,"addr:district":"Bogor Tengah","swing_gate:type":null,"entrance":null,"religion":null,"grades":null,"email":null,"phone":null,"name:en":null,"wheelchair":null,"building:structure":null,"building:roof":null,"building:material":null,"building:condition":null,"access:roof":null,"building":null,"operator":"Swasta","opening_hours":null,"addr:postcode":null,"school:type_idn":null,"nspn":null,"isced:level":null,"website":null,"school":null,"fee":null,"contact:phone":null,"contact:fax":null,"contact:email":null,"addr:country":null,"local_ref":null,"natural":null,"wikipedia":null,"operator:type":null,"capacity":null,"building:levels":null,"addr:city":"Kota Bogor","wikidata":null,"jenjang":null,"alt_name":null,"addr:street":null,"addr:housenumber":null,"addr:housename":null,"name":"SMAS Al Ghazaly","addr:full":null,"barrier":null},"geometry":{"type":"Point","coordinates":[106.785,-6.5894]}},
{"type":"Feature","properties":{"full_id":"n13438936823","osm_id":"13438936823","osm_type":"node","amenity":"school","ref":"20220038","education":"school","addr:subdistrict":"Harjasari","addr:province":null,"addr:district":"Bogor Selatan","swing_gate:type":null,"entrance":null,"religion":null,"grades":null,"email":null,"phone":null,"name:en":null,"wheelchair":null,"building:structure":null,"building:roof":null,"building:material":null,"building:condition":null,"access:roof":null,"building":null,"operator":"Negeri","opening_hours":null,"addr:postcode":null,"school:type_idn":null,"nspn":null,"isced:level":null,"website":null,"school":null,"fee":null,"contact:phone":null,"contact:fax":null,"contact:email":null,"addr:country":null,"local_ref":null,"natural":null,"wikipedia":null,"operator:type":null,"capacity":null,"building:levels":null,"addr:city":"Kota Bogor","wikidata":null,"jenjang":null,"alt_name":null,"addr:street":null,"addr:housenumber":null,"addr:housename":null,"name":"SD Negeri Harjasari I","addr:full":null,"barrier":null},"geometry":{"type":"Point","coordinates":[106.8448117,-6.6562483]}},
{"type":"Feature","properties":{"full_id":"n13438936822","osm_id":"13438936822","osm_type":"node","amenity":"school","ref":"20238539","education":"school","addr:subdistrict":"Harjasari","addr:province":null,"addr:district":"Bogor Selatan","swing_gate:type":null,"entrance":null,"religion":null,"grades":null,"email":null,"phone":null,"name:en":null,"wheelchair":null,"building:structure":null,"building:roof":null,"building:material":null,"building:condition":null,"access:roof":null,"building":null,"operator":"Swasta","opening_hours":null,"addr:postcode":null,"school:type_idn":null,"nspn":null,"isced:level":null,"website":null,"school":null,"fee":null,"contact:phone":null,"contact:fax":null,"contact:email":null,"addr:country":null,"local_ref":null,"natural":null,"wikipedia":null,"operator:type":null,"capacity":null,"building:levels":null,"addr:city":"Kota Bogor","wikidata":null,"jenjang":null,"alt_name":null,"addr:street":null,"addr:housenumber":null,"addr:housename":null,"name":"SMKS Sagamulia","addr:full":null,"barrier":null},"geometry":{"type":"Point","coordinates":[106.8455,-6.6696]}},
{"type":"Feature","properties":{"full_id":"n13438936821","osm_id":"13438936821","osm_type":"node","amenity":"school","ref":"20238476","education":"school","addr:subdistrict":"Harjasari","addr:province":null,"addr:district":"Bogor Selatan","swing_gate:type":null,"entrance":null,"religion":null,"grades":null,"email":null,"phone":null,"name:en":null,"wheelchair":null,"building:structure":null,"building:roof":null,"building:material":null,"building:condition":null,"access:roof":null,"building":null,"operator":"Swasta","opening_hours":null,"addr:postcode":null,"school:type_idn":null,"nspn":null,"isced:level":null,"website":null,"school":null,"fee":null,"contact:phone":null,"contact:fax":null,"contact:email":null,"addr:country":null,"local_ref":null,"natural":null,"wikipedia":null,"operator:type":null,"capacity":null,"building:levels":null,"addr:city":"Kota Bogor","wikidata":null,"jenjang":null,"alt_name":null,"addr:street":null,"addr:housenumber":null,"addr:housename":null,"name":"SLB Fitria","addr:full":null,"barrier":null},"geometry":{"type":"Point","coordinates":[106.8447967,-6.6557817]}},
{"type":"Feature","properties":{"full_id":"n13438936820","osm_id":"13438936820","osm_type":"node","amenity":"school","ref":"20220269","education":"school","addr:subdistrict":"Harjasari","addr:province":null,"addr:district":"Bogor Selatan","swing_gate:type":null,"entrance":null,"religion":null,"grades":null,"email":null,"phone":null,"name:en":null,"wheelchair":null,"building:structure":null,"building:roof":null,"building:material":null,"building:condition":null,"access:roof":null,"building":null,"operator":"Negeri","opening_hours":null,"addr:postcode":null,"school:type_idn":null,"nspn":null,"isced:level":null,"website":null,"school":null,"fee":null,"contact:phone":null,"contact:fax":null,"contact:email":null,"addr:country":null,"local_ref":null,"natural":null,"wikipedia":null,"operator:type":null,"capacity":null,"building:levels":null,"addr:city":"Kota Bogor","wikidata":null,"jenjang":null,"alt_name":null,"addr:street":null,"addr:housenumber":null,"addr:housename":null,"name":"SD Negeri Harjasari II","addr:full":null,"barrier":null},"geometry":{"type":"Point","coordinates":[106.8422917,-6.661275]}},
{"type":"Feature","properties":{"full_id":"n13438936841","osm_id":"13438936841","osm_type":"node","amenity":"school","ref":"20238502","education":"school","addr:subdistrict":"Katulampa","addr:province":null,"addr:district":"Bogor Timur","swing_gate:type":null,"entrance":null,"religion":null,"grades":null,"email":null,"phone":null,"name:en":null,"wheelchair":null,"building:structure":null,"building:roof":null,"building:material":null,"building:condition":null,"access:roof":null,"building":null,"operator":"Swasta","opening_hours":null,"addr:postcode":null,"school:type_idn":null,"nspn":null,"isced:level":null,"website":null,"school":null,"fee":null,"contact:phone":null,"contact:fax":null,"contact:email":null,"addr:country":null,"local_ref":null,"natural":null,"wikipedia":null,"operator:type":null,"capacity":null,"building:levels":null,"addr:city":"Kota Bogor","wikidata":null,"jenjang":null,"alt_name":null,"addr:street":null,"addr:housenumber":null,"addr:housename":null,"name":"SMP PGRI 15 Bogor","addr:full":null,"barrier":null},"geometry":{"type":"Point","coordinates":[106.8254133,-6.6233933]}},
{"type":"Feature","properties":{"full_id":"n13438936840","osm_id":"13438936840","osm_type":"node","amenity":"school","ref":"69786777","education":"school","addr:subdistrict":"Katulampa","addr:province":null,"addr:district":"Bogor Timur","swing_gate:type":null,"entrance":null,"religion":null,"grades":null,"email":null,"phone":null,"name:en":null,"wheelchair":null,"building:structure":null,"building:roof":null,"building:material":null,"building:condition":null,"access:roof":null,"building":null,"operator":"Swasta","opening_hours":null,"addr:postcode":null,"school:type_idn":null,"nspn":null,"isced:level":null,"website":null,"school":null,"fee":null,"contact:phone":null,"contact:fax":null,"contact:email":null,"addr:country":null,"local_ref":null,"natural":null,"wikipedia":null,"operator:type":null,"capacity":null,"building:levels":null,"addr:city":"Kota Bogor","wikidata":null,"jenjang":null,"alt_name":null,"addr:street":null,"addr:housenumber":null,"addr:housename":null,"name":"SDI Ibnu Hajar","addr:full":null,"barrier":null},"geometry":{"type":"Point","coordinates":[106.828507,-6.627818]}},
{"type":"Feature","properties":{"full_id":"n13438936839","osm_id":"13438936839","osm_type":"node","amenity":"school","ref":"69992568","education":"school","addr:subdistrict":"Katulampa","addr:province":null,"addr:district":"Bogor Timur","swing_gate:type":null,"entrance":null,"religion":null,"grades":null,"email":null,"phone":null,"name:en":null,"wheelchair":null,"building:structure":null,"building:roof":null,"building:material":null,"building:condition":null,"access:roof":null,"building":null,"operator":"Swasta","opening_hours":null,"addr:postcode":null,"school:type_idn":null,"nspn":null,"isced:level":null,"website":null,"school":null,"fee":null,"contact:phone":null,"contact:fax":null,"contact:email":null,"addr:country":null,"local_ref":null,"natural":null,"wikipedia":null,"operator:type":null,"capacity":null,"building:levels":null,"addr:city":"Kota Bogor","wikidata":null,"jenjang":null,"alt_name":null,"addr:street":null,"addr:housenumber":null,"addr:housename":null,"name":"SMP Sekolah Islam Ibnu Hajar","addr:full":null,"barrier":null},"geometry":{"type":"Point","coordinates":[106.8291,-6.6272]}},
{"type":"Feature","properties":{"full_id":"n13438936838","osm_id":"13438936838","osm_type":"node","amenity":"school","ref":"69768300","education":"school","addr:subdistrict":"Katulampa","addr:province":null,"addr:district":"Bogor Timur","swing_gate:type":null,"entrance":null,"religion":null,"grades":null,"email":null,"phone":null,"name:en":null,"wheelchair":null,"building:structure":null,"building:roof":null,"building:material":null,"building:condition":null,"access:roof":null,"building":null,"operator":"Swasta","opening_hours":null,"addr:postcode":null,"school:type_idn":null,"nspn":null,"isced:level":null,"website":null,"school":null,"fee":null,"contact:phone":null,"contact:fax":null,"contact:email":null,"addr:country":null,"local_ref":null,"natural":null,"wikipedia":null,"operator:type":null,"capacity":null,"building:levels":null,"addr:city":"Kota Bogor","wikidata":null,"jenjang":null,"alt_name":null,"addr:street":null,"addr:housenumber":null,"addr:housename":null,"name":"SMKS Bina Putera Bogor","addr:full":null,"barrier":null},"geometry":{"type":"Point","coordinates":[106.8331083,-6.6310567]}},
{"type":"Feature","properties":{"full_id":"n13438936845","osm_id":"13438936845","osm_type":"node","amenity":"school","ref":"20220497","education":"school","addr:subdistrict":"Katulampa","addr:province":null,"addr:district":"Bogor Timur","swing_gate:type":null,"entrance":null,"religion":null,"grades":null,"email":null,"phone":null,"name:en":null,"wheelchair":null,"building:structure":null,"building:roof":null,"building:material":null,"building:condition":null,"access:roof":null,"building":null,"operator":"Negeri","opening_hours":null,"addr:postcode":null,"school:type_idn":null,"nspn":null,"isced:level":null,"website":null,"school":null,"fee":null,"contact:phone":null,"contact:fax":null,"contact:email":null,"addr:country":null,"local_ref":null,"natural":null,"wikipedia":null,"operator:type":null,"capacity":null,"building:levels":null,"addr:city":"Kota Bogor","wikidata":null,"jenjang":null,"alt_name":null,"addr:street":null,"addr:housenumber":null,"addr:housename":null,"name":"SD Negeri Katulampa 3","addr:full":null,"barrier":null},"geometry":{"type":"Point","coordinates":[106.8313417,-6.6301267]}},
{"type":"Feature","properties":{"full_id":"n13438936844","osm_id":"13438936844","osm_type":"node","amenity":"school","ref":"20220495","education":"school","addr:subdistrict":"Katulampa","addr:province":null,"addr:district":"Bogor Timur","swing_gate:type":null,"entrance":null,"religion":null,"grades":null,"email":null,"phone":null,"name:en":null,"wheelchair":null,"building:structure":null,"building:roof":null,"building:material":null,"building:condition":null,"access:roof":null,"building":null,"operator":"Negeri","opening_hours":null,"addr:postcode":null,"school:type_idn":null,"nspn":null,"isced:level":null,"website":null,"school":null,"fee":null,"contact:phone":null,"contact:fax":null,"contact:email":null,"addr:country":null,"local_ref":null,"natural":null,"wikipedia":null,"operator:type":null,"capacity":null,"building:levels":null,"addr:city":"Kota Bogor","wikidata":null,"jenjang":null,"alt_name":null,"addr:street":null,"addr:housenumber":null,"addr:housename":null,"name":"SD Negeri Katulampa 1","addr:full":null,"barrier":null},"geometry":{"type":"Point","coordinates":[106.825725,-6.6234017]}},
{"type":"Feature","properties":{"full_id":"n13438936843","osm_id":"13438936843","osm_type":"node","amenity":"school","ref":"20269193","education":"school","addr:subdistrict":"Katulampa","addr:province":null,"addr:district":"Bogor Timur","swing_gate:type":null,"entrance":null,"religion":null,"grades":null,"email":null,"phone":null,"name:en":null,"wheelchair":null,"building:structure":null,"building:roof":null,"building:material":null,"building:condition":null,"access:roof":null,"building":null,"operator":"Swasta","opening_hours":null,"addr:postcode":null,"school:type_idn":null,"nspn":null,"isced:level":null,"website":null,"school":null,"fee":null,"contact:phone":null,"contact:fax":null,"contact:email":null,"addr:country":null,"local_ref":null,"natural":null,"wikipedia":null,"operator:type":null,"capacity":null,"building:levels":null,"addr:city":"Kota Bogor","wikidata":null,"jenjang":null,"alt_name":null,"addr:street":null,"addr:housenumber":null,"addr:housename":null,"name":"SMP Amal Kasih","addr:full":null,"barrier":null},"geometry":{"type":"Point","coordinates":[106.830608,-6.597525]}},
{"type":"Feature","properties":{"full_id":"n13438936842","osm_id":"13438936842","osm_type":"node","amenity":"school","ref":"20220349","education":"school","addr:subdistrict":"Katulampa","addr:province":null,"addr:district":"Bogor Timur","swing_gate:type":null,"entrance":null,"religion":null,"grades":null,"email":null,"phone":null,"name:en":null,"wheelchair":null,"building:structure":null,"building:roof":null,"building:material":null,"building:condition":null,"access:roof":null,"building":null,"operator":"Swasta","opening_hours":null,"addr:postcode":null,"school:type_idn":null,"nspn":null,"isced:level":null,"website":null,"school":null,"fee":null,"contact:phone":null,"contact:fax":null,"contact:email":null,"addr:country":null,"local_ref":null,"natural":null,"wikipedia":null,"operator:type":null,"capacity":null,"building:levels":null,"addr:city":"Kota Bogor","wikidata":null,"jenjang":null,"alt_name":null,"addr:street":null,"addr:housenumber":null,"addr:housename":null,"name":"SMAS Yasih","addr:full":null,"barrier":null},"geometry":{"type":"Point","coordinates":[106.829777,-6.613189]}},
{"type":"Feature","properties":{"full_id":"n13438936849","osm_id":"13438936849","osm_type":"node","amenity":"school","ref":"20238519","education":"school","addr:subdistrict":"Katulampa","addr:province":null,"addr:district":"Bogor Timur","swing_gate:type":null,"entrance":null,"religion":null,"grades":null,"email":null,"phone":null,"name:en":null,"wheelchair":null,"building:structure":null,"building:roof":null,"building:material":null,"building:condition":null,"access:roof":null,"building":null,"operator":"Swasta","opening_hours":null,"addr:postcode":null,"school:type_idn":null,"nspn":null,"isced:level":null,"website":null,"school":null,"fee":null,"contact:phone":null,"contact:fax":null,"contact:email":null,"addr:country":null,"local_ref":null,"natural":null,"wikipedia":null,"operator:type":null,"capacity":null,"building:levels":null,"addr:city":"Kota Bogor","wikidata":null,"jenjang":null,"alt_name":null,"addr:street":null,"addr:housenumber":null,"addr:housename":null,"name":"SMAS PGRI 5","addr:full":null,"barrier":null},"geometry":{"type":"Point","coordinates":[106.8254617,-6.6233183]}},
{"type":"Feature","properties":{"full_id":"n13438936848","osm_id":"13438936848","osm_type":"node","amenity":"school","ref":"20220383","education":"school","addr:subdistrict":"Katulampa","addr:province":null,"addr:district":"Bogor Timur","swing_gate:type":null,"entrance":null,"religion":null,"grades":null,"email":null,"phone":null,"name:en":null,"wheelchair":null,"building:structure":null,"building:roof":null,"building:material":null,"building:condition":null,"access:roof":null,"building":null,"operator":"Negeri","opening_hours":null,"addr:postcode":null,"school:type_idn":null,"nspn":null,"isced:level":null,"website":null,"school":null,"fee":null,"contact:phone":null,"contact:fax":null,"contact:email":null,"addr:country":null,"local_ref":null,"natural":null,"wikipedia":null,"operator:type":null,"capacity":null,"building:levels":null,"addr:city":"Kota Bogor","wikidata":null,"jenjang":null,"alt_name":null,"addr:street":null,"addr:housenumber":null,"addr:housename":null,"name":"SMP Negeri 18 Kota Bogor","addr:full":null,"barrier":null},"geometry":{"type":"Point","coordinates":[106.8259133,-6.611985]}},
{"type":"Feature","properties":{"full_id":"n13438936847","osm_id":"13438936847","osm_type":"node","amenity":"school","ref":"20238467","education":"school","addr:subdistrict":"Katulampa","addr:province":null,"addr:district":"Bogor Timur","swing_gate:type":null,"entrance":null,"religion":null,"grades":null,"email":null,"phone":null,"name:en":null,"wheelchair":null,"building:structure":null,"building:roof":null,"building:material":null,"building:condition":null,"access:roof":null,"building":null,"operator":"Swasta","opening_hours":null,"addr:postcode":null,"school:type_idn":null,"nspn":null,"isced:level":null,"website":null,"school":null,"fee":null,"contact:phone":null,"contact:fax":null,"contact:email":null,"addr:country":null,"local_ref":null,"natural":null,"wikipedia":null,"operator:type":null,"capacity":null,"building:levels":null,"addr:city":"Kota Bogor","wikidata":null,"jenjang":null,"alt_name":null,"addr:street":null,"addr:housenumber":null,"addr:housename":null,"name":"SD Amal Kasih","addr:full":null,"barrier":null},"geometry":{"type":"Point","coordinates":[106.830483,-6.597525]}},
{"type":"Feature","properties":{"full_id":"n13438936846","osm_id":"13438936846","osm_type":"node","amenity":"school","ref":"20220411","education":"school","addr:subdistrict":"Katulampa","addr:province":null,"addr:district":"Bogor Timur","swing_gate:type":null,"entrance":null,"religion":null,"grades":null,"email":null,"phone":null,"name:en":null,"wheelchair":null,"building:structure":null,"building:roof":null,"building:material":null,"building:condition":null,"access:roof":null,"building":null,"operator":"Swasta","opening_hours":null,"addr:postcode":null,"school:type_idn":null,"nspn":null,"isced:level":null,"website":null,"school":null,"fee":null,"contact:phone":null,"contact:fax":null,"contact:email":null,"addr:country":null,"local_ref":null,"natural":null,"wikipedia":null,"operator:type":null,"capacity":null,"building:levels":null,"addr:city":"Kota Bogor","wikidata":null,"jenjang":null,"alt_name":null,"addr:street":null,"addr:housenumber":null,"addr:housename":null,"name":"SMP Bina Budi Luhur","addr:full":null,"barrier":null},"geometry":{"type":"Point","coordinates":[106.83541,-6.6314767]}},
{"type":"Feature","properties":{"full_id":"n13438936853","osm_id":"13438936853","osm_type":"node","amenity":"school","ref":"20238534","education":"school","addr:subdistrict":"Katulampa","addr:province":null,"addr:district":"Bogor Timur","swing_gate:type":null,"entrance":null,"religion":null,"grades":null,"email":null,"phone":null,"name:en":null,"wheelchair":null,"building:structure":null,"building:roof":null,"building:material":null,"building:condition":null,"access:roof":null,"building":null,"operator":"Swasta","opening_hours":null,"addr:postcode":null,"school:type_idn":null,"nspn":null,"isced:level":null,"website":null,"school":null,"fee":null,"contact:phone":null,"contact:fax":null,"contact:email":null,"addr:country":null,"local_ref":null,"natural":null,"wikipedia":null,"operator:type":null,"capacity":null,"building:levels":null,"addr:city":"Kota Bogor","wikidata":null,"jenjang":null,"alt_name":null,"addr:street":null,"addr:housenumber":null,"addr:housename":null,"name":"SMKS Sirojul Huda 1 Bogor","addr:full":null,"barrier":null},"geometry":{"type":"Point","coordinates":[106.829865,-6.6128367]}},
{"type":"Feature","properties":{"full_id":"n13438936852","osm_id":"13438936852","osm_type":"node","amenity":"school","ref":"69892644","education":"school","addr:subdistrict":"Katulampa","addr:province":null,"addr:district":"Bogor Timur","swing_gate:type":null,"entrance":null,"religion":null,"grades":null,"email":null,"phone":null,"name:en":null,"wheelchair":null,"building:structure":null,"building:roof":null,"building:material":null,"building:condition":null,"access:roof":null,"building":null,"operator":"Swasta","opening_hours":null,"addr:postcode":null,"school:type_idn":null,"nspn":null,"isced:level":null,"website":null,"school":null,"fee":null,"contact:phone":null,"contact:fax":null,"contact:email":null,"addr:country":null,"local_ref":null,"natural":null,"wikipedia":null,"operator:type":null,"capacity":null,"building:levels":null,"addr:city":"Kota Bogor","wikidata":null,"jenjang":null,"alt_name":null,"addr:street":null,"addr:housenumber":null,"addr:housename":null,"name":"SMK Zafirah","addr:full":null,"barrier":null},"geometry":{"type":"Point","coordinates":[106.82843,-6.6226383]}},
{"type":"Feature","properties":{"full_id":"n13438936851","osm_id":"13438936851","osm_type":"node","amenity":"school","ref":"20220283","education":"school","addr:subdistrict":"Katulampa","addr:province":null,"addr:district":"Bogor Timur","swing_gate:type":null,"entrance":null,"religion":null,"grades":null,"email":null,"phone":null,"name:en":null,"wheelchair":null,"building:structure":null,"building:roof":null,"building:material":null,"building:condition":null,"access:roof":null,"building":null,"operator":"Swasta","opening_hours":null,"addr:postcode":null,"school:type_idn":null,"nspn":null,"isced:level":null,"website":null,"school":null,"fee":null,"contact:phone":null,"contact:fax":null,"contact:email":null,"addr:country":null,"local_ref":null,"natural":null,"wikipedia":null,"operator:type":null,"capacity":null,"building:levels":null,"addr:city":"Kota Bogor","wikidata":null,"jenjang":null,"alt_name":null,"addr:street":null,"addr:housenumber":null,"addr:housename":null,"name":"SMKS Bina Budi Luhur Bogor","addr:full":null,"barrier":null},"geometry":{"type":"Point","coordinates":[106.8354183,-6.6314867]}},
{"type":"Feature","properties":{"full_id":"n13438936850","osm_id":"13438936850","osm_type":"node","amenity":"school","ref":"20238541","education":"school","addr:subdistrict":"Katulampa","addr:province":null,"addr:district":"Bogor Timur","swing_gate:type":null,"entrance":null,"religion":null,"grades":null,"email":null,"phone":null,"name:en":null,"wheelchair":null,"building:structure":null,"building:roof":null,"building:material":null,"building:condition":null,"access:roof":null,"building":null,"operator":"Swasta","opening_hours":null,"addr:postcode":null,"school:type_idn":null,"nspn":null,"isced:level":null,"website":null,"school":null,"fee":null,"contact:phone":null,"contact:fax":null,"contact:email":null,"addr:country":null,"local_ref":null,"natural":null,"wikipedia":null,"operator:type":null,"capacity":null,"building:levels":null,"addr:city":"Kota Bogor","wikidata":null,"jenjang":null,"alt_name":null,"addr:street":null,"addr:housenumber":null,"addr:housename":null,"name":"SMKS Sirojul Huda 2 Bogor","addr:full":null,"barrier":null},"geometry":{"type":"Point","coordinates":[106.82982,-6.612755]}},
{"type":"Feature","properties":{"full_id":"n13438936857","osm_id":"13438936857","osm_type":"node","amenity":"school","ref":"69892645","education":"school","addr:subdistrict":"Katulampa","addr:province":null,"addr:district":"Bogor Timur","swing_gate:type":null,"entrance":null,"religion":null,"grades":null,"email":null,"phone":null,"name:en":null,"wheelchair":null,"building:structure":null,"building:roof":null,"building:material":null,"building:condition":null,"access:roof":null,"building":null,"operator":"Swasta","opening_hours":null,"addr:postcode":null,"school:type_idn":null,"nspn":null,"isced:level":null,"website":null,"school":null,"fee":null,"contact:phone":null,"contact:fax":null,"contact:email":null,"addr:country":null,"local_ref":null,"natural":null,"wikipedia":null,"operator:type":null,"capacity":null,"building:levels":null,"addr:city":"Kota Bogor","wikidata":null,"jenjang":null,"alt_name":null,"addr:street":null,"addr:housenumber":null,"addr:housename":null,"name":"SMP Zafirah","addr:full":null,"barrier":null},"geometry":{"type":"Point","coordinates":[106.82846,-6.6225167]}},
{"type":"Feature","properties":{"full_id":"n13438936856","osm_id":"13438936856","osm_type":"node","amenity":"school","ref":"20220488","education":"school","addr:subdistrict":"Katulampa","addr:province":null,"addr:district":"Bogor Timur","swing_gate:type":null,"entrance":null,"religion":null,"grades":null,"email":null,"phone":null,"name:en":null,"wheelchair":null,"building:structure":null,"building:roof":null,"building:material":null,"building:condition":null,"access:roof":null,"building":null,"operator":"Negeri","opening_hours":null,"addr:postcode":null,"school:type_idn":null,"nspn":null,"isced:level":null,"website":null,"school":null,"fee":null,"contact:phone":null,"contact:fax":null,"contact:email":null,"addr:country":null,"local_ref":null,"natural":null,"wikipedia":null,"operator:type":null,"capacity":null,"building:levels":null,"addr:city":"Kota Bogor","wikidata":null,"jenjang":null,"alt_name":null,"addr:street":null,"addr:housenumber":null,"addr:housename":null,"name":"SD Negeri Katulampa 5","addr:full":null,"barrier":null},"geometry":{"type":"Point","coordinates":[106.82245,-6.6104717]}},
{"type":"Feature","properties":{"full_id":"n13438936855","osm_id":"13438936855","osm_type":"node","amenity":"school","ref":"20220489","education":"school","addr:subdistrict":"Katulampa","addr:province":null,"addr:district":"Bogor Timur","swing_gate:type":null,"entrance":null,"religion":null,"grades":null,"email":null,"phone":null,"name:en":null,"wheelchair":null,"building:structure":null,"building:roof":null,"building:material":null,"building:condition":null,"access:roof":null,"building":null,"operator":"Negeri","opening_hours":null,"addr:postcode":null,"school:type_idn":null,"nspn":null,"isced:level":null,"website":null,"school":null,"fee":null,"contact:phone":null,"contact:fax":null,"contact:email":null,"addr:country":null,"local_ref":null,"natural":null,"wikipedia":null,"operator:type":null,"capacity":null,"building:levels":null,"addr:city":"Kota Bogor","wikidata":null,"jenjang":null,"alt_name":null,"addr:street":null,"addr:housenumber":null,"addr:housename":null,"name":"SD Negeri Katulampa 2","addr:full":null,"barrier":null},"geometry":{"type":"Point","coordinates":[106.8307917,-6.6284817]}},
{"type":"Feature","properties":{"full_id":"n13438936854","osm_id":"13438936854","osm_type":"node","amenity":"school","ref":"20220358","education":"school","addr:subdistrict":"Katulampa","addr:province":null,"addr:district":"Bogor Timur","swing_gate:type":null,"entrance":null,"religion":null,"grades":null,"email":null,"phone":null,"name:en":null,"wheelchair":null,"building:structure":null,"building:roof":null,"building:material":null,"building:condition":null,"access:roof":null,"building":null,"operator":"Swasta","opening_hours":null,"addr:postcode":null,"school:type_idn":null,"nspn":null,"isced:level":null,"website":null,"school":null,"fee":null,"contact:phone":null,"contact:fax":null,"contact:email":null,"addr:country":null,"local_ref":null,"natural":null,"wikipedia":null,"operator:type":null,"capacity":null,"building:levels":null,"addr:city":"Kota Bogor","wikidata":null,"jenjang":null,"alt_name":null,"addr:street":null,"addr:housenumber":null,"addr:housename":null,"name":"SMP Yasih","addr:full":null,"barrier":null},"geometry":{"type":"Point","coordinates":[106.829777,-6.613315]}},
{"type":"Feature","properties":{"full_id":"n13438936861","osm_id":"13438936861","osm_type":"node","amenity":"school","ref":"20220047","education":"school","addr:subdistrict":"Gudang","addr:province":null,"addr:district":"Bogor Tengah","swing_gate:type":null,"entrance":null,"religion":null,"grades":null,"email":null,"phone":null,"name:en":null,"wheelchair":null,"building:structure":null,"building:roof":null,"building:material":null,"building:condition":null,"access:roof":null,"building":null,"operator":"Negeri","opening_hours":null,"addr:postcode":null,"school:type_idn":null,"nspn":null,"isced:level":null,"website":null,"school":null,"fee":null,"contact:phone":null,"contact:fax":null,"contact:email":null,"addr:country":null,"local_ref":null,"natural":null,"wikipedia":null,"operator:type":null,"capacity":null,"building:levels":null,"addr:city":"Kota Bogor","wikidata":null,"jenjang":null,"alt_name":null,"addr:street":null,"addr:housenumber":null,"addr:housename":null,"name":"SD Negeri Empang 2","addr:full":null,"barrier":null},"geometry":{"type":"Point","coordinates":[106.7964,-6.6053]}},
{"type":"Feature","properties":{"full_id":"n13438936860","osm_id":"13438936860","osm_type":"node","amenity":"school","ref":"20238538","education":"school","addr:subdistrict":"Gudang","addr:province":null,"addr:district":"Bogor Tengah","swing_gate:type":null,"entrance":null,"religion":null,"grades":null,"email":null,"phone":null,"name:en":null,"wheelchair":null,"building:structure":null,"building:roof":null,"building:material":null,"building:condition":null,"access:roof":null,"building":null,"operator":"Swasta","opening_hours":null,"addr:postcode":null,"school:type_idn":null,"nspn":null,"isced:level":null,"website":null,"school":null,"fee":null,"contact:phone":null,"contact:fax":null,"contact:email":null,"addr:country":null,"local_ref":null,"natural":null,"wikipedia":null,"operator:type":null,"capacity":null,"building:levels":null,"addr:city":"Kota Bogor","wikidata":null,"jenjang":null,"alt_name":null,"addr:street":null,"addr:housenumber":null,"addr:housename":null,"name":"SMKS Ranti Mula Bogor","addr:full":null,"barrier":null},"geometry":{"type":"Point","coordinates":[106.8041,-6.6108]}},
{"type":"Feature","properties":{"full_id":"n13438936859","osm_id":"13438936859","osm_type":"node","amenity":"school","ref":"20220040","education":"school","addr:subdistrict":"Gudang","addr:province":null,"addr:district":"Bogor Tengah","swing_gate:type":null,"entrance":null,"religion":null,"grades":null,"email":null,"phone":null,"name:en":null,"wheelchair":null,"building:structure":null,"building:roof":null,"building:material":null,"building:condition":null,"access:roof":null,"building":null,"operator":"Negeri","opening_hours":null,"addr:postcode":null,"school:type_idn":null,"nspn":null,"isced:level":null,"website":null,"school":null,"fee":null,"contact:phone":null,"contact:fax":null,"contact:email":null,"addr:country":null,"local_ref":null,"natural":null,"wikipedia":null,"operator:type":null,"capacity":null,"building:levels":null,"addr:city":"Kota Bogor","wikidata":null,"jenjang":null,"alt_name":null,"addr:street":null,"addr:housenumber":null,"addr:housename":null,"name":"SD Negeri Gang Aut","addr:full":null,"barrier":null},"geometry":{"type":"Point","coordinates":[106.804,-6.6104]}},
{"type":"Feature","properties":{"full_id":"n13438936858","osm_id":"13438936858","osm_type":"node","amenity":"school","ref":"69775715","education":"school","addr:subdistrict":"Katulampa","addr:province":null,"addr:district":"Bogor Timur","swing_gate:type":null,"entrance":null,"religion":null,"grades":null,"email":null,"phone":null,"name:en":null,"wheelchair":null,"building:structure":null,"building:roof":null,"building:material":null,"building:condition":null,"access:roof":null,"building":null,"operator":"Swasta","opening_hours":null,"addr:postcode":null,"school:type_idn":null,"nspn":null,"isced:level":null,"website":null,"school":null,"fee":null,"contact:phone":null,"contact:fax":null,"contact:email":null,"addr:country":null,"local_ref":null,"natural":null,"wikipedia":null,"operator:type":null,"capacity":null,"building:levels":null,"addr:city":"Kota Bogor","wikidata":null,"jenjang":null,"alt_name":null,"addr:street":null,"addr:housenumber":null,"addr:housename":null,"name":"SMPS Bina Putera","addr:full":null,"barrier":null},"geometry":{"type":"Point","coordinates":[106.8331,-6.631]}},
{"type":"Feature","properties":{"full_id":"n13438936872","osm_id":"13438936872","osm_type":"node","amenity":"school","ref":"20219976","education":"school","addr:subdistrict":"Gunung Batu","addr:province":null,"addr:district":"Bogor Barat","swing_gate:type":null,"entrance":null,"religion":null,"grades":null,"email":null,"phone":null,"name:en":null,"wheelchair":null,"building:structure":null,"building:roof":null,"building:material":null,"building:condition":null,"access:roof":null,"building":null,"operator":"Swasta","opening_hours":null,"addr:postcode":null,"school:type_idn":null,"nspn":null,"isced:level":null,"website":null,"school":null,"fee":null,"contact:phone":null,"contact:fax":null,"contact:email":null,"addr:country":null,"local_ref":null,"natural":null,"wikipedia":null,"operator:type":null,"capacity":null,"building:levels":null,"addr:city":"Kota Bogor","wikidata":null,"jenjang":null,"alt_name":null,"addr:street":null,"addr:housenumber":null,"addr:housename":null,"name":"SDIT Insantama","addr:full":null,"barrier":null},"geometry":{"type":"Point","coordinates":[106.7724,-6.5925]}},
{"type":"Feature","properties":{"full_id":"n13438936871","osm_id":"13438936871","osm_type":"node","amenity":"school","ref":"20220596","education":"school","addr:subdistrict":"Gunung Batu","addr:province":null,"addr:district":"Bogor Barat","swing_gate:type":null,"entrance":null,"religion":null,"grades":null,"email":null,"phone":null,"name:en":null,"wheelchair":null,"building:structure":null,"building:roof":null,"building:material":null,"building:condition":null,"access:roof":null,"building":null,"operator":"Negeri","opening_hours":null,"addr:postcode":null,"school:type_idn":null,"nspn":null,"isced:level":null,"website":null,"school":null,"fee":null,"contact:phone":null,"contact:fax":null,"contact:email":null,"addr:country":null,"local_ref":null,"natural":null,"wikipedia":null,"operator:type":null,"capacity":null,"building:levels":null,"addr:city":"Kota Bogor","wikidata":null,"jenjang":null,"alt_name":null,"addr:street":null,"addr:housenumber":null,"addr:housename":null,"name":"SD Negeri Purbasari","addr:full":null,"barrier":null},"geometry":{"type":"Point","coordinates":[106.7792,-6.5938]}},
{"type":"Feature","properties":{"full_id":"n13438936870","osm_id":"13438936870","osm_type":"node","amenity":"school","ref":"60726806","education":"school","addr:subdistrict":"Gunung Batu","addr:province":null,"addr:district":"Bogor Barat","swing_gate:type":null,"entrance":null,"religion":null,"grades":null,"email":null,"phone":null,"name:en":null,"wheelchair":null,"building:structure":null,"building:roof":null,"building:material":null,"building:condition":null,"access:roof":null,"building":null,"operator":"Swasta","opening_hours":null,"addr:postcode":null,"school:type_idn":null,"nspn":null,"isced:level":null,"website":null,"school":null,"fee":null,"contact:phone":null,"contact:fax":null,"contact:email":null,"addr:country":null,"local_ref":null,"natural":null,"wikipedia":null,"operator:type":null,"capacity":null,"building:levels":null,"addr:city":"Kota Bogor","wikidata":null,"jenjang":null,"alt_name":null,"addr:street":null,"addr:housenumber":null,"addr:housename":null,"name":"Smait Insantama Plus","addr:full":null,"barrier":null},"geometry":{"type":"Point","coordinates":[106.7723556,-6.5928193]}},
{"type":"Feature","properties":{"full_id":"n13438936862","osm_id":"13438936862","osm_type":"node","amenity":"school","ref":"20220046","education":"school","addr:subdistrict":"Gudang","addr:province":null,"addr:district":"Bogor Tengah","swing_gate:type":null,"entrance":null,"religion":null,"grades":null,"email":null,"phone":null,"name:en":null,"wheelchair":null,"building:structure":null,"building:roof":null,"building:material":null,"building:condition":null,"access:roof":null,"building":null,"operator":"Negeri","opening_hours":null,"addr:postcode":null,"school:type_idn":null,"nspn":null,"isced:level":null,"website":null,"school":null,"fee":null,"contact:phone":null,"contact:fax":null,"contact:email":null,"addr:country":null,"local_ref":null,"natural":null,"wikipedia":null,"operator:type":null,"capacity":null,"building:levels":null,"addr:city":"Kota Bogor","wikidata":null,"jenjang":null,"alt_name":null,"addr:street":null,"addr:housenumber":null,"addr:housename":null,"name":"SD Negeri Empang 1","addr:full":null,"barrier":null},"geometry":{"type":"Point","coordinates":[106.7961,-6.6055]}},
{"type":"Feature","properties":{"full_id":"n13438936881","osm_id":"13438936881","osm_type":"node","amenity":"school","ref":"69761879","education":"school","addr:subdistrict":"Empang","addr:province":null,"addr:district":"Bogor Selatan","swing_gate:type":null,"entrance":null,"religion":null,"grades":null,"email":null,"phone":null,"name:en":null,"wheelchair":null,"building:structure":null,"building:roof":null,"building:material":null,"building:condition":null,"access:roof":null,"building":null,"operator":"Swasta","opening_hours":null,"addr:postcode":null,"school:type_idn":null,"nspn":null,"isced:level":null,"website":null,"school":null,"fee":null,"contact:phone":null,"contact:fax":null,"contact:email":null,"addr:country":null,"local_ref":null,"natural":null,"wikipedia":null,"operator:type":null,"capacity":null,"building:levels":null,"addr:city":"Kota Bogor","wikidata":null,"jenjang":null,"alt_name":null,"addr:street":null,"addr:housenumber":null,"addr:housename":null,"name":"SMKS Bina Informatika","addr:full":null,"barrier":null},"geometry":{"type":"Point","coordinates":[106.7968617,-6.6078617]}},
{"type":"Feature","properties":{"full_id":"n13438936880","osm_id":"13438936880","osm_type":"node","amenity":"school","ref":"20220430","education":"school","addr:subdistrict":"Empang","addr:province":null,"addr:district":"Bogor Selatan","swing_gate:type":null,"entrance":null,"religion":null,"grades":null,"email":null,"phone":null,"name:en":null,"wheelchair":null,"building:structure":null,"building:roof":null,"building:material":null,"building:condition":null,"access:roof":null,"building":null,"operator":"Swasta","opening_hours":null,"addr:postcode":null,"school:type_idn":null,"nspn":null,"isced:level":null,"website":null,"school":null,"fee":null,"contact:phone":null,"contact:fax":null,"contact:email":null,"addr:country":null,"local_ref":null,"natural":null,"wikipedia":null,"operator:type":null,"capacity":null,"building:levels":null,"addr:city":"Kota Bogor","wikidata":null,"jenjang":null,"alt_name":null,"addr:street":null,"addr:housenumber":null,"addr:housename":null,"name":"SMP Muhammadiyah Kota Bogor","addr:full":null,"barrier":null},"geometry":{"type":"Point","coordinates":[106.7977,-6.6111]}},
{"type":"Feature","properties":{"full_id":"n13438936879","osm_id":"13438936879","osm_type":"node","amenity":"school","ref":"69830509","education":"school","addr:subdistrict":"Empang","addr:province":null,"addr:district":"Bogor Selatan","swing_gate:type":null,"entrance":null,"religion":null,"grades":null,"email":null,"phone":null,"name:en":null,"wheelchair":null,"building:structure":null,"building:roof":null,"building:material":null,"building:condition":null,"access:roof":null,"building":null,"operator":"Swasta","opening_hours":null,"addr:postcode":null,"school:type_idn":null,"nspn":null,"isced:level":null,"website":null,"school":null,"fee":null,"contact:phone":null,"contact:fax":null,"contact:email":null,"addr:country":null,"local_ref":null,"natural":null,"wikipedia":null,"operator:type":null,"capacity":null,"building:levels":null,"addr:city":"Kota Bogor","wikidata":null,"jenjang":null,"alt_name":null,"addr:street":null,"addr:housenumber":null,"addr:housename":null,"name":"SMK Ummi Bogor","addr:full":null,"barrier":null},"geometry":{"type":"Point","coordinates":[106.7951883,-6.6082683]}},
{"type":"Feature","properties":{"full_id":"n13438936873","osm_id":"13438936873","osm_type":"node","amenity":"school","ref":"20258515","education":"school","addr:subdistrict":"Gunung Batu","addr:province":null,"addr:district":"Bogor Barat","swing_gate:type":null,"entrance":null,"religion":null,"grades":null,"email":null,"phone":null,"name:en":null,"wheelchair":null,"building:structure":null,"building:roof":null,"building:material":null,"building:condition":null,"access:roof":null,"building":null,"operator":"Swasta","opening_hours":null,"addr:postcode":null,"school:type_idn":null,"nspn":null,"isced:level":null,"website":null,"school":null,"fee":null,"contact:phone":null,"contact:fax":null,"contact:email":null,"addr:country":null,"local_ref":null,"natural":null,"wikipedia":null,"operator:type":null,"capacity":null,"building:levels":null,"addr:city":"Kota Bogor","wikidata":null,"jenjang":null,"alt_name":null,"addr:street":null,"addr:housenumber":null,"addr:housename":null,"name":"SMPIT Insantama","addr:full":null,"barrier":null},"geometry":{"type":"Point","coordinates":[106.7724,-6.5927]}},
{"type":"Feature","properties":{"full_id":"n13438936885","osm_id":"13438936885","osm_type":"node","amenity":"school","ref":"20220414","education":"school","addr:subdistrict":"Empang","addr:province":null,"addr:district":"Bogor Selatan","swing_gate:type":null,"entrance":null,"religion":null,"grades":null,"email":null,"phone":null,"name:en":null,"wheelchair":null,"building:structure":null,"building:roof":null,"building:material":null,"building:condition":null,"access:roof":null,"building":null,"operator":"Swasta","opening_hours":null,"addr:postcode":null,"school:type_idn":null,"nspn":null,"isced:level":null,"website":null,"school":null,"fee":null,"contact:phone":null,"contact:fax":null,"contact:email":null,"addr:country":null,"local_ref":null,"natural":null,"wikipedia":null,"operator:type":null,"capacity":null,"building:levels":null,"addr:city":"Kota Bogor","wikidata":null,"jenjang":null,"alt_name":null,"addr:street":null,"addr:housenumber":null,"addr:housename":null,"name":"SMP Kristen Tunas Harapan","addr:full":null,"barrier":null},"geometry":{"type":"Point","coordinates":[106.8027433,-6.6150533]}},
{"type":"Feature","properties":{"full_id":"n13438936884","osm_id":"13438936884","osm_type":"node","amenity":"school","ref":"20220543","education":"school","addr:subdistrict":"Empang","addr:province":null,"addr:district":"Bogor Selatan","swing_gate:type":null,"entrance":null,"religion":null,"grades":null,"email":null,"phone":null,"name:en":null,"wheelchair":null,"building:structure":null,"building:roof":null,"building:material":null,"building:condition":null,"access:roof":null,"building":null,"operator":"Swasta","opening_hours":null,"addr:postcode":null,"school:type_idn":null,"nspn":null,"isced:level":null,"website":null,"school":null,"fee":null,"contact:phone":null,"contact:fax":null,"contact:email":null,"addr:country":null,"local_ref":null,"natural":null,"wikipedia":null,"operator:type":null,"capacity":null,"building:levels":null,"addr:city":"Kota Bogor","wikidata":null,"jenjang":null,"alt_name":null,"addr:street":null,"addr:housenumber":null,"addr:housename":null,"name":"SLB B-c Al Irsyad Al Islamiyyah","addr:full":null,"barrier":null},"geometry":{"type":"Point","coordinates":[106.7950867,-6.6105367]}},
{"type":"Feature","properties":{"full_id":"n13438936883","osm_id":"13438936883","osm_type":"node","amenity":"school","ref":"20220334","education":"school","addr:subdistrict":"Empang","addr:province":null,"addr:district":"Bogor Selatan","swing_gate:type":null,"entrance":null,"religion":null,"grades":null,"email":null,"phone":null,"name:en":null,"wheelchair":null,"building:structure":null,"building:roof":null,"building:material":null,"building:condition":null,"access:roof":null,"building":null,"operator":"Negeri","opening_hours":null,"addr:postcode":null,"school:type_idn":null,"nspn":null,"isced:level":null,"website":null,"school":null,"fee":null,"contact:phone":null,"contact:fax":null,"contact:email":null,"addr:country":null,"local_ref":null,"natural":null,"wikipedia":null,"operator:type":null,"capacity":null,"building:levels":null,"addr:city":"Kota Bogor","wikidata":null,"jenjang":null,"alt_name":null,"addr:street":null,"addr:housenumber":null,"addr:housename":null,"name":"SMA Negeri 4 Bogor","addr:full":null,"barrier":null},"geometry":{"type":"Point","coordinates":[106.8008,-6.6161]}},
{"type":"Feature","properties":{"full_id":"n13438936882","osm_id":"13438936882","osm_type":"node","amenity":"school","ref":"20219978","education":"school","addr:subdistrict":"Empang","addr:province":null,"addr:district":"Bogor Selatan","swing_gate:type":null,"entrance":null,"religion":null,"grades":null,"email":null,"phone":null,"name:en":null,"wheelchair":null,"building:structure":null,"building:roof":null,"building:material":null,"building:condition":null,"access:roof":null,"building":null,"operator":"Swasta","opening_hours":null,"addr:postcode":null,"school:type_idn":null,"nspn":null,"isced:level":null,"website":null,"school":null,"fee":null,"contact:phone":null,"contact:fax":null,"contact:email":null,"addr:country":null,"local_ref":null,"natural":null,"wikipedia":null,"operator:type":null,"capacity":null,"building:levels":null,"addr:city":"Kota Bogor","wikidata":null,"jenjang":null,"alt_name":null,"addr:street":null,"addr:housenumber":null,"addr:housename":null,"name":"SD Al Irsyad Islamyyah","addr:full":null,"barrier":null},"geometry":{"type":"Point","coordinates":[106.7941,-6.6089]}},
{"type":"Feature","properties":{"full_id":"n13438936889","osm_id":"13438936889","osm_type":"node","amenity":"school","ref":"20220453","education":"school","addr:subdistrict":"Empang","addr:province":null,"addr:district":"Bogor Selatan","swing_gate:type":null,"entrance":null,"religion":null,"grades":null,"email":null,"phone":null,"name:en":null,"wheelchair":null,"building:structure":null,"building:roof":null,"building:material":null,"building:condition":null,"access:roof":null,"building":null,"operator":"Negeri","opening_hours":null,"addr:postcode":null,"school:type_idn":null,"nspn":null,"isced:level":null,"website":null,"school":null,"fee":null,"contact:phone":null,"contact:fax":null,"contact:email":null,"addr:country":null,"local_ref":null,"natural":null,"wikipedia":null,"operator:type":null,"capacity":null,"building:levels":null,"addr:city":"Kota Bogor","wikidata":null,"jenjang":null,"alt_name":null,"addr:street":null,"addr:housenumber":null,"addr:housename":null,"name":"SD Negeri Layungsari 1","addr:full":null,"barrier":null},"geometry":{"type":"Point","coordinates":[106.7977,-6.613]}},
{"type":"Feature","properties":{"full_id":"n13438936888","osm_id":"13438936888","osm_type":"node","amenity":"school","ref":"20219948","education":"school","addr:subdistrict":"Empang","addr:province":null,"addr:district":"Bogor Selatan","swing_gate:type":null,"entrance":null,"religion":null,"grades":null,"email":null,"phone":null,"name:en":null,"wheelchair":null,"building:structure":null,"building:roof":null,"building:material":null,"building:condition":null,"access:roof":null,"building":null,"operator":"Swasta","opening_hours":null,"addr:postcode":null,"school:type_idn":null,"nspn":null,"isced:level":null,"website":null,"school":null,"fee":null,"contact:phone":null,"contact:fax":null,"contact:email":null,"addr:country":null,"local_ref":null,"natural":null,"wikipedia":null,"operator:type":null,"capacity":null,"building:levels":null,"addr:city":"Kota Bogor","wikidata":null,"jenjang":null,"alt_name":null,"addr:street":null,"addr:housenumber":null,"addr:housename":null,"name":"SD Kristen Tunas Harapan","addr:full":null,"barrier":null},"geometry":{"type":"Point","coordinates":[106.8031,-6.6149]}},
{"type":"Feature","properties":{"full_id":"n13438936887","osm_id":"13438936887","osm_type":"node","amenity":"school","ref":"20220353","education":"school","addr:subdistrict":"Empang","addr:province":null,"addr:district":"Bogor Selatan","swing_gate:type":null,"entrance":null,"religion":null,"grades":null,"email":null,"phone":null,"name:en":null,"wheelchair":null,"building:structure":null,"building:roof":null,"building:material":null,"building:condition":null,"access:roof":null,"building":null,"operator":"Swasta","opening_hours":null,"addr:postcode":null,"school:type_idn":null,"nspn":null,"isced:level":null,"website":null,"school":null,"fee":null,"contact:phone":null,"contact:fax":null,"contact:email":null,"addr:country":null,"local_ref":null,"natural":null,"wikipedia":null,"operator:type":null,"capacity":null,"building:levels":null,"addr:city":"Kota Bogor","wikidata":null,"jenjang":null,"alt_name":null,"addr:street":null,"addr:housenumber":null,"addr:housename":null,"name":"SMP Al-irsyad Bogor","addr:full":null,"barrier":null},"geometry":{"type":"Point","coordinates":[106.79459,-6.6066617]}},
{"type":"Feature","properties":{"full_id":"n13438936886","osm_id":"13438936886","osm_type":"node","amenity":"school","ref":"20219919","education":"school","addr:subdistrict":"Empang","addr:province":null,"addr:district":"Bogor Selatan","swing_gate:type":null,"entrance":null,"religion":null,"grades":null,"email":null,"phone":null,"name:en":null,"wheelchair":null,"building:structure":null,"building:roof":null,"building:material":null,"building:condition":null,"access:roof":null,"building":null,"operator":"Swasta","opening_hours":null,"addr:postcode":null,"school:type_idn":null,"nspn":null,"isced:level":null,"website":null,"school":null,"fee":null,"contact:phone":null,"contact:fax":null,"contact:email":null,"addr:country":null,"local_ref":null,"natural":null,"wikipedia":null,"operator:type":null,"capacity":null,"building:levels":null,"addr:city":"Kota Bogor","wikidata":null,"jenjang":null,"alt_name":null,"addr:street":null,"addr:housenumber":null,"addr:housename":null,"name":"SD Mardi Waluya","addr:full":null,"barrier":null},"geometry":{"type":"Point","coordinates":[106.7992,-6.6118]}},
{"type":"Feature","properties":{"full_id":"n13438936894","osm_id":"13438936894","osm_type":"node","amenity":"school","ref":"20220312","education":"school","addr:subdistrict":"Empang","addr:province":null,"addr:district":"Bogor Selatan","swing_gate:type":null,"entrance":null,"religion":null,"grades":null,"email":null,"phone":null,"name:en":null,"wheelchair":null,"building:structure":null,"building:roof":null,"building:material":null,"building:condition":null,"access:roof":null,"building":null,"operator":"Swasta","opening_hours":null,"addr:postcode":null,"school:type_idn":null,"nspn":null,"isced:level":null,"website":null,"school":null,"fee":null,"contact:phone":null,"contact:fax":null,"contact:email":null,"addr:country":null,"local_ref":null,"natural":null,"wikipedia":null,"operator:type":null,"capacity":null,"building:levels":null,"addr:city":"Kota Bogor","wikidata":null,"jenjang":null,"alt_name":null,"addr:street":null,"addr:housenumber":null,"addr:housename":null,"name":"SMAS Tunas Harapan","addr:full":null,"barrier":null},"geometry":{"type":"Point","coordinates":[106.80364,-6.6147933]}},
{"type":"Feature","properties":{"full_id":"n13438936893","osm_id":"13438936893","osm_type":"node","amenity":"school","ref":"69761880","education":"school","addr:subdistrict":"Empang","addr:province":null,"addr:district":"Bogor Selatan","swing_gate:type":null,"entrance":null,"religion":null,"grades":null,"email":null,"phone":null,"name:en":null,"wheelchair":null,"building:structure":null,"building:roof":null,"building:material":null,"building:condition":null,"access:roof":null,"building":null,"operator":"Swasta","opening_hours":null,"addr:postcode":null,"school:type_idn":null,"nspn":null,"isced:level":null,"website":null,"school":null,"fee":null,"contact:phone":null,"contact:fax":null,"contact:email":null,"addr:country":null,"local_ref":null,"natural":null,"wikipedia":null,"operator:type":null,"capacity":null,"building:levels":null,"addr:city":"Kota Bogor","wikidata":null,"jenjang":null,"alt_name":null,"addr:street":null,"addr:housenumber":null,"addr:housename":null,"name":"SMKS Kesehatan Bina Husada","addr:full":null,"barrier":null},"geometry":{"type":"Point","coordinates":[106.7967933,-6.6078767]}},
{"type":"Feature","properties":{"full_id":"n13438936891","osm_id":"13438936891","osm_type":"node","amenity":"school","ref":"20220354","education":"school","addr:subdistrict":"Empang","addr:province":null,"addr:district":"Bogor Selatan","swing_gate:type":null,"entrance":null,"religion":null,"grades":null,"email":null,"phone":null,"name:en":null,"wheelchair":null,"building:structure":null,"building:roof":null,"building:material":null,"building:condition":null,"access:roof":null,"building":null,"operator":"Negeri","opening_hours":null,"addr:postcode":null,"school:type_idn":null,"nspn":null,"isced:level":null,"website":null,"school":null,"fee":null,"contact:phone":null,"contact:fax":null,"contact:email":null,"addr:country":null,"local_ref":null,"natural":null,"wikipedia":null,"operator:type":null,"capacity":null,"building:levels":null,"addr:city":"Kota Bogor","wikidata":null,"jenjang":null,"alt_name":null,"addr:street":null,"addr:housenumber":null,"addr:housename":null,"name":"SMP Negeri 9 Bogor","addr:full":null,"barrier":null},"geometry":{"type":"Point","coordinates":[106.8003417,-6.6156717]}},
{"type":"Feature","properties":{"full_id":"n13438936890","osm_id":"13438936890","osm_type":"node","amenity":"school","ref":"20220454","education":"school","addr:subdistrict":"Empang","addr:province":null,"addr:district":"Bogor Selatan","swing_gate:type":null,"entrance":null,"religion":null,"grades":null,"email":null,"phone":null,"name:en":null,"wheelchair":null,"building:structure":null,"building:roof":null,"building:material":null,"building:condition":null,"access:roof":null,"building":null,"operator":"Negeri","opening_hours":null,"addr:postcode":null,"school:type_idn":null,"nspn":null,"isced:level":null,"website":null,"school":null,"fee":null,"contact:phone":null,"contact:fax":null,"contact:email":null,"addr:country":null,"local_ref":null,"natural":null,"wikipedia":null,"operator:type":null,"capacity":null,"building:levels":null,"addr:city":"Kota Bogor","wikidata":null,"jenjang":null,"alt_name":null,"addr:street":null,"addr:housenumber":null,"addr:housename":null,"name":"SD Negeri Layungsari 2","addr:full":null,"barrier":null},"geometry":{"type":"Point","coordinates":[106.797625,-6.612705]}},
{"type":"Feature","properties":{"full_id":"n13438936899","osm_id":"13438936899","osm_type":"node","amenity":"school","ref":"20219925","education":"school","addr:subdistrict":"Empang","addr:province":null,"addr:district":"Bogor Selatan","swing_gate:type":null,"entrance":null,"religion":null,"grades":null,"email":null,"phone":null,"name:en":null,"wheelchair":null,"building:structure":null,"building:roof":null,"building:material":null,"building:condition":null,"access:roof":null,"building":null,"operator":"Swasta","opening_hours":null,"addr:postcode":null,"school:type_idn":null,"nspn":null,"isced:level":null,"website":null,"school":null,"fee":null,"contact:phone":null,"contact:fax":null,"contact:email":null,"addr:country":null,"local_ref":null,"natural":null,"wikipedia":null,"operator:type":null,"capacity":null,"building:levels":null,"addr:city":"Kota Bogor","wikidata":null,"jenjang":null,"alt_name":null,"addr:street":null,"addr:housenumber":null,"addr:housename":null,"name":"SD Perwanida","addr:full":null,"barrier":null},"geometry":{"type":"Point","coordinates":[106.7959233,-6.60773]}},
{"type":"Feature","properties":{"full_id":"n13438936898","osm_id":"13438936898","osm_type":"node","amenity":"school","ref":"20219917","education":"school","addr:subdistrict":"Empang","addr:province":null,"addr:district":"Bogor Selatan","swing_gate:type":null,"entrance":null,"religion":null,"grades":null,"email":null,"phone":null,"name:en":null,"wheelchair":null,"building:structure":null,"building:roof":null,"building:material":null,"building:condition":null,"access:roof":null,"building":null,"operator":"Swasta","opening_hours":null,"addr:postcode":null,"school:type_idn":null,"nspn":null,"isced:level":null,"website":null,"school":null,"fee":null,"contact:phone":null,"contact:fax":null,"contact:email":null,"addr:country":null,"local_ref":null,"natural":null,"wikipedia":null,"operator:type":null,"capacity":null,"building:levels":null,"addr:city":"Kota Bogor","wikidata":null,"jenjang":null,"alt_name":null,"addr:street":null,"addr:housenumber":null,"addr:housename":null,"name":"SD Srikandi","addr:full":null,"barrier":null},"geometry":{"type":"Point","coordinates":[106.7976817,-6.6108383]}},
{"type":"Feature","properties":{"full_id":"n13438936897","osm_id":"13438936897","osm_type":"node","amenity":"school","ref":"20238466","education":"school","addr:subdistrict":"Empang","addr:province":null,"addr:district":"Bogor Selatan","swing_gate:type":null,"entrance":null,"religion":null,"grades":null,"email":null,"phone":null,"name:en":null,"wheelchair":null,"building:structure":null,"building:roof":null,"building:material":null,"building:condition":null,"access:roof":null,"building":null,"operator":"Swasta","opening_hours":null,"addr:postcode":null,"school:type_idn":null,"nspn":null,"isced:level":null,"website":null,"school":null,"fee":null,"contact:phone":null,"contact:fax":null,"contact:email":null,"addr:country":null,"local_ref":null,"natural":null,"wikipedia":null,"operator:type":null,"capacity":null,"building:levels":null,"addr:city":"Kota Bogor","wikidata":null,"jenjang":null,"alt_name":null,"addr:street":null,"addr:housenumber":null,"addr:housename":null,"name":"SDIT Al Quds","addr:full":null,"barrier":null},"geometry":{"type":"Point","coordinates":[106.7954,-6.6134]}},
{"type":"Feature","properties":{"full_id":"n13438936896","osm_id":"13438936896","osm_type":"node","amenity":"school","ref":"20220416","education":"school","addr:subdistrict":"Empang","addr:province":null,"addr:district":"Bogor Selatan","swing_gate:type":null,"entrance":null,"religion":null,"grades":null,"email":null,"phone":null,"name:en":null,"wheelchair":null,"building:structure":null,"building:roof":null,"building:material":null,"building:condition":null,"access:roof":null,"building":null,"operator":"Swasta","opening_hours":null,"addr:postcode":null,"school:type_idn":null,"nspn":null,"isced:level":null,"website":null,"school":null,"fee":null,"contact:phone":null,"contact:fax":null,"contact:email":null,"addr:country":null,"local_ref":null,"natural":null,"wikipedia":null,"operator:type":null,"capacity":null,"building:levels":null,"addr:city":"Kota Bogor","wikidata":null,"jenjang":null,"alt_name":null,"addr:street":null,"addr:housenumber":null,"addr:housename":null,"name":"SMP Perwanida Bogor","addr:full":null,"barrier":null},"geometry":{"type":"Point","coordinates":[106.7959317,-6.6077567]}},
{"type":"Feature","properties":{"full_id":"n13438936908","osm_id":"13438936908","osm_type":"node","amenity":"school","ref":"20238521","education":"school","addr:subdistrict":"Genteng","addr:province":null,"addr:district":"Bogor Selatan","swing_gate:type":null,"entrance":null,"religion":null,"grades":null,"email":null,"phone":null,"name:en":null,"wheelchair":null,"building:structure":null,"building:roof":null,"building:material":null,"building:condition":null,"access:roof":null,"building":null,"operator":"Swasta","opening_hours":null,"addr:postcode":null,"school:type_idn":null,"nspn":null,"isced:level":null,"website":null,"school":null,"fee":null,"contact:phone":null,"contact:fax":null,"contact:email":null,"addr:country":null,"local_ref":null,"natural":null,"wikipedia":null,"operator:type":null,"capacity":null,"building:levels":null,"addr:city":"Kota Bogor","wikidata":null,"jenjang":null,"alt_name":null,"addr:street":null,"addr:housenumber":null,"addr:housename":null,"name":"SMAS Yph Plus","addr:full":null,"barrier":null},"geometry":{"type":"Point","coordinates":[106.8156733,-6.6390667]}},
{"type":"Feature","properties":{"full_id":"n13438936907","osm_id":"13438936907","osm_type":"node","amenity":"school","ref":"20220422","education":"school","addr:subdistrict":"Genteng","addr:province":null,"addr:district":"Bogor Selatan","swing_gate:type":null,"entrance":null,"religion":null,"grades":null,"email":null,"phone":null,"name:en":null,"wheelchair":null,"building:structure":null,"building:roof":null,"building:material":null,"building:condition":null,"access:roof":null,"building":null,"operator":"Swasta","opening_hours":null,"addr:postcode":null,"school:type_idn":null,"nspn":null,"isced:level":null,"website":null,"school":null,"fee":null,"contact:phone":null,"contact:fax":null,"contact:email":null,"addr:country":null,"local_ref":null,"natural":null,"wikipedia":null,"operator:type":null,"capacity":null,"building:levels":null,"addr:city":"Kota Bogor","wikidata":null,"jenjang":null,"alt_name":null,"addr:street":null,"addr:housenumber":null,"addr:housename":null,"name":"SMP PGRI 17","addr:full":null,"barrier":null},"geometry":{"type":"Point","coordinates":[106.8159,-6.6391]}},
{"type":"Feature","properties":{"full_id":"n13438936906","osm_id":"13438936906","osm_type":"node","amenity":"school","ref":"20220032","education":"school","addr:subdistrict":"Genteng","addr:province":null,"addr:district":"Bogor Selatan","swing_gate:type":null,"entrance":null,"religion":null,"grades":null,"email":null,"phone":null,"name:en":null,"wheelchair":null,"building:structure":null,"building:roof":null,"building:material":null,"building:condition":null,"access:roof":null,"building":null,"operator":"Negeri","opening_hours":null,"addr:postcode":null,"school:type_idn":null,"nspn":null,"isced:level":null,"website":null,"school":null,"fee":null,"contact:phone":null,"contact:fax":null,"contact:email":null,"addr:country":null,"local_ref":null,"natural":null,"wikipedia":null,"operator:type":null,"capacity":null,"building:levels":null,"addr:city":"Kota Bogor","wikidata":null,"jenjang":null,"alt_name":null,"addr:street":null,"addr:housenumber":null,"addr:housename":null,"name":"SD Negeri Genteng","addr:full":null,"barrier":null},"geometry":{"type":"Point","coordinates":[106.8164,-6.6392]}},
{"type":"Feature","properties":{"full_id":"n13438936900","osm_id":"13438936900","osm_type":"node","amenity":"school","ref":"20219922","education":"school","addr:subdistrict":"Empang","addr:province":null,"addr:district":"Bogor Selatan","swing_gate:type":null,"entrance":null,"religion":null,"grades":null,"email":null,"phone":null,"name:en":null,"wheelchair":null,"building:structure":null,"building:roof":null,"building:material":null,"building:condition":null,"access:roof":null,"building":null,"operator":"Swasta","opening_hours":null,"addr:postcode":null,"school:type_idn":null,"nspn":null,"isced:level":null,"website":null,"school":null,"fee":null,"contact:phone":null,"contact:fax":null,"contact:email":null,"addr:country":null,"local_ref":null,"natural":null,"wikipedia":null,"operator:type":null,"capacity":null,"building:levels":null,"addr:city":"Kota Bogor","wikidata":null,"jenjang":null,"alt_name":null,"addr:street":null,"addr:housenumber":null,"addr:housename":null,"name":"SD Muhammadiyah","addr:full":null,"barrier":null},"geometry":{"type":"Point","coordinates":[106.8018017,-6.6151467]}},
{"type":"Feature","properties":{"full_id":"n13438938692","osm_id":"13438938692","osm_type":"node","amenity":"school","ref":"20271353","education":"school","addr:subdistrict":"Tegal Gundil","addr:province":null,"addr:district":"Bogor Utara","swing_gate:type":null,"entrance":null,"religion":null,"grades":null,"email":null,"phone":null,"name:en":null,"wheelchair":null,"building:structure":null,"building:roof":null,"building:material":null,"building:condition":null,"access:roof":null,"building":null,"operator":"Swasta","opening_hours":null,"addr:postcode":null,"school:type_idn":null,"nspn":null,"isced:level":null,"website":null,"school":null,"fee":null,"contact:phone":null,"contact:fax":null,"contact:email":null,"addr:country":null,"local_ref":null,"natural":null,"wikipedia":null,"operator:type":null,"capacity":null,"building:levels":null,"addr:city":"Kota Bogor","wikidata":null,"jenjang":null,"alt_name":null,"addr:street":null,"addr:housenumber":null,"addr:housename":null,"name":"SMP Pandutama","addr:full":null,"barrier":null},"geometry":{"type":"Point","coordinates":[106.8184,-6.5789]}},
{"type":"Feature","properties":{"full_id":"n13438938691","osm_id":"13438938691","osm_type":"node","amenity":"school","ref":"20220057","education":"school","addr:subdistrict":"Tegal Gundil","addr:province":null,"addr:district":"Bogor Utara","swing_gate:type":null,"entrance":null,"religion":null,"grades":null,"email":null,"phone":null,"name:en":null,"wheelchair":null,"building:structure":null,"building:roof":null,"building:material":null,"building:condition":null,"access:roof":null,"building":null,"operator":"Negeri","opening_hours":null,"addr:postcode":null,"school:type_idn":null,"nspn":null,"isced:level":null,"website":null,"school":null,"fee":null,"contact:phone":null,"contact:fax":null,"contact:email":null,"addr:country":null,"local_ref":null,"natural":null,"wikipedia":null,"operator:type":null,"capacity":null,"building:levels":null,"addr:city":"Kota Bogor","wikidata":null,"jenjang":null,"alt_name":null,"addr:street":null,"addr:housenumber":null,"addr:housename":null,"name":"SD Negeri Ceger 1","addr:full":null,"barrier":null},"geometry":{"type":"Point","coordinates":[106.8171,-6.5711]}},
{"type":"Feature","properties":{"full_id":"n13438938690","osm_id":"13438938690","osm_type":"node","amenity":"school","ref":"20253784","education":"school","addr:subdistrict":"Tegal Gundil","addr:province":null,"addr:district":"Bogor Utara","swing_gate:type":null,"entrance":null,"religion":null,"grades":null,"email":null,"phone":null,"name:en":null,"wheelchair":null,"building:structure":null,"building:roof":null,"building:material":null,"building:condition":null,"access:roof":null,"building":null,"operator":"Swasta","opening_hours":null,"addr:postcode":null,"school:type_idn":null,"nspn":null,"isced:level":null,"website":null,"school":null,"fee":null,"contact:phone":null,"contact:fax":null,"contact:email":null,"addr:country":null,"local_ref":null,"natural":null,"wikipedia":null,"operator:type":null,"capacity":null,"building:levels":null,"addr:city":"Kota Bogor","wikidata":null,"jenjang":null,"alt_name":null,"addr:street":null,"addr:housenumber":null,"addr:housename":null,"name":"SLB Mentari Kita","addr:full":null,"barrier":null},"geometry":{"type":"Point","coordinates":[106.815,-6.5861]}},
{"type":"Feature","properties":{"full_id":"n13438938689","osm_id":"13438938689","osm_type":"node","amenity":"school","ref":"20220485","education":"school","addr:subdistrict":"Tegal Gundil","addr:province":null,"addr:district":"Bogor Utara","swing_gate:type":null,"entrance":null,"religion":null,"grades":null,"email":null,"phone":null,"name:en":null,"wheelchair":null,"building:structure":null,"building:roof":null,"building:material":null,"building:condition":null,"access:roof":null,"building":null,"operator":"Negeri","opening_hours":null,"addr:postcode":null,"school:type_idn":null,"nspn":null,"isced:level":null,"website":null,"school":null,"fee":null,"contact:phone":null,"contact:fax":null,"contact:email":null,"addr:country":null,"local_ref":null,"natural":null,"wikipedia":null,"operator:type":null,"capacity":null,"building:levels":null,"addr:city":"Kota Bogor","wikidata":null,"jenjang":null,"alt_name":null,"addr:street":null,"addr:housenumber":null,"addr:housename":null,"name":"SD Negeri Ceger 2","addr:full":null,"barrier":null},"geometry":{"type":"Point","coordinates":[106.8154,-6.576]}},
{"type":"Feature","properties":{"full_id":"n13438938696","osm_id":"13438938696","osm_type":"node","amenity":"school","ref":"69901351","education":"school","addr:subdistrict":"Tegal Gundil","addr:province":null,"addr:district":"Bogor Utara","swing_gate:type":null,"entrance":null,"religion":null,"grades":null,"email":null,"phone":null,"name:en":null,"wheelchair":null,"building:structure":null,"building:roof":null,"building:material":null,"building:condition":null,"access:roof":null,"building":null,"operator":"Swasta","opening_hours":null,"addr:postcode":null,"school:type_idn":null,"nspn":null,"isced:level":null,"website":null,"school":null,"fee":null,"contact:phone":null,"contact:fax":null,"contact:email":null,"addr:country":null,"local_ref":null,"natural":null,"wikipedia":null,"operator:type":null,"capacity":null,"building:levels":null,"addr:city":"Kota Bogor","wikidata":null,"jenjang":null,"alt_name":null,"addr:street":null,"addr:housenumber":null,"addr:housename":null,"name":"SMK Alqi Profesi Bogor","addr:full":null,"barrier":null},"geometry":{"type":"Point","coordinates":[106.8108,-6.5911]}},
{"type":"Feature","properties":{"full_id":"n13438938695","osm_id":"13438938695","osm_type":"node","amenity":"school","ref":"20219930","education":"school","addr:subdistrict":"Tegal Gundil","addr:province":null,"addr:district":"Bogor Utara","swing_gate:type":null,"entrance":null,"religion":null,"grades":null,"email":null,"phone":null,"name:en":null,"wheelchair":null,"building:structure":null,"building:roof":null,"building:material":null,"building:condition":null,"access:roof":null,"building":null,"operator":"Negeri","opening_hours":null,"addr:postcode":null,"school:type_idn":null,"nspn":null,"isced:level":null,"website":null,"school":null,"fee":null,"contact:phone":null,"contact:fax":null,"contact:email":null,"addr:country":null,"local_ref":null,"natural":null,"wikipedia":null,"operator:type":null,"capacity":null,"building:levels":null,"addr:city":"Kota Bogor","wikidata":null,"jenjang":null,"alt_name":null,"addr:street":null,"addr:housenumber":null,"addr:housename":null,"name":"SD Negeri Bantarjati 5 Bogor","addr:full":null,"barrier":null},"geometry":{"type":"Point","coordinates":[106.812,-6.581]}},
{"type":"Feature","properties":{"full_id":"n13438938694","osm_id":"13438938694","osm_type":"node","amenity":"school","ref":"69947461","education":"school","addr:subdistrict":"Tegal Gundil","addr:province":null,"addr:district":"Bogor Utara","swing_gate:type":null,"entrance":null,"religion":null,"grades":null,"email":null,"phone":null,"name:en":null,"wheelchair":null,"building:structure":null,"building:roof":null,"building:material":null,"building:condition":null,"access:roof":null,"building":null,"operator":"Swasta","opening_hours":null,"addr:postcode":null,"school:type_idn":null,"nspn":null,"isced:level":null,"website":null,"school":null,"fee":null,"contact:phone":null,"contact:fax":null,"contact:email":null,"addr:country":null,"local_ref":null,"natural":null,"wikipedia":null,"operator:type":null,"capacity":null,"building:levels":null,"addr:city":"Kota Bogor","wikidata":null,"jenjang":null,"alt_name":null,"addr:street":null,"addr:housenumber":null,"addr:housename":null,"name":"SMK Tamansiswa Bogor","addr:full":null,"barrier":null},"geometry":{"type":"Point","coordinates":[106.8091129,-6.5916848]}},
{"type":"Feature","properties":{"full_id":"n13438938693","osm_id":"13438938693","osm_type":"node","amenity":"school","ref":"20219933;20219932","education":"school","addr:subdistrict":"Tegal Gundil","addr:province":null,"addr:district":"Bogor Utara","swing_gate:type":null,"entrance":null,"religion":null,"grades":null,"email":null,"phone":null,"name:en":null,"wheelchair":null,"building:structure":null,"building:roof":null,"building:material":null,"building:condition":null,"access:roof":null,"building":null,"operator":"Negeri","opening_hours":null,"addr:postcode":null,"school:type_idn":null,"nspn":null,"isced:level":null,"website":null,"school":null,"fee":null,"contact:phone":null,"contact:fax":null,"contact:email":null,"addr:country":null,"local_ref":null,"natural":null,"wikipedia":null,"operator:type":null,"capacity":null,"building:levels":null,"addr:city":"Kota Bogor","wikidata":null,"jenjang":null,"alt_name":null,"addr:street":null,"addr:housenumber":null,"addr:housename":null,"name":"SD Negeri Bantarjati 7;SD Negeri Bantarjati 8","addr:full":null,"barrier":null},"geometry":{"type":"Point","coordinates":[106.8139,-6.5801]}},
{"type":"Feature","properties":{"full_id":"n13438938700","osm_id":"13438938700","osm_type":"node","amenity":"school","ref":"20220415","education":"school","addr:subdistrict":"Tegal Gundil","addr:province":null,"addr:district":"Bogor Utara","swing_gate:type":null,"entrance":null,"religion":null,"grades":null,"email":null,"phone":null,"name:en":null,"wheelchair":null,"building:structure":null,"building:roof":null,"building:material":null,"building:condition":null,"access:roof":null,"building":null,"operator":"Swasta","opening_hours":null,"addr:postcode":null,"school:type_idn":null,"nspn":null,"isced:level":null,"website":null,"school":null,"fee":null,"contact:phone":null,"contact:fax":null,"contact:email":null,"addr:country":null,"local_ref":null,"natural":null,"wikipedia":null,"operator:type":null,"capacity":null,"building:levels":null,"addr:city":"Kota Bogor","wikidata":null,"jenjang":null,"alt_name":null,"addr:street":null,"addr:housenumber":null,"addr:housename":null,"name":"SMP Kamandaka","addr:full":null,"barrier":null},"geometry":{"type":"Point","coordinates":[106.8154,-6.5822]}},
{"type":"Feature","properties":{"full_id":"n13438938699","osm_id":"13438938699","osm_type":"node","amenity":"school","ref":"20220066","education":"school","addr:subdistrict":"Tegal Gundil","addr:province":null,"addr:district":"Bogor Utara","swing_gate:type":null,"entrance":null,"religion":null,"grades":null,"email":null,"phone":null,"name:en":null,"wheelchair":null,"building:structure":null,"building:roof":null,"building:material":null,"building:condition":null,"access:roof":null,"building":null,"operator":"Negeri","opening_hours":null,"addr:postcode":null,"school:type_idn":null,"nspn":null,"isced:level":null,"website":null,"school":null,"fee":null,"contact:phone":null,"contact:fax":null,"contact:email":null,"addr:country":null,"local_ref":null,"natural":null,"wikipedia":null,"operator:type":null,"capacity":null,"building:levels":null,"addr:city":"Kota Bogor","wikidata":null,"jenjang":null,"alt_name":null,"addr:street":null,"addr:housenumber":null,"addr:housename":null,"name":"SD Negeri Bogor Baru","addr:full":null,"barrier":null},"geometry":{"type":"Point","coordinates":[106.812,-6.5884]}},
{"type":"Feature","properties":{"full_id":"n13438938698","osm_id":"13438938698","osm_type":"node","amenity":"school","ref":"20252844","education":"school","addr:subdistrict":"Tegal Gundil","addr:province":null,"addr:district":"Bogor Utara","swing_gate:type":null,"entrance":null,"religion":null,"grades":null,"email":null,"phone":null,"name:en":null,"wheelchair":null,"building:structure":null,"building:roof":null,"building:material":null,"building:condition":null,"access:roof":null,"building":null,"operator":"Swasta","opening_hours":null,"addr:postcode":null,"school:type_idn":null,"nspn":null,"isced:level":null,"website":null,"school":null,"fee":null,"contact:phone":null,"contact:fax":null,"contact:email":null,"addr:country":null,"local_ref":null,"natural":null,"wikipedia":null,"operator:type":null,"capacity":null,"building:levels":null,"addr:city":"Kota Bogor","wikidata":null,"jenjang":null,"alt_name":null,"addr:street":null,"addr:housenumber":null,"addr:housename":null,"name":"SD Cipta Cendikia","addr:full":null,"barrier":null},"geometry":{"type":"Point","coordinates":[106.8133,-6.5881]}},
{"type":"Feature","properties":{"full_id":"n13438938697","osm_id":"13438938697","osm_type":"node","amenity":"school","ref":"20220336","education":"school","addr:subdistrict":"Tegal Gundil","addr:province":null,"addr:district":"Bogor Utara","swing_gate:type":null,"entrance":null,"religion":null,"grades":null,"email":null,"phone":null,"name:en":null,"wheelchair":null,"building:structure":null,"building:roof":null,"building:material":null,"building:condition":null,"access:roof":null,"building":null,"operator":"Negeri","opening_hours":null,"addr:postcode":null,"school:type_idn":null,"nspn":null,"isced:level":null,"website":null,"school":null,"fee":null,"contact:phone":null,"contact:fax":null,"contact:email":null,"addr:country":null,"local_ref":null,"natural":null,"wikipedia":null,"operator:type":null,"capacity":null,"building:levels":null,"addr:city":"Kota Bogor","wikidata":null,"jenjang":null,"alt_name":null,"addr:street":null,"addr:housenumber":null,"addr:housename":null,"name":"SMA Negeri 7 Bogor","addr:full":null,"barrier":null},"geometry":{"type":"Point","coordinates":[106.8143,-6.5781]}},
{"type":"Feature","properties":{"full_id":"n13438938704","osm_id":"13438938704","osm_type":"node","amenity":"school","ref":"20220328","education":"school","addr:subdistrict":"Tegal Gundil","addr:province":null,"addr:district":"Bogor Utara","swing_gate:type":null,"entrance":null,"religion":null,"grades":null,"email":null,"phone":null,"name:en":null,"wheelchair":null,"building:structure":null,"building:roof":null,"building:material":null,"building:condition":null,"access:roof":null,"building":null,"operator":"Swasta","opening_hours":null,"addr:postcode":null,"school:type_idn":null,"nspn":null,"isced:level":null,"website":null,"school":null,"fee":null,"contact:phone":null,"contact:fax":null,"contact:email":null,"addr:country":null,"local_ref":null,"natural":null,"wikipedia":null,"operator:type":null,"capacity":null,"building:levels":null,"addr:city":"Kota Bogor","wikidata":null,"jenjang":null,"alt_name":null,"addr:street":null,"addr:housenumber":null,"addr:housename":null,"name":"SMAS Kamandaka","addr:full":null,"barrier":null},"geometry":{"type":"Point","coordinates":[106.8154,-6.5821]}},
{"type":"Feature","properties":{"full_id":"n13438938703","osm_id":"13438938703","osm_type":"node","amenity":"school","ref":"20220340","education":"school","addr:subdistrict":"Tegal Gundil","addr:province":null,"addr:district":"Bogor Utara","swing_gate:type":null,"entrance":null,"religion":null,"grades":null,"email":null,"phone":null,"name:en":null,"wheelchair":null,"building:structure":null,"building:roof":null,"building:material":null,"building:condition":null,"access:roof":null,"building":null,"operator":"Swasta","opening_hours":null,"addr:postcode":null,"school:type_idn":null,"nspn":null,"isced:level":null,"website":null,"school":null,"fee":null,"contact:phone":null,"contact:fax":null,"contact:email":null,"addr:country":null,"local_ref":null,"natural":null,"wikipedia":null,"operator:type":null,"capacity":null,"building:levels":null,"addr:city":"Kota Bogor","wikidata":null,"jenjang":null,"alt_name":null,"addr:street":null,"addr:housenumber":null,"addr:housename":null,"name":"SMKS Analis Kimia Ykpi Bogor","addr:full":null,"barrier":null},"geometry":{"type":"Point","coordinates":[106.8118,-6.5813]}},
{"type":"Feature","properties":{"full_id":"n13438938702","osm_id":"13438938702","osm_type":"node","amenity":"school","ref":"20238535","education":"school","addr:subdistrict":"Tegal Gundil","addr:province":null,"addr:district":"Bogor Utara","swing_gate:type":null,"entrance":null,"religion":null,"grades":null,"email":null,"phone":null,"name:en":null,"wheelchair":null,"building:structure":null,"building:roof":null,"building:material":null,"building:condition":null,"access:roof":null,"building":null,"operator":"Swasta","opening_hours":null,"addr:postcode":null,"school:type_idn":null,"nspn":null,"isced:level":null,"website":null,"school":null,"fee":null,"contact:phone":null,"contact:fax":null,"contact:email":null,"addr:country":null,"local_ref":null,"natural":null,"wikipedia":null,"operator:type":null,"capacity":null,"building:levels":null,"addr:city":"Kota Bogor","wikidata":null,"jenjang":null,"alt_name":null,"addr:street":null,"addr:housenumber":null,"addr:housename":null,"name":"SMKS Pandutama Bogor","addr:full":null,"barrier":null},"geometry":{"type":"Point","coordinates":[106.8183,-6.5809]}},
{"type":"Feature","properties":{"full_id":"n13438938701","osm_id":"13438938701","osm_type":"node","amenity":"school","ref":"20219931","education":"school","addr:subdistrict":"Tegal Gundil","addr:province":null,"addr:district":"Bogor Utara","swing_gate:type":null,"entrance":null,"religion":null,"grades":null,"email":null,"phone":null,"name:en":null,"wheelchair":null,"building:structure":null,"building:roof":null,"building:material":null,"building:condition":null,"access:roof":null,"building":null,"operator":"Negeri","opening_hours":null,"addr:postcode":null,"school:type_idn":null,"nspn":null,"isced:level":null,"website":null,"school":null,"fee":null,"contact:phone":null,"contact:fax":null,"contact:email":null,"addr:country":null,"local_ref":null,"natural":null,"wikipedia":null,"operator:type":null,"capacity":null,"building:levels":null,"addr:city":"Kota Bogor","wikidata":null,"jenjang":null,"alt_name":null,"addr:street":null,"addr:housenumber":null,"addr:housename":null,"name":"SD Negeri Bantar Jati 6","addr:full":null,"barrier":null},"geometry":{"type":"Point","coordinates":[106.8126,-6.5843]}},
{"type":"Feature","properties":{"full_id":"n13438938712","osm_id":"13438938712","osm_type":"node","amenity":"school","ref":"20220559","education":"school","addr:subdistrict":"Tegallega","addr:province":null,"addr:district":"Bogor Tengah","swing_gate:type":null,"entrance":null,"religion":null,"grades":null,"email":null,"phone":null,"name:en":null,"wheelchair":null,"building:structure":null,"building:roof":null,"building:material":null,"building:condition":null,"access:roof":null,"building":null,"operator":"Negeri","opening_hours":null,"addr:postcode":null,"school:type_idn":null,"nspn":null,"isced:level":null,"website":null,"school":null,"fee":null,"contact:phone":null,"contact:fax":null,"contact:email":null,"addr:country":null,"local_ref":null,"natural":null,"wikipedia":null,"operator:type":null,"capacity":null,"building:levels":null,"addr:city":"Kota Bogor","wikidata":null,"jenjang":null,"alt_name":null,"addr:street":null,"addr:housenumber":null,"addr:housename":null,"name":"SD Negeri Tegallega 2","addr:full":null,"barrier":null},"geometry":{"type":"Point","coordinates":[106.8143,-6.5938]}},
{"type":"Feature","properties":{"full_id":"n13438938711","osm_id":"13438938711","osm_type":"node","amenity":"school","ref":"20220558","education":"school","addr:subdistrict":"Tegallega","addr:province":null,"addr:district":"Bogor Tengah","swing_gate:type":null,"entrance":null,"religion":null,"grades":null,"email":null,"phone":null,"name:en":null,"wheelchair":null,"building:structure":null,"building:roof":null,"building:material":null,"building:condition":null,"access:roof":null,"building":null,"operator":"Negeri","opening_hours":null,"addr:postcode":null,"school:type_idn":null,"nspn":null,"isced:level":null,"website":null,"school":null,"fee":null,"contact:phone":null,"contact:fax":null,"contact:email":null,"addr:country":null,"local_ref":null,"natural":null,"wikipedia":null,"operator:type":null,"capacity":null,"building:levels":null,"addr:city":"Kota Bogor","wikidata":null,"jenjang":null,"alt_name":null,"addr:street":null,"addr:housenumber":null,"addr:housename":null,"name":"SD Negeri Tegallega 1","addr:full":null,"barrier":null},"geometry":{"type":"Point","coordinates":[106.8144,-6.5939]}},
{"type":"Feature","properties":{"full_id":"n13438938706","osm_id":"13438938706","osm_type":"node","amenity":"school","ref":"20238532","education":"school","addr:subdistrict":"Tegal Gundil","addr:province":null,"addr:district":"Bogor Utara","swing_gate:type":null,"entrance":null,"religion":null,"grades":null,"email":null,"phone":null,"name:en":null,"wheelchair":null,"building:structure":null,"building:roof":null,"building:material":null,"building:condition":null,"access:roof":null,"building":null,"operator":"Swasta","opening_hours":null,"addr:postcode":null,"school:type_idn":null,"nspn":null,"isced:level":null,"website":null,"school":null,"fee":null,"contact:phone":null,"contact:fax":null,"contact:email":null,"addr:country":null,"local_ref":null,"natural":null,"wikipedia":null,"operator:type":null,"capacity":null,"building:levels":null,"addr:city":"Kota Bogor","wikidata":null,"jenjang":null,"alt_name":null,"addr:street":null,"addr:housenumber":null,"addr:housename":null,"name":"SMKS Kamandaka","addr:full":null,"barrier":null},"geometry":{"type":"Point","coordinates":[106.8154,-6.582]}},
{"type":"Feature","properties":{"full_id":"n13438938705","osm_id":"13438938705","osm_type":"node","amenity":"school","ref":"69886244","education":"school","addr:subdistrict":"Tegal Gundil","addr:province":null,"addr:district":"Bogor Utara","swing_gate:type":null,"entrance":null,"religion":null,"grades":null,"email":null,"phone":null,"name:en":null,"wheelchair":null,"building:structure":null,"building:roof":null,"building:material":null,"building:condition":null,"access:roof":null,"building":null,"operator":"Swasta","opening_hours":null,"addr:postcode":null,"school:type_idn":null,"nspn":null,"isced:level":null,"website":null,"school":null,"fee":null,"contact:phone":null,"contact:fax":null,"contact:email":null,"addr:country":null,"local_ref":null,"natural":null,"wikipedia":null,"operator:type":null,"capacity":null,"building:levels":null,"addr:city":"Kota Bogor","wikidata":null,"jenjang":null,"alt_name":null,"addr:street":null,"addr:housenumber":null,"addr:housename":null,"name":"SMK Nusantara Kota Bogor","addr:full":null,"barrier":null},"geometry":{"type":"Point","coordinates":[106.816691,-6.58378]}},
{"type":"Feature","properties":{"full_id":"n13438938716","osm_id":"13438938716","osm_type":"node","amenity":"school","ref":"20238542","education":"school","addr:subdistrict":"Tegallega","addr:province":null,"addr:district":"Bogor Tengah","swing_gate:type":null,"entrance":null,"religion":null,"grades":null,"email":null,"phone":null,"name:en":null,"wheelchair":null,"building:structure":null,"building:roof":null,"building:material":null,"building:condition":null,"access:roof":null,"building":null,"operator":"Swasta","opening_hours":null,"addr:postcode":null,"school:type_idn":null,"nspn":null,"isced:level":null,"website":null,"school":null,"fee":null,"contact:phone":null,"contact:fax":null,"contact:email":null,"addr:country":null,"local_ref":null,"natural":null,"wikipedia":null,"operator:type":null,"capacity":null,"building:levels":null,"addr:city":"Kota Bogor","wikidata":null,"jenjang":null,"alt_name":null,"addr:street":null,"addr:housenumber":null,"addr:housename":null,"name":"SMKS Yatek Baru Bogor","addr:full":null,"barrier":null},"geometry":{"type":"Point","coordinates":[106.81,-6.5937]}},
{"type":"Feature","properties":{"full_id":"n13438938715","osm_id":"13438938715","osm_type":"node","amenity":"school","ref":"20220542","education":"school","addr:subdistrict":"Tegallega","addr:province":null,"addr:district":"Bogor Tengah","swing_gate:type":null,"entrance":null,"religion":null,"grades":null,"email":null,"phone":null,"name:en":null,"wheelchair":null,"building:structure":null,"building:roof":null,"building:material":null,"building:condition":null,"access:roof":null,"building":null,"operator":"Swasta","opening_hours":null,"addr:postcode":null,"school:type_idn":null,"nspn":null,"isced:level":null,"website":null,"school":null,"fee":null,"contact:phone":null,"contact:fax":null,"contact:email":null,"addr:country":null,"local_ref":null,"natural":null,"wikipedia":null,"operator:type":null,"capacity":null,"building:levels":null,"addr:city":"Kota Bogor","wikidata":null,"jenjang":null,"alt_name":null,"addr:street":null,"addr:housenumber":null,"addr:housename":null,"name":"SLB-b Dharma Wanita","addr:full":null,"barrier":null},"geometry":{"type":"Point","coordinates":[106.8069,-6.595]}},
{"type":"Feature","properties":{"full_id":"n13438938714","osm_id":"13438938714","osm_type":"node","amenity":"school","ref":"20220437","education":"school","addr:subdistrict":"Tegallega","addr:province":null,"addr:district":"Bogor Tengah","swing_gate:type":null,"entrance":null,"religion":null,"grades":null,"email":null,"phone":null,"name:en":null,"wheelchair":null,"building:structure":null,"building:roof":null,"building:material":null,"building:condition":null,"access:roof":null,"building":null,"operator":"Negeri","opening_hours":null,"addr:postcode":null,"school:type_idn":null,"nspn":null,"isced:level":null,"website":null,"school":null,"fee":null,"contact:phone":null,"contact:fax":null,"contact:email":null,"addr:country":null,"local_ref":null,"natural":null,"wikipedia":null,"operator:type":null,"capacity":null,"building:levels":null,"addr:city":"Kota Bogor","wikidata":null,"jenjang":null,"alt_name":null,"addr:street":null,"addr:housenumber":null,"addr:housename":null,"name":"SD Negeri Malabar","addr:full":null,"barrier":null},"geometry":{"type":"Point","coordinates":[106.8067,-6.5948]}},
{"type":"Feature","properties":{"full_id":"n13438938713","osm_id":"13438938713","osm_type":"node","amenity":"school","ref":"20220361","education":"school","addr:subdistrict":"Tegallega","addr:province":null,"addr:district":"Bogor Tengah","swing_gate:type":null,"entrance":null,"religion":null,"grades":null,"email":null,"phone":null,"name:en":null,"wheelchair":null,"building:structure":null,"building:roof":null,"building:material":null,"building:condition":null,"access:roof":null,"building":null,"operator":"Swasta","opening_hours":null,"addr:postcode":null,"school:type_idn":null,"nspn":null,"isced:level":null,"website":null,"school":null,"fee":null,"contact:phone":null,"contact:fax":null,"contact:email":null,"addr:country":null,"local_ref":null,"natural":null,"wikipedia":null,"operator:type":null,"capacity":null,"building:levels":null,"addr:city":"Kota Bogor","wikidata":null,"jenjang":null,"alt_name":null,"addr:street":null,"addr:housenumber":null,"addr:housename":null,"name":"SMP Yp Baranangsiang","addr:full":null,"barrier":null},"geometry":{"type":"Point","coordinates":[106.8088,-6.5959]}},
{"type":"Feature","properties":{"full_id":"n13438938720","osm_id":"13438938720","osm_type":"node","amenity":"school","ref":"20220593","education":"school","addr:subdistrict":"Tanah Baru","addr:province":null,"addr:district":"Bogor Utara","swing_gate:type":null,"entrance":null,"religion":null,"grades":null,"email":null,"phone":null,"name:en":null,"wheelchair":null,"building:structure":null,"building:roof":null,"building:material":null,"building:condition":null,"access:roof":null,"building":null,"operator":"Negeri","opening_hours":null,"addr:postcode":null,"school:type_idn":null,"nspn":null,"isced:level":null,"website":null,"school":null,"fee":null,"contact:phone":null,"contact:fax":null,"contact:email":null,"addr:country":null,"local_ref":null,"natural":null,"wikipedia":null,"operator:type":null,"capacity":null,"building:levels":null,"addr:city":"Kota Bogor","wikidata":null,"jenjang":null,"alt_name":null,"addr:street":null,"addr:housenumber":null,"addr:housename":null,"name":"SD Negeri Selaawi","addr:full":null,"barrier":null},"geometry":{"type":"Point","coordinates":[106.8221,-6.5754]}},
{"type":"Feature","properties":{"full_id":"n13438938719","osm_id":"13438938719","osm_type":"node","amenity":"school","ref":"69894948","education":"school","addr:subdistrict":"Tanah Baru","addr:province":null,"addr:district":"Bogor Utara","swing_gate:type":null,"entrance":null,"religion":null,"grades":null,"email":null,"phone":null,"name:en":null,"wheelchair":null,"building:structure":null,"building:roof":null,"building:material":null,"building:condition":null,"access:roof":null,"building":null,"operator":"Swasta","opening_hours":null,"addr:postcode":null,"school:type_idn":null,"nspn":null,"isced:level":null,"website":null,"school":null,"fee":null,"contact:phone":null,"contact:fax":null,"contact:email":null,"addr:country":null,"local_ref":null,"natural":null,"wikipedia":null,"operator:type":null,"capacity":null,"building:levels":null,"addr:city":"Kota Bogor","wikidata":null,"jenjang":null,"alt_name":null,"addr:street":null,"addr:housenumber":null,"addr:housename":null,"name":"SMK Kusuma Wardhana","addr:full":null,"barrier":null},"geometry":{"type":"Point","coordinates":[106.8222,-6.5638]}},
{"type":"Feature","properties":{"full_id":"n13438938718","osm_id":"13438938718","osm_type":"node","amenity":"school","ref":"20220377","education":"school","addr:subdistrict":"Tegallega","addr:province":null,"addr:district":"Bogor Tengah","swing_gate:type":null,"entrance":null,"religion":null,"grades":null,"email":null,"phone":null,"name:en":null,"wheelchair":null,"building:structure":null,"building:roof":null,"building:material":null,"building:condition":null,"access:roof":null,"building":null,"operator":"Negeri","opening_hours":null,"addr:postcode":null,"school:type_idn":null,"nspn":null,"isced:level":null,"website":null,"school":null,"fee":null,"contact:phone":null,"contact:fax":null,"contact:email":null,"addr:country":null,"local_ref":null,"natural":null,"wikipedia":null,"operator:type":null,"capacity":null,"building:levels":null,"addr:city":"Kota Bogor","wikidata":null,"jenjang":null,"alt_name":null,"addr:street":null,"addr:housenumber":null,"addr:housename":null,"name":"SMP Negeri 3 Bogor","addr:full":null,"barrier":null},"geometry":{"type":"Point","coordinates":[106.8074,-6.5972]}},
{"type":"Feature","properties":{"full_id":"n13438938717","osm_id":"13438938717","osm_type":"node","amenity":"school","ref":"20220544","education":"school","addr:subdistrict":"Tegallega","addr:province":null,"addr:district":"Bogor Tengah","swing_gate:type":null,"entrance":null,"religion":null,"grades":null,"email":null,"phone":null,"name:en":null,"wheelchair":null,"building:structure":null,"building:roof":null,"building:material":null,"building:condition":null,"access:roof":null,"building":null,"operator":"Negeri;Swasta","opening_hours":null,"addr:postcode":null,"school:type_idn":null,"nspn":null,"isced:level":null,"website":null,"school":null,"fee":null,"contact:phone":null,"contact:fax":null,"contact:email":null,"addr:country":null,"local_ref":null,"natural":null,"wikipedia":null,"operator:type":null,"capacity":null,"building:levels":null,"addr:city":"Kota Bogor","wikidata":null,"jenjang":null,"alt_name":null,"addr:street":null,"addr:housenumber":null,"addr:housename":null,"name":"SLB-c Dharma Wanita Kota Bogor;SLBn Dharma Wanita Kota Bogor","addr:full":null,"barrier":null},"geometry":{"type":"Point","coordinates":[106.8069,-6.5952]}},
{"type":"Feature","properties":{"full_id":"n13438938724","osm_id":"13438938724","osm_type":"node","amenity":"school","ref":"20238529","education":"school","addr:subdistrict":"Tanah Baru","addr:province":null,"addr:district":"Bogor Utara","swing_gate:type":null,"entrance":null,"religion":null,"grades":null,"email":null,"phone":null,"name:en":null,"wheelchair":null,"building:structure":null,"building:roof":null,"building:material":null,"building:condition":null,"access:roof":null,"building":null,"operator":"Swasta","opening_hours":null,"addr:postcode":null,"school:type_idn":null,"nspn":null,"isced:level":null,"website":null,"school":null,"fee":null,"contact:phone":null,"contact:fax":null,"contact:email":null,"addr:country":null,"local_ref":null,"natural":null,"wikipedia":null,"operator:type":null,"capacity":null,"building:levels":null,"addr:city":"Kota Bogor","wikidata":null,"jenjang":null,"alt_name":null,"addr:street":null,"addr:housenumber":null,"addr:housename":null,"name":"SMKS Farmasi Bogor","addr:full":null,"barrier":null},"geometry":{"type":"Point","coordinates":[106.8231,-6.5784]}},
{"type":"Feature","properties":{"full_id":"n13438938723","osm_id":"13438938723","osm_type":"node","amenity":"school","ref":"20220425","education":"school","addr:subdistrict":"Tanah Baru","addr:province":null,"addr:district":"Bogor Utara","swing_gate:type":null,"entrance":null,"religion":null,"grades":null,"email":null,"phone":null,"name:en":null,"wheelchair":null,"building:structure":null,"building:roof":null,"building:material":null,"building:condition":null,"access:roof":null,"building":null,"operator":"Swasta","opening_hours":null,"addr:postcode":null,"school:type_idn":null,"nspn":null,"isced:level":null,"website":null,"school":null,"fee":null,"contact:phone":null,"contact:fax":null,"contact:email":null,"addr:country":null,"local_ref":null,"natural":null,"wikipedia":null,"operator:type":null,"capacity":null,"building:levels":null,"addr:city":"Kota Bogor","wikidata":null,"jenjang":null,"alt_name":null,"addr:street":null,"addr:housenumber":null,"addr:housename":null,"name":"SMP Persada","addr:full":null,"barrier":null},"geometry":{"type":"Point","coordinates":[106.8239,-6.5584]}},
{"type":"Feature","properties":{"full_id":"n13438938722","osm_id":"13438938722","osm_type":"node","amenity":"school","ref":"20220494","education":"school","addr:subdistrict":"Tanah Baru","addr:province":null,"addr:district":"Bogor Utara","swing_gate:type":null,"entrance":null,"religion":null,"grades":null,"email":null,"phone":null,"name:en":null,"wheelchair":null,"building:structure":null,"building:roof":null,"building:material":null,"building:condition":null,"access:roof":null,"building":null,"operator":"Negeri","opening_hours":null,"addr:postcode":null,"school:type_idn":null,"nspn":null,"isced:level":null,"website":null,"school":null,"fee":null,"contact:phone":null,"contact:fax":null,"contact:email":null,"addr:country":null,"local_ref":null,"natural":null,"wikipedia":null,"operator:type":null,"capacity":null,"building:levels":null,"addr:city":"Kota Bogor","wikidata":null,"jenjang":null,"alt_name":null,"addr:street":null,"addr:housenumber":null,"addr:housename":null,"name":"SD Negeri Kampung Sawah","addr:full":null,"barrier":null},"geometry":{"type":"Point","coordinates":[106.82,-6.5993]}},
{"type":"Feature","properties":{"full_id":"n13438938721","osm_id":"13438938721","osm_type":"node","amenity":"school","ref":"20238463","education":"school","addr:subdistrict":"Tanah Baru","addr:province":null,"addr:district":"Bogor Utara","swing_gate:type":null,"entrance":null,"religion":null,"grades":null,"email":null,"phone":null,"name:en":null,"wheelchair":null,"building:structure":null,"building:roof":null,"building:material":null,"building:condition":null,"access:roof":null,"building":null,"operator":"Swasta","opening_hours":null,"addr:postcode":null,"school:type_idn":null,"nspn":null,"isced:level":null,"website":null,"school":null,"fee":null,"contact:phone":null,"contact:fax":null,"contact:email":null,"addr:country":null,"local_ref":null,"natural":null,"wikipedia":null,"operator:type":null,"capacity":null,"building:levels":null,"addr:city":"Kota Bogor","wikidata":null,"jenjang":null,"alt_name":null,"addr:street":null,"addr:housenumber":null,"addr:housename":null,"name":"SD Sekolah Alam Bogor","addr:full":null,"barrier":null},"geometry":{"type":"Point","coordinates":[106.8231,-6.5731]}},
{"type":"Feature","properties":{"full_id":"n13438938728","osm_id":"13438938728","osm_type":"node","amenity":"school","ref":"20220274","education":"school","addr:subdistrict":"Tanah Baru","addr:province":null,"addr:district":"Bogor Utara","swing_gate:type":null,"entrance":null,"religion":null,"grades":null,"email":null,"phone":null,"name:en":null,"wheelchair":null,"building:structure":null,"building:roof":null,"building:material":null,"building:condition":null,"access:roof":null,"building":null,"operator":"Negeri","opening_hours":null,"addr:postcode":null,"school:type_idn":null,"nspn":null,"isced:level":null,"website":null,"school":null,"fee":null,"contact:phone":null,"contact:fax":null,"contact:email":null,"addr:country":null,"local_ref":null,"natural":null,"wikipedia":null,"operator:type":null,"capacity":null,"building:levels":null,"addr:city":"Kota Bogor","wikidata":null,"jenjang":null,"alt_name":null,"addr:street":null,"addr:housenumber":null,"addr:housename":null,"name":"SMK Negeri 2 Bogor","addr:full":null,"barrier":null},"geometry":{"type":"Point","coordinates":[106.8251,-6.5528]}},
{"type":"Feature","properties":{"full_id":"n13438938727","osm_id":"13438938727","osm_type":"node","amenity":"school","ref":"20220288","education":"school","addr:subdistrict":"Tanah Baru","addr:province":null,"addr:district":"Bogor Utara","swing_gate:type":null,"entrance":null,"religion":null,"grades":null,"email":null,"phone":null,"name:en":null,"wheelchair":null,"building:structure":null,"building:roof":null,"building:material":null,"building:condition":null,"access:roof":null,"building":null,"operator":"Swasta","opening_hours":null,"addr:postcode":null,"school:type_idn":null,"nspn":null,"isced:level":null,"website":null,"school":null,"fee":null,"contact:phone":null,"contact:fax":null,"contact:email":null,"addr:country":null,"local_ref":null,"natural":null,"wikipedia":null,"operator:type":null,"capacity":null,"building:levels":null,"addr:city":"Kota Bogor","wikidata":null,"jenjang":null,"alt_name":null,"addr:street":null,"addr:housenumber":null,"addr:housename":null,"name":"SMKS Bina Warga 2 Bogor","addr:full":null,"barrier":null},"geometry":{"type":"Point","coordinates":[106.8261,-6.5539]}},
{"type":"Feature","properties":{"full_id":"n13438938726","osm_id":"13438938726","osm_type":"node","amenity":"school","ref":"60726274","education":"school","addr:subdistrict":"Tanah Baru","addr:province":null,"addr:district":"Bogor Utara","swing_gate:type":null,"entrance":null,"religion":null,"grades":null,"email":null,"phone":null,"name:en":null,"wheelchair":null,"building:structure":null,"building:roof":null,"building:material":null,"building:condition":null,"access:roof":null,"building":null,"operator":"Swasta","opening_hours":null,"addr:postcode":null,"school:type_idn":null,"nspn":null,"isced:level":null,"website":null,"school":null,"fee":null,"contact:phone":null,"contact:fax":null,"contact:email":null,"addr:country":null,"local_ref":null,"natural":null,"wikipedia":null,"operator:type":null,"capacity":null,"building:levels":null,"addr:city":"Kota Bogor","wikidata":null,"jenjang":null,"alt_name":null,"addr:street":null,"addr:housenumber":null,"addr:housename":null,"name":"SMKS Budi Darma","addr:full":null,"barrier":null},"geometry":{"type":"Point","coordinates":[106.8185,-6.5893]}},
{"type":"Feature","properties":{"full_id":"n13438938725","osm_id":"13438938725","osm_type":"node","amenity":"school","ref":"20220287","education":"school","addr:subdistrict":"Tanah Baru","addr:province":null,"addr:district":"Bogor Utara","swing_gate:type":null,"entrance":null,"religion":null,"grades":null,"email":null,"phone":null,"name:en":null,"wheelchair":null,"building:structure":null,"building:roof":null,"building:material":null,"building:condition":null,"access:roof":null,"building":null,"operator":"Swasta","opening_hours":null,"addr:postcode":null,"school:type_idn":null,"nspn":null,"isced:level":null,"website":null,"school":null,"fee":null,"contact:phone":null,"contact:fax":null,"contact:email":null,"addr:country":null,"local_ref":null,"natural":null,"wikipedia":null,"operator:type":null,"capacity":null,"building:levels":null,"addr:city":"Kota Bogor","wikidata":null,"jenjang":null,"alt_name":null,"addr:street":null,"addr:housenumber":null,"addr:housename":null,"name":"SMKS Bina Warga 1 Bogor","addr:full":null,"barrier":null},"geometry":{"type":"Point","coordinates":[106.8256,-6.5537]}},
{"type":"Feature","properties":{"full_id":"n13438938736","osm_id":"13438938736","osm_type":"node","amenity":"school","ref":"20220492","education":"school","addr:subdistrict":"Tanah Sareal","addr:province":null,"addr:district":"Tanah Sareal","swing_gate:type":null,"entrance":null,"religion":null,"grades":null,"email":null,"phone":null,"name:en":null,"wheelchair":null,"building:structure":null,"building:roof":null,"building:material":null,"building:condition":null,"access:roof":null,"building":null,"operator":"Negeri","opening_hours":null,"addr:postcode":null,"school:type_idn":null,"nspn":null,"isced:level":null,"website":null,"school":null,"fee":null,"contact:phone":null,"contact:fax":null,"contact:email":null,"addr:country":null,"local_ref":null,"natural":null,"wikipedia":null,"operator:type":null,"capacity":null,"building:levels":null,"addr:city":"Kota Bogor","wikidata":null,"jenjang":null,"alt_name":null,"addr:street":null,"addr:housenumber":null,"addr:housename":null,"name":"SD Negeri Julang","addr:full":null,"barrier":null},"geometry":{"type":"Point","coordinates":[106.7985,-6.5728]}},
{"type":"Feature","properties":{"full_id":"n13438938735","osm_id":"13438938735","osm_type":"node","amenity":"school","ref":"69979155","education":"school","addr:subdistrict":"Tanah Sareal","addr:province":null,"addr:district":"Tanah Sareal","swing_gate:type":null,"entrance":null,"religion":null,"grades":null,"email":null,"phone":null,"name:en":null,"wheelchair":null,"building:structure":null,"building:roof":null,"building:material":null,"building:condition":null,"access:roof":null,"building":null,"operator":"Swasta","opening_hours":null,"addr:postcode":null,"school:type_idn":null,"nspn":null,"isced:level":null,"website":null,"school":null,"fee":null,"contact:phone":null,"contact:fax":null,"contact:email":null,"addr:country":null,"local_ref":null,"natural":null,"wikipedia":null,"operator:type":null,"capacity":null,"building:levels":null,"addr:city":"Kota Bogor","wikidata":null,"jenjang":null,"alt_name":null,"addr:street":null,"addr:housenumber":null,"addr:housename":null,"name":"SDIT Al Munawar Bogor","addr:full":null,"barrier":null},"geometry":{"type":"Point","coordinates":[106.7978,-6.5718]}},
{"type":"Feature","properties":{"full_id":"n13438938734","osm_id":"13438938734","osm_type":"node","amenity":"school","ref":"20238512","education":"school","addr:subdistrict":"Tanah Sareal","addr:province":null,"addr:district":"Tanah Sareal","swing_gate:type":null,"entrance":null,"religion":null,"grades":null,"email":null,"phone":null,"name:en":null,"wheelchair":null,"building:structure":null,"building:roof":null,"building:material":null,"building:condition":null,"access:roof":null,"building":null,"operator":"Swasta","opening_hours":null,"addr:postcode":null,"school:type_idn":null,"nspn":null,"isced:level":null,"website":null,"school":null,"fee":null,"contact:phone":null,"contact:fax":null,"contact:email":null,"addr:country":null,"local_ref":null,"natural":null,"wikipedia":null,"operator:type":null,"capacity":null,"building:levels":null,"addr:city":"Kota Bogor","wikidata":null,"jenjang":null,"alt_name":null,"addr:street":null,"addr:housenumber":null,"addr:housename":null,"name":"SMP Tunas Insani","addr:full":null,"barrier":null},"geometry":{"type":"Point","coordinates":[106.7997,-6.5793]}},
{"type":"Feature","properties":{"full_id":"n13438938733","osm_id":"13438938733","osm_type":"node","amenity":"school","ref":"20220335","education":"school","addr:subdistrict":"Tanah Sareal","addr:province":null,"addr:district":"Tanah Sareal","swing_gate:type":null,"entrance":null,"religion":null,"grades":null,"email":null,"phone":null,"name:en":null,"wheelchair":null,"building:structure":null,"building:roof":null,"building:material":null,"building:condition":null,"access:roof":null,"building":null,"operator":"Negeri","opening_hours":null,"addr:postcode":null,"school:type_idn":null,"nspn":null,"isced:level":null,"website":null,"school":null,"fee":null,"contact:phone":null,"contact:fax":null,"contact:email":null,"addr:country":null,"local_ref":null,"natural":null,"wikipedia":null,"operator:type":null,"capacity":null,"building:levels":null,"addr:city":"Kota Bogor","wikidata":null,"jenjang":null,"alt_name":null,"addr:street":null,"addr:housenumber":null,"addr:housename":null,"name":"SMA Negeri 6 Bogor","addr:full":null,"barrier":null},"geometry":{"type":"Point","coordinates":[106.7988,-6.5719]}},
{"type":"Feature","properties":{"full_id":"n13438938740","osm_id":"13438938740","osm_type":"node","amenity":"school","ref":"20220273","education":"school","addr:subdistrict":"Tanah Sareal","addr:province":null,"addr:district":"Tanah Sareal","swing_gate:type":null,"entrance":null,"religion":null,"grades":null,"email":null,"phone":null,"name:en":null,"wheelchair":null,"building:structure":null,"building:roof":null,"building:material":null,"building:condition":null,"access:roof":null,"building":null,"operator":"Negeri","opening_hours":null,"addr:postcode":null,"school:type_idn":null,"nspn":null,"isced:level":null,"website":null,"school":null,"fee":null,"contact:phone":null,"contact:fax":null,"contact:email":null,"addr:country":null,"local_ref":null,"natural":null,"wikipedia":null,"operator:type":null,"capacity":null,"building:levels":null,"addr:city":"Kota Bogor","wikidata":null,"jenjang":null,"alt_name":null,"addr:street":null,"addr:housenumber":null,"addr:housename":null,"name":"SMK Negeri 1 Bogor","addr:full":null,"barrier":null},"geometry":{"type":"Point","coordinates":[106.8033,-6.5694]}},
{"type":"Feature","properties":{"full_id":"n13438938739","osm_id":"13438938739","osm_type":"node","amenity":"school","ref":"20220379","education":"school","addr:subdistrict":"Tanah Sareal","addr:province":null,"addr:district":"Tanah Sareal","swing_gate:type":null,"entrance":null,"religion":null,"grades":null,"email":null,"phone":null,"name:en":null,"wheelchair":null,"building:structure":null,"building:roof":null,"building:material":null,"building:condition":null,"access:roof":null,"building":null,"operator":"Negeri","opening_hours":null,"addr:postcode":null,"school:type_idn":null,"nspn":null,"isced:level":null,"website":null,"school":null,"fee":null,"contact:phone":null,"contact:fax":null,"contact:email":null,"addr:country":null,"local_ref":null,"natural":null,"wikipedia":null,"operator:type":null,"capacity":null,"building:levels":null,"addr:city":"Kota Bogor","wikidata":null,"jenjang":null,"alt_name":null,"addr:street":null,"addr:housenumber":null,"addr:housename":null,"name":"SMP Negeri 5","addr:full":null,"barrier":null},"geometry":{"type":"Point","coordinates":[106.8005,-6.5692]}},
{"type":"Feature","properties":{"full_id":"n13438938738","osm_id":"13438938738","osm_type":"node","amenity":"school","ref":"20220356","education":"school","addr:subdistrict":"Tanah Sareal","addr:province":null,"addr:district":"Tanah Sareal","swing_gate:type":null,"entrance":null,"religion":null,"grades":null,"email":null,"phone":null,"name:en":null,"wheelchair":null,"building:structure":null,"building:roof":null,"building:material":null,"building:condition":null,"access:roof":null,"building":null,"operator":"Swasta","opening_hours":null,"addr:postcode":null,"school:type_idn":null,"nspn":null,"isced:level":null,"website":null,"school":null,"fee":null,"contact:phone":null,"contact:fax":null,"contact:email":null,"addr:country":null,"local_ref":null,"natural":null,"wikipedia":null,"operator:type":null,"capacity":null,"building:levels":null,"addr:city":"Kota Bogor","wikidata":null,"jenjang":null,"alt_name":null,"addr:street":null,"addr:housenumber":null,"addr:housename":null,"name":"SMP Yapis","addr:full":null,"barrier":null},"geometry":{"type":"Point","coordinates":[106.8043,-6.5736]}},
{"type":"Feature","properties":{"full_id":"n13438938737","osm_id":"13438938737","osm_type":"node","amenity":"school","ref":"20220388","education":"school","addr:subdistrict":"Tanah Sareal","addr:province":null,"addr:district":"Tanah Sareal","swing_gate:type":null,"entrance":null,"religion":null,"grades":null,"email":null,"phone":null,"name:en":null,"wheelchair":null,"building:structure":null,"building:roof":null,"building:material":null,"building:condition":null,"access:roof":null,"building":null,"operator":"Negeri","opening_hours":null,"addr:postcode":null,"school:type_idn":null,"nspn":null,"isced:level":null,"website":null,"school":null,"fee":null,"contact:phone":null,"contact:fax":null,"contact:email":null,"addr:country":null,"local_ref":null,"natural":null,"wikipedia":null,"operator:type":null,"capacity":null,"building:levels":null,"addr:city":"Kota Bogor","wikidata":null,"jenjang":null,"alt_name":null,"addr:street":null,"addr:housenumber":null,"addr:housename":null,"name":"SMP Negeri 12 Bogor","addr:full":null,"barrier":null},"geometry":{"type":"Point","coordinates":[106.7983,-6.5708]}},
{"type":"Feature","properties":{"full_id":"n13438938745","osm_id":"13438938745","osm_type":"node","amenity":"school","ref":"20220304","education":"school","addr:subdistrict":"Tanah Sareal","addr:province":null,"addr:district":"Tanah Sareal","swing_gate:type":null,"entrance":null,"religion":null,"grades":null,"email":null,"phone":null,"name:en":null,"wheelchair":null,"building:structure":null,"building:roof":null,"building:material":null,"building:condition":null,"access:roof":null,"building":null,"operator":"Swasta","opening_hours":null,"addr:postcode":null,"school:type_idn":null,"nspn":null,"isced:level":null,"website":null,"school":null,"fee":null,"contact:phone":null,"contact:fax":null,"contact:email":null,"addr:country":null,"local_ref":null,"natural":null,"wikipedia":null,"operator:type":null,"capacity":null,"building:levels":null,"addr:city":"Kota Bogor","wikidata":null,"jenjang":null,"alt_name":null,"addr:street":null,"addr:housenumber":null,"addr:housename":null,"name":"SMKS Ti Suryakencana Yapis Bogor","addr:full":null,"barrier":null},"geometry":{"type":"Point","coordinates":[106.8022,-6.5751]}},
{"type":"Feature","properties":{"full_id":"n13438938744","osm_id":"13438938744","osm_type":"node","amenity":"school","ref":"20220553","education":"school","addr:subdistrict":"Tanah Sareal","addr:province":null,"addr:district":"Tanah Sareal","swing_gate:type":null,"entrance":null,"religion":null,"grades":null,"email":null,"phone":null,"name:en":null,"wheelchair":null,"building:structure":null,"building:roof":null,"building:material":null,"building:condition":null,"access:roof":null,"building":null,"operator":"Negeri","opening_hours":null,"addr:postcode":null,"school:type_idn":null,"nspn":null,"isced:level":null,"website":null,"school":null,"fee":null,"contact:phone":null,"contact:fax":null,"contact:email":null,"addr:country":null,"local_ref":null,"natural":null,"wikipedia":null,"operator:type":null,"capacity":null,"building:levels":null,"addr:city":"Kota Bogor","wikidata":null,"jenjang":null,"alt_name":null,"addr:street":null,"addr:housenumber":null,"addr:housename":null,"name":"SD Negeri Tanah Sareal 1 Bogor","addr:full":null,"barrier":null},"geometry":{"type":"Point","coordinates":[106.8046,-6.5727]}},
{"type":"Feature","properties":{"full_id":"n13438938743","osm_id":"13438938743","osm_type":"node","amenity":"school","ref":"20219909","education":"school","addr:subdistrict":"Tanah Sareal","addr:province":null,"addr:district":"Tanah Sareal","swing_gate:type":null,"entrance":null,"religion":null,"grades":null,"email":null,"phone":null,"name:en":null,"wheelchair":null,"building:structure":null,"building:roof":null,"building:material":null,"building:condition":null,"access:roof":null,"building":null,"operator":"Swasta","opening_hours":null,"addr:postcode":null,"school:type_idn":null,"nspn":null,"isced:level":null,"website":null,"school":null,"fee":null,"contact:phone":null,"contact:fax":null,"contact:email":null,"addr:country":null,"local_ref":null,"natural":null,"wikipedia":null,"operator:type":null,"capacity":null,"building:levels":null,"addr:city":"Kota Bogor","wikidata":null,"jenjang":null,"alt_name":null,"addr:street":null,"addr:housenumber":null,"addr:housename":null,"name":"SD Yapis","addr:full":null,"barrier":null},"geometry":{"type":"Point","coordinates":[106.7998,-6.5761]}},
{"type":"Feature","properties":{"full_id":"n13438938741","osm_id":"13438938741","osm_type":"node","amenity":"school","ref":"20220557","education":"school","addr:subdistrict":"Tanah Sareal","addr:province":null,"addr:district":"Tanah Sareal","swing_gate:type":null,"entrance":null,"religion":null,"grades":null,"email":null,"phone":null,"name:en":null,"wheelchair":null,"building:structure":null,"building:roof":null,"building:material":null,"building:condition":null,"access:roof":null,"building":null,"operator":"Negeri","opening_hours":null,"addr:postcode":null,"school:type_idn":null,"nspn":null,"isced:level":null,"website":null,"school":null,"fee":null,"contact:phone":null,"contact:fax":null,"contact:email":null,"addr:country":null,"local_ref":null,"natural":null,"wikipedia":null,"operator:type":null,"capacity":null,"building:levels":null,"addr:city":"Kota Bogor","wikidata":null,"jenjang":null,"alt_name":null,"addr:street":null,"addr:housenumber":null,"addr:housename":null,"name":"SD Negeri Tanah Sareal 4","addr:full":null,"barrier":null},"geometry":{"type":"Point","coordinates":[106.8002,-6.5791]}},
{"type":"Feature","properties":{"full_id":"n13438938752","osm_id":"13438938752","osm_type":"node","amenity":"school","ref":"20257153","education":"school","addr:subdistrict":"Sukasari","addr:province":null,"addr:district":"Bogor Timur","swing_gate:type":null,"entrance":null,"religion":null,"grades":null,"email":null,"phone":null,"name:en":null,"wheelchair":null,"building:structure":null,"building:roof":null,"building:material":null,"building:condition":null,"access:roof":null,"building":null,"operator":"Swasta","opening_hours":null,"addr:postcode":null,"school:type_idn":null,"nspn":null,"isced:level":null,"website":null,"school":null,"fee":null,"contact:phone":null,"contact:fax":null,"contact:email":null,"addr:country":null,"local_ref":null,"natural":null,"wikipedia":null,"operator:type":null,"capacity":null,"building:levels":null,"addr:city":"Kota Bogor","wikidata":null,"jenjang":null,"alt_name":null,"addr:street":null,"addr:housenumber":null,"addr:housename":null,"name":"SMP Advent Bogor","addr:full":null,"barrier":null},"geometry":{"type":"Point","coordinates":[106.815232,-6.619661]}},
{"type":"Feature","properties":{"full_id":"n13438938751","osm_id":"13438938751","osm_type":"node","amenity":"school","ref":"69983882","education":"school","addr:subdistrict":"Sukasari","addr:province":null,"addr:district":"Bogor Timur","swing_gate:type":null,"entrance":null,"religion":null,"grades":null,"email":null,"phone":null,"name:en":null,"wheelchair":null,"building:structure":null,"building:roof":null,"building:material":null,"building:condition":null,"access:roof":null,"building":null,"operator":"Swasta","opening_hours":null,"addr:postcode":null,"school:type_idn":null,"nspn":null,"isced:level":null,"website":null,"school":null,"fee":null,"contact:phone":null,"contact:fax":null,"contact:email":null,"addr:country":null,"local_ref":null,"natural":null,"wikipedia":null,"operator:type":null,"capacity":null,"building:levels":null,"addr:city":"Kota Bogor","wikidata":null,"jenjang":null,"alt_name":null,"addr:street":null,"addr:housenumber":null,"addr:housename":null,"name":"SD Sekolah Pintu Cerdas","addr:full":null,"barrier":null},"geometry":{"type":"Point","coordinates":[106.815703,-6.617796]}},
{"type":"Feature","properties":{"full_id":"n13438938750","osm_id":"13438938750","osm_type":"node","amenity":"school","ref":"20238461","education":"school","addr:subdistrict":"Sukasari","addr:province":null,"addr:district":"Bogor Timur","swing_gate:type":null,"entrance":null,"religion":null,"grades":null,"email":null,"phone":null,"name:en":null,"wheelchair":null,"building:structure":null,"building:roof":null,"building:material":null,"building:condition":null,"access:roof":null,"building":null,"operator":"Negeri","opening_hours":null,"addr:postcode":null,"school:type_idn":null,"nspn":null,"isced:level":null,"website":null,"school":null,"fee":null,"contact:phone":null,"contact:fax":null,"contact:email":null,"addr:country":null,"local_ref":null,"natural":null,"wikipedia":null,"operator:type":null,"capacity":null,"building:levels":null,"addr:city":"Kota Bogor","wikidata":null,"jenjang":null,"alt_name":null,"addr:street":null,"addr:housenumber":null,"addr:housename":null,"name":"SD Negeri Sukasari","addr:full":null,"barrier":null},"geometry":{"type":"Point","coordinates":[106.8071,-6.6121]}},
{"type":"Feature","properties":{"full_id":"n13438938746","osm_id":"13438938746","osm_type":"node","amenity":"school","ref":"20238473","education":"school","addr:subdistrict":"Tanah Sareal","addr:province":null,"addr:district":"Tanah Sareal","swing_gate:type":null,"entrance":null,"religion":null,"grades":null,"email":null,"phone":null,"name:en":null,"wheelchair":null,"building:structure":null,"building:roof":null,"building:material":null,"building:condition":null,"access:roof":null,"building":null,"operator":"Swasta","opening_hours":null,"addr:postcode":null,"school:type_idn":null,"nspn":null,"isced:level":null,"website":null,"school":null,"fee":null,"contact:phone":null,"contact:fax":null,"contact:email":null,"addr:country":null,"local_ref":null,"natural":null,"wikipedia":null,"operator:type":null,"capacity":null,"building:levels":null,"addr:city":"Kota Bogor","wikidata":null,"jenjang":null,"alt_name":null,"addr:street":null,"addr:housenumber":null,"addr:housename":null,"name":"SDIT Al-azhhar","addr:full":null,"barrier":null},"geometry":{"type":"Point","coordinates":[106.8042,-6.5737]}},
{"type":"Feature","properties":{"full_id":"n13438938756","osm_id":"13438938756","osm_type":"node","amenity":"school","ref":"20219923","education":"school","addr:subdistrict":"Sukasari","addr:province":null,"addr:district":"Bogor Timur","swing_gate:type":null,"entrance":null,"religion":null,"grades":null,"email":null,"phone":null,"name:en":null,"wheelchair":null,"building:structure":null,"building:roof":null,"building:material":null,"building:condition":null,"access:roof":null,"building":null,"operator":"Swasta","opening_hours":null,"addr:postcode":null,"school:type_idn":null,"nspn":null,"isced:level":null,"website":null,"school":null,"fee":null,"contact:phone":null,"contact:fax":null,"contact:email":null,"addr:country":null,"local_ref":null,"natural":null,"wikipedia":null,"operator:type":null,"capacity":null,"building:levels":null,"addr:city":"Kota Bogor","wikidata":null,"jenjang":null,"alt_name":null,"addr:street":null,"addr:housenumber":null,"addr:housename":null,"name":"SD Pelangi Kasih","addr:full":null,"barrier":null},"geometry":{"type":"Point","coordinates":[106.8095,-6.6153]}},
{"type":"Feature","properties":{"full_id":"n13438938755","osm_id":"13438938755","osm_type":"node","amenity":"school","ref":"20219924","education":"school","addr:subdistrict":"Sukasari","addr:province":null,"addr:district":"Bogor Timur","swing_gate:type":null,"entrance":null,"religion":null,"grades":null,"email":null,"phone":null,"name:en":null,"wheelchair":null,"building:structure":null,"building:roof":null,"building:material":null,"building:condition":null,"access:roof":null,"building":null,"operator":"Swasta","opening_hours":null,"addr:postcode":null,"school:type_idn":null,"nspn":null,"isced:level":null,"website":null,"school":null,"fee":null,"contact:phone":null,"contact:fax":null,"contact:email":null,"addr:country":null,"local_ref":null,"natural":null,"wikipedia":null,"operator:type":null,"capacity":null,"building:levels":null,"addr:city":"Kota Bogor","wikidata":null,"jenjang":null,"alt_name":null,"addr:street":null,"addr:housenumber":null,"addr:housename":null,"name":"SD Pertiwi","addr:full":null,"barrier":null},"geometry":{"type":"Point","coordinates":[106.8161,-6.6188]}},
{"type":"Feature","properties":{"full_id":"n13438938754","osm_id":"13438938754","osm_type":"node","amenity":"school","ref":"69855412","education":"school","addr:subdistrict":"Sukasari","addr:province":null,"addr:district":"Bogor Timur","swing_gate:type":null,"entrance":null,"religion":null,"grades":null,"email":null,"phone":null,"name:en":null,"wheelchair":null,"building:structure":null,"building:roof":null,"building:material":null,"building:condition":null,"access:roof":null,"building":null,"operator":"Swasta","opening_hours":null,"addr:postcode":null,"school:type_idn":null,"nspn":null,"isced:level":null,"website":null,"school":null,"fee":null,"contact:phone":null,"contact:fax":null,"contact:email":null,"addr:country":null,"local_ref":null,"natural":null,"wikipedia":null,"operator:type":null,"capacity":null,"building:levels":null,"addr:city":"Kota Bogor","wikidata":null,"jenjang":null,"alt_name":null,"addr:street":null,"addr:housenumber":null,"addr:housename":null,"name":"SMAS Perguruan Advent Bogor","addr:full":null,"barrier":null},"geometry":{"type":"Point","coordinates":[106.815491,-6.619565]}},
{"type":"Feature","properties":{"full_id":"n13438938753","osm_id":"13438938753","osm_type":"node","amenity":"school","ref":"20219987","education":"school","addr:subdistrict":"Sukasari","addr:province":null,"addr:district":"Bogor Timur","swing_gate:type":null,"entrance":null,"religion":null,"grades":null,"email":null,"phone":null,"name:en":null,"wheelchair":null,"building:structure":null,"building:roof":null,"building:material":null,"building:condition":null,"access:roof":null,"building":null,"operator":"Swasta","opening_hours":null,"addr:postcode":null,"school:type_idn":null,"nspn":null,"isced:level":null,"website":null,"school":null,"fee":null,"contact:phone":null,"contact:fax":null,"contact:email":null,"addr:country":null,"local_ref":null,"natural":null,"wikipedia":null,"operator:type":null,"capacity":null,"building:levels":null,"addr:city":"Kota Bogor","wikidata":null,"jenjang":null,"alt_name":null,"addr:street":null,"addr:housenumber":null,"addr:housename":null,"name":"SD Advent","addr:full":null,"barrier":null},"geometry":{"type":"Point","coordinates":[106.8154033,-6.6196483]}},
{"type":"Feature","properties":{"full_id":"n13438938766","osm_id":"13438938766","osm_type":"node","amenity":"school","ref":"20220522","education":"school","addr:subdistrict":"Sukadamai","addr:province":null,"addr:district":"Tanah Sareal","swing_gate:type":null,"entrance":null,"religion":null,"grades":null,"email":null,"phone":null,"name:en":null,"wheelchair":null,"building:structure":null,"building:roof":null,"building:material":null,"building:condition":null,"access:roof":null,"building":null,"operator":"Negeri","opening_hours":null,"addr:postcode":null,"school:type_idn":null,"nspn":null,"isced:level":null,"website":null,"school":null,"fee":null,"contact:phone":null,"contact:fax":null,"contact:email":null,"addr:country":null,"local_ref":null,"natural":null,"wikipedia":null,"operator:type":null,"capacity":null,"building:levels":null,"addr:city":"Kota Bogor","wikidata":null,"jenjang":null,"alt_name":null,"addr:street":null,"addr:housenumber":null,"addr:housename":null,"name":"SD Negeri Situpete","addr:full":null,"barrier":null},"geometry":{"type":"Point","coordinates":[106.7883,-6.5548]}},
{"type":"Feature","properties":{"full_id":"n13438938759","osm_id":"13438938759","osm_type":"node","amenity":"school","ref":"20220540","education":"school","addr:subdistrict":"Tajur","addr:province":null,"addr:district":"Bogor Timur","swing_gate:type":null,"entrance":null,"religion":null,"grades":null,"email":null,"phone":null,"name:en":null,"wheelchair":null,"building:structure":null,"building:roof":null,"building:material":null,"building:condition":null,"access:roof":null,"building":null,"operator":"Negeri","opening_hours":null,"addr:postcode":null,"school:type_idn":null,"nspn":null,"isced:level":null,"website":null,"school":null,"fee":null,"contact:phone":null,"contact:fax":null,"contact:email":null,"addr:country":null,"local_ref":null,"natural":null,"wikipedia":null,"operator:type":null,"capacity":null,"building:levels":null,"addr:city":"Kota Bogor","wikidata":null,"jenjang":null,"alt_name":null,"addr:street":null,"addr:housenumber":null,"addr:housename":null,"name":"SD Negeri Tajur 1","addr:full":null,"barrier":null},"geometry":{"type":"Point","coordinates":[106.8253,-6.6306]}},
{"type":"Feature","properties":{"full_id":"n13438938758","osm_id":"13438938758","osm_type":"node","amenity":"school","ref":"20220552","education":"school","addr:subdistrict":"Tajur","addr:province":null,"addr:district":"Bogor Timur","swing_gate:type":null,"entrance":null,"religion":null,"grades":null,"email":null,"phone":null,"name:en":null,"wheelchair":null,"building:structure":null,"building:roof":null,"building:material":null,"building:condition":null,"access:roof":null,"building":null,"operator":"Negeri","opening_hours":null,"addr:postcode":null,"school:type_idn":null,"nspn":null,"isced:level":null,"website":null,"school":null,"fee":null,"contact:phone":null,"contact:fax":null,"contact:email":null,"addr:country":null,"local_ref":null,"natural":null,"wikipedia":null,"operator:type":null,"capacity":null,"building:levels":null,"addr:city":"Kota Bogor","wikidata":null,"jenjang":null,"alt_name":null,"addr:street":null,"addr:housenumber":null,"addr:housename":null,"name":"SD Negeri Tajur 3","addr:full":null,"barrier":null},"geometry":{"type":"Point","coordinates":[106.8254,-6.6268]}},
{"type":"Feature","properties":{"full_id":"n13438938757","osm_id":"13438938757","osm_type":"node","amenity":"school","ref":"20220551","education":"school","addr:subdistrict":"Tajur","addr:province":null,"addr:district":"Bogor Timur","swing_gate:type":null,"entrance":null,"religion":null,"grades":null,"email":null,"phone":null,"name:en":null,"wheelchair":null,"building:structure":null,"building:roof":null,"building:material":null,"building:condition":null,"access:roof":null,"building":null,"operator":"Negeri","opening_hours":null,"addr:postcode":null,"school:type_idn":null,"nspn":null,"isced:level":null,"website":null,"school":null,"fee":null,"contact:phone":null,"contact:fax":null,"contact:email":null,"addr:country":null,"local_ref":null,"natural":null,"wikipedia":null,"operator:type":null,"capacity":null,"building:levels":null,"addr:city":"Kota Bogor","wikidata":null,"jenjang":null,"alt_name":null,"addr:street":null,"addr:housenumber":null,"addr:housename":null,"name":"SD Negeri Tajur 2","addr:full":null,"barrier":null},"geometry":{"type":"Point","coordinates":[106.825394,-6.630767]}},
{"type":"Feature","properties":{"full_id":"n13438938770","osm_id":"13438938770","osm_type":"node","amenity":"school","ref":"20220413","education":"school","addr:subdistrict":"Sukadamai","addr:province":null,"addr:district":"Tanah Sareal","swing_gate:type":null,"entrance":null,"religion":null,"grades":null,"email":null,"phone":null,"name:en":null,"wheelchair":null,"building:structure":null,"building:roof":null,"building:material":null,"building:condition":null,"access:roof":null,"building":null,"operator":"Swasta","opening_hours":null,"addr:postcode":null,"school:type_idn":null,"nspn":null,"isced:level":null,"website":null,"school":null,"fee":null,"contact:phone":null,"contact:fax":null,"contact:email":null,"addr:country":null,"local_ref":null,"natural":null,"wikipedia":null,"operator:type":null,"capacity":null,"building:levels":null,"addr:city":"Kota Bogor","wikidata":null,"jenjang":null,"alt_name":null,"addr:street":null,"addr:housenumber":null,"addr:housename":null,"name":"SMP Bina Insani","addr:full":null,"barrier":null},"geometry":{"type":"Point","coordinates":[106.7859,-6.5567]}},
{"type":"Feature","properties":{"full_id":"n13438938769","osm_id":"13438938769","osm_type":"node","amenity":"school","ref":"20219971","education":"school","addr:subdistrict":"Sukadamai","addr:province":null,"addr:district":"Tanah Sareal","swing_gate:type":null,"entrance":null,"religion":null,"grades":null,"email":null,"phone":null,"name:en":null,"wheelchair":null,"building:structure":null,"building:roof":null,"building:material":null,"building:condition":null,"access:roof":null,"building":null,"operator":"Swasta","opening_hours":null,"addr:postcode":null,"school:type_idn":null,"nspn":null,"isced:level":null,"website":null,"school":null,"fee":null,"contact:phone":null,"contact:fax":null,"contact:email":null,"addr:country":null,"local_ref":null,"natural":null,"wikipedia":null,"operator:type":null,"capacity":null,"building:levels":null,"addr:city":"Kota Bogor","wikidata":null,"jenjang":null,"alt_name":null,"addr:street":null,"addr:housenumber":null,"addr:housename":null,"name":"SD Bina Insani","addr:full":null,"barrier":null},"geometry":{"type":"Point","coordinates":[106.7853,-6.5565]}},
{"type":"Feature","properties":{"full_id":"n13438938768","osm_id":"13438938768","osm_type":"node","amenity":"school","ref":"20220524","education":"school","addr:subdistrict":"Sukadamai","addr:province":null,"addr:district":"Tanah Sareal","swing_gate:type":null,"entrance":null,"religion":null,"grades":null,"email":null,"phone":null,"name:en":null,"wheelchair":null,"building:structure":null,"building:roof":null,"building:material":null,"building:condition":null,"access:roof":null,"building":null,"operator":"Negeri","opening_hours":null,"addr:postcode":null,"school:type_idn":null,"nspn":null,"isced:level":null,"website":null,"school":null,"fee":null,"contact:phone":null,"contact:fax":null,"contact:email":null,"addr:country":null,"local_ref":null,"natural":null,"wikipedia":null,"operator:type":null,"capacity":null,"building:levels":null,"addr:city":"Kota Bogor","wikidata":null,"jenjang":null,"alt_name":null,"addr:street":null,"addr:housenumber":null,"addr:housename":null,"name":"SD Negeri Sukadamai 2","addr:full":null,"barrier":null},"geometry":{"type":"Point","coordinates":[106.7892,-6.5535]}},
{"type":"Feature","properties":{"full_id":"n13438938767","osm_id":"13438938767","osm_type":"node","amenity":"school","ref":"20220523","education":"school","addr:subdistrict":"Sukadamai","addr:province":null,"addr:district":"Tanah Sareal","swing_gate:type":null,"entrance":null,"religion":null,"grades":null,"email":null,"phone":null,"name:en":null,"wheelchair":null,"building:structure":null,"building:roof":null,"building:material":null,"building:condition":null,"access:roof":null,"building":null,"operator":"Negeri","opening_hours":null,"addr:postcode":null,"school:type_idn":null,"nspn":null,"isced:level":null,"website":null,"school":null,"fee":null,"contact:phone":null,"contact:fax":null,"contact:email":null,"addr:country":null,"local_ref":null,"natural":null,"wikipedia":null,"operator:type":null,"capacity":null,"building:levels":null,"addr:city":"Kota Bogor","wikidata":null,"jenjang":null,"alt_name":null,"addr:street":null,"addr:housenumber":null,"addr:housename":null,"name":"SD Negeri Sukadamai 1","addr:full":null,"barrier":null},"geometry":{"type":"Point","coordinates":[106.7854,-6.5462]}},
{"type":"Feature","properties":{"full_id":"n13438938780","osm_id":"13438938780","osm_type":"node","amenity":"school","ref":"20238484","education":"school","addr:subdistrict":"Sukaresmi","addr:province":null,"addr:district":"Tanah Sareal","swing_gate:type":null,"entrance":null,"religion":null,"grades":null,"email":null,"phone":null,"name:en":null,"wheelchair":null,"building:structure":null,"building:roof":null,"building:material":null,"building:condition":null,"access:roof":null,"building":null,"operator":"Swasta","opening_hours":null,"addr:postcode":null,"school:type_idn":null,"nspn":null,"isced:level":null,"website":null,"school":null,"fee":null,"contact:phone":null,"contact:fax":null,"contact:email":null,"addr:country":null,"local_ref":null,"natural":null,"wikipedia":null,"operator:type":null,"capacity":null,"building:levels":null,"addr:city":"Kota Bogor","wikidata":null,"jenjang":null,"alt_name":null,"addr:street":null,"addr:housenumber":null,"addr:housename":null,"name":"SMP Al Munir","addr:full":null,"barrier":null},"geometry":{"type":"Point","coordinates":[106.8048,-6.5561]}},
{"type":"Feature","properties":{"full_id":"n13438938779","osm_id":"13438938779","osm_type":"node","amenity":"school","ref":"69970051","education":"school","addr:subdistrict":"Sukaresmi","addr:province":null,"addr:district":"Tanah Sareal","swing_gate:type":null,"entrance":null,"religion":null,"grades":null,"email":null,"phone":null,"name:en":null,"wheelchair":null,"building:structure":null,"building:roof":null,"building:material":null,"building:condition":null,"access:roof":null,"building":null,"operator":"Swasta","opening_hours":null,"addr:postcode":null,"school:type_idn":null,"nspn":null,"isced:level":null,"website":null,"school":null,"fee":null,"contact:phone":null,"contact:fax":null,"contact:email":null,"addr:country":null,"local_ref":null,"natural":null,"wikipedia":null,"operator:type":null,"capacity":null,"building:levels":null,"addr:city":"Kota Bogor","wikidata":null,"jenjang":null,"alt_name":null,"addr:street":null,"addr:housenumber":null,"addr:housename":null,"name":"SDIT Al-yasmin 2","addr:full":null,"barrier":null},"geometry":{"type":"Point","coordinates":[106.7994,-6.5535]}},
{"type":"Feature","properties":{"full_id":"n13438938772","osm_id":"13438938772","osm_type":"node","amenity":"school","ref":"20220322","education":"school","addr:subdistrict":"Sukadamai","addr:province":null,"addr:district":"Tanah Sareal","swing_gate:type":null,"entrance":null,"religion":null,"grades":null,"email":null,"phone":null,"name:en":null,"wheelchair":null,"building:structure":null,"building:roof":null,"building:material":null,"building:condition":null,"access:roof":null,"building":null,"operator":"Swasta","opening_hours":null,"addr:postcode":null,"school:type_idn":null,"nspn":null,"isced:level":null,"website":null,"school":null,"fee":null,"contact:phone":null,"contact:fax":null,"contact:email":null,"addr:country":null,"local_ref":null,"natural":null,"wikipedia":null,"operator:type":null,"capacity":null,"building:levels":null,"addr:city":"Kota Bogor","wikidata":null,"jenjang":null,"alt_name":null,"addr:street":null,"addr:housenumber":null,"addr:housename":null,"name":"SMAS Bina Insani","addr:full":null,"barrier":null},"geometry":{"type":"Point","coordinates":[106.7863,-6.5572]}},
{"type":"Feature","properties":{"full_id":"n13438938771","osm_id":"13438938771","osm_type":"node","amenity":"school","ref":"20220525","education":"school","addr:subdistrict":"Sukadamai","addr:province":null,"addr:district":"Tanah Sareal","swing_gate:type":null,"entrance":null,"religion":null,"grades":null,"email":null,"phone":null,"name:en":null,"wheelchair":null,"building:structure":null,"building:roof":null,"building:material":null,"building:condition":null,"access:roof":null,"building":null,"operator":"Negeri","opening_hours":null,"addr:postcode":null,"school:type_idn":null,"nspn":null,"isced:level":null,"website":null,"school":null,"fee":null,"contact:phone":null,"contact:fax":null,"contact:email":null,"addr:country":null,"local_ref":null,"natural":null,"wikipedia":null,"operator:type":null,"capacity":null,"building:levels":null,"addr:city":"Kota Bogor","wikidata":null,"jenjang":null,"alt_name":null,"addr:street":null,"addr:housenumber":null,"addr:housename":null,"name":"SD Negeri Sukadamai 3","addr:full":null,"barrier":null},"geometry":{"type":"Point","coordinates":[106.7917,-6.5558]}},
{"type":"Feature","properties":{"full_id":"n13438938784","osm_id":"13438938784","osm_type":"node","amenity":"school","ref":"20220526","education":"school","addr:subdistrict":"Sukaresmi","addr:province":null,"addr:district":"Tanah Sareal","swing_gate:type":null,"entrance":null,"religion":null,"grades":null,"email":null,"phone":null,"name:en":null,"wheelchair":null,"building:structure":null,"building:roof":null,"building:material":null,"building:condition":null,"access:roof":null,"building":null,"operator":"Negeri","opening_hours":null,"addr:postcode":null,"school:type_idn":null,"nspn":null,"isced:level":null,"website":null,"school":null,"fee":null,"contact:phone":null,"contact:fax":null,"contact:email":null,"addr:country":null,"local_ref":null,"natural":null,"wikipedia":null,"operator:type":null,"capacity":null,"building:levels":null,"addr:city":"Kota Bogor","wikidata":null,"jenjang":null,"alt_name":null,"addr:street":null,"addr:housenumber":null,"addr:housename":null,"name":"SD Negeri Sukaresmi","addr:full":null,"barrier":null},"geometry":{"type":"Point","coordinates":[106.8048,-6.5555]}},
{"type":"Feature","properties":{"full_id":"n13438938783","osm_id":"13438938783","osm_type":"node","amenity":"school","ref":"20238516","education":"school","addr:subdistrict":"Sukaresmi","addr:province":null,"addr:district":"Tanah Sareal","swing_gate:type":null,"entrance":null,"religion":null,"grades":null,"email":null,"phone":null,"name:en":null,"wheelchair":null,"building:structure":null,"building:roof":null,"building:material":null,"building:condition":null,"access:roof":null,"building":null,"operator":"Negeri","opening_hours":null,"addr:postcode":null,"school:type_idn":null,"nspn":null,"isced:level":null,"website":null,"school":null,"fee":null,"contact:phone":null,"contact:fax":null,"contact:email":null,"addr:country":null,"local_ref":null,"natural":null,"wikipedia":null,"operator:type":null,"capacity":null,"building:levels":null,"addr:city":"Kota Bogor","wikidata":null,"jenjang":null,"alt_name":null,"addr:street":null,"addr:housenumber":null,"addr:housename":null,"name":"SMA Negeri 2 Bogor","addr:full":null,"barrier":null},"geometry":{"type":"Point","coordinates":[106.7942,-6.5542]}},
{"type":"Feature","properties":{"full_id":"n13438938782","osm_id":"13438938782","osm_type":"node","amenity":"school","ref":"20256553","education":"school","addr:subdistrict":"Sukaresmi","addr:province":null,"addr:district":"Tanah Sareal","swing_gate:type":null,"entrance":null,"religion":null,"grades":null,"email":null,"phone":null,"name:en":null,"wheelchair":null,"building:structure":null,"building:roof":null,"building:material":null,"building:condition":null,"access:roof":null,"building":null,"operator":"Swasta","opening_hours":null,"addr:postcode":null,"school:type_idn":null,"nspn":null,"isced:level":null,"website":null,"school":null,"fee":null,"contact:phone":null,"contact:fax":null,"contact:email":null,"addr:country":null,"local_ref":null,"natural":null,"wikipedia":null,"operator:type":null,"capacity":null,"building:levels":null,"addr:city":"Kota Bogor","wikidata":null,"jenjang":null,"alt_name":null,"addr:street":null,"addr:housenumber":null,"addr:housename":null,"name":"SMKS Informatika Global Nusantara","addr:full":null,"barrier":null},"geometry":{"type":"Point","coordinates":[106.7998,-6.551]}},
{"type":"Feature","properties":{"full_id":"n13438938781","osm_id":"13438938781","osm_type":"node","amenity":"school","ref":"69889181","education":"school","addr:subdistrict":"Sukaresmi","addr:province":null,"addr:district":"Tanah Sareal","swing_gate:type":null,"entrance":null,"religion":null,"grades":null,"email":null,"phone":null,"name:en":null,"wheelchair":null,"building:structure":null,"building:roof":null,"building:material":null,"building:condition":null,"access:roof":null,"building":null,"operator":"Swasta","opening_hours":null,"addr:postcode":null,"school:type_idn":null,"nspn":null,"isced:level":null,"website":null,"school":null,"fee":null,"contact:phone":null,"contact:fax":null,"contact:email":null,"addr:country":null,"local_ref":null,"natural":null,"wikipedia":null,"operator:type":null,"capacity":null,"building:levels":null,"addr:city":"Kota Bogor","wikidata":null,"jenjang":null,"alt_name":null,"addr:street":null,"addr:housenumber":null,"addr:housename":null,"name":"SD Sentana Montesori School","addr:full":null,"barrier":null},"geometry":{"type":"Point","coordinates":[106.799875,-6.555522]}},
{"type":"Feature","properties":{"full_id":"n13438938788","osm_id":"13438938788","osm_type":"node","amenity":"school","ref":"20245286","education":"school","addr:subdistrict":"Sindangsari","addr:province":null,"addr:district":"Bogor Timur","swing_gate:type":null,"entrance":null,"religion":null,"grades":null,"email":null,"phone":null,"name:en":null,"wheelchair":null,"building:structure":null,"building:roof":null,"building:material":null,"building:condition":null,"access:roof":null,"building":null,"operator":"Swasta","opening_hours":null,"addr:postcode":null,"school:type_idn":null,"nspn":null,"isced:level":null,"website":null,"school":null,"fee":null,"contact:phone":null,"contact:fax":null,"contact:email":null,"addr:country":null,"local_ref":null,"natural":null,"wikipedia":null,"operator:type":null,"capacity":null,"building:levels":null,"addr:city":"Kota Bogor","wikidata":null,"jenjang":null,"alt_name":null,"addr:street":null,"addr:housenumber":null,"addr:housename":null,"name":"SMKS Yza 2 Bogor","addr:full":null,"barrier":null},"geometry":{"type":"Point","coordinates":[106.8455433,-6.6512167]}},
{"type":"Feature","properties":{"full_id":"n13438938787","osm_id":"13438938787","osm_type":"node","amenity":"school","ref":"20238515","education":"school","addr:subdistrict":"Sindangsari","addr:province":null,"addr:district":"Bogor Timur","swing_gate:type":null,"entrance":null,"religion":null,"grades":null,"email":null,"phone":null,"name:en":null,"wheelchair":null,"building:structure":null,"building:roof":null,"building:material":null,"building:condition":null,"access:roof":null,"building":null,"operator":"Swasta","opening_hours":null,"addr:postcode":null,"school:type_idn":null,"nspn":null,"isced:level":null,"website":null,"school":null,"fee":null,"contact:phone":null,"contact:fax":null,"contact:email":null,"addr:country":null,"local_ref":null,"natural":null,"wikipedia":null,"operator:type":null,"capacity":null,"building:levels":null,"addr:city":"Kota Bogor","wikidata":null,"jenjang":null,"alt_name":null,"addr:street":null,"addr:housenumber":null,"addr:housename":null,"name":"SMAS Islam Al Umm","addr:full":null,"barrier":null},"geometry":{"type":"Point","coordinates":[106.8464733,-6.6485883]}},
{"type":"Feature","properties":{"full_id":"n13438938786","osm_id":"13438938786","osm_type":"node","amenity":"school","ref":"20238494","education":"school","addr:subdistrict":"Sindangsari","addr:province":null,"addr:district":"Bogor Timur","swing_gate:type":null,"entrance":null,"religion":null,"grades":null,"email":null,"phone":null,"name:en":null,"wheelchair":null,"building:structure":null,"building:roof":null,"building:material":null,"building:condition":null,"access:roof":null,"building":null,"operator":"Swasta","opening_hours":null,"addr:postcode":null,"school:type_idn":null,"nspn":null,"isced:level":null,"website":null,"school":null,"fee":null,"contact:phone":null,"contact:fax":null,"contact:email":null,"addr:country":null,"local_ref":null,"natural":null,"wikipedia":null,"operator:type":null,"capacity":null,"building:levels":null,"addr:city":"Kota Bogor","wikidata":null,"jenjang":null,"alt_name":null,"addr:street":null,"addr:housenumber":null,"addr:housename":null,"name":"SMP Islam Al-umm","addr:full":null,"barrier":null},"geometry":{"type":"Point","coordinates":[106.8466517,-6.64864]}},
{"type":"Feature","properties":{"full_id":"n13438938785","osm_id":"13438938785","osm_type":"node","amenity":"school","ref":"20220299","education":"school","addr:subdistrict":"Sindangsari","addr:province":null,"addr:district":"Bogor Timur","swing_gate:type":null,"entrance":null,"religion":null,"grades":null,"email":null,"phone":null,"name:en":null,"wheelchair":null,"building:structure":null,"building:roof":null,"building:material":null,"building:condition":null,"access:roof":null,"building":null,"operator":"Swasta","opening_hours":null,"addr:postcode":null,"school:type_idn":null,"nspn":null,"isced:level":null,"website":null,"school":null,"fee":null,"contact:phone":null,"contact:fax":null,"contact:email":null,"addr:country":null,"local_ref":null,"natural":null,"wikipedia":null,"operator:type":null,"capacity":null,"building:levels":null,"addr:city":"Kota Bogor","wikidata":null,"jenjang":null,"alt_name":null,"addr:street":null,"addr:housenumber":null,"addr:housename":null,"name":"SMKS Wikrama Bogor","addr:full":null,"barrier":null},"geometry":{"type":"Point","coordinates":[106.8440517,-6.6453817]}},
{"type":"Feature","properties":{"full_id":"n13438938792","osm_id":"13438938792","osm_type":"node","amenity":"school","ref":"20220534","education":"school","addr:subdistrict":"Sindangsari","addr:province":null,"addr:district":"Bogor Timur","swing_gate:type":null,"entrance":null,"religion":null,"grades":null,"email":null,"phone":null,"name:en":null,"wheelchair":null,"building:structure":null,"building:roof":null,"building:material":null,"building:condition":null,"access:roof":null,"building":null,"operator":"Negeri","opening_hours":null,"addr:postcode":null,"school:type_idn":null,"nspn":null,"isced:level":null,"website":null,"school":null,"fee":null,"contact:phone":null,"contact:fax":null,"contact:email":null,"addr:country":null,"local_ref":null,"natural":null,"wikipedia":null,"operator:type":null,"capacity":null,"building:levels":null,"addr:city":"Kota Bogor","wikidata":null,"jenjang":null,"alt_name":null,"addr:street":null,"addr:housenumber":null,"addr:housename":null,"name":"SD Negeri Sindangsari 2","addr:full":null,"barrier":null},"geometry":{"type":"Point","coordinates":[106.8421,-6.6428]}},
{"type":"Feature","properties":{"full_id":"n13438938791","osm_id":"13438938791","osm_type":"node","amenity":"school","ref":"20220531","education":"school","addr:subdistrict":"Sindangsari","addr:province":null,"addr:district":"Bogor Timur","swing_gate:type":null,"entrance":null,"religion":null,"grades":null,"email":null,"phone":null,"name:en":null,"wheelchair":null,"building:structure":null,"building:roof":null,"building:material":null,"building:condition":null,"access:roof":null,"building":null,"operator":"Negeri","opening_hours":null,"addr:postcode":null,"school:type_idn":null,"nspn":null,"isced:level":null,"website":null,"school":null,"fee":null,"contact:phone":null,"contact:fax":null,"contact:email":null,"addr:country":null,"local_ref":null,"natural":null,"wikipedia":null,"operator:type":null,"capacity":null,"building:levels":null,"addr:city":"Kota Bogor","wikidata":null,"jenjang":null,"alt_name":null,"addr:street":null,"addr:housenumber":null,"addr:housename":null,"name":"SD Negeri Sindangsari 1","addr:full":null,"barrier":null},"geometry":{"type":"Point","coordinates":[106.842515,-6.64287]}},
{"type":"Feature","properties":{"full_id":"n13438938790","osm_id":"13438938790","osm_type":"node","amenity":"school","ref":"20220350","education":"school","addr:subdistrict":"Sindangsari","addr:province":null,"addr:district":"Bogor Timur","swing_gate:type":null,"entrance":null,"religion":null,"grades":null,"email":null,"phone":null,"name:en":null,"wheelchair":null,"building:structure":null,"building:roof":null,"building:material":null,"building:condition":null,"access:roof":null,"building":null,"operator":"Swasta","opening_hours":null,"addr:postcode":null,"school:type_idn":null,"nspn":null,"isced:level":null,"website":null,"school":null,"fee":null,"contact:phone":null,"contact:fax":null,"contact:email":null,"addr:country":null,"local_ref":null,"natural":null,"wikipedia":null,"operator:type":null,"capacity":null,"building:levels":null,"addr:city":"Kota Bogor","wikidata":null,"jenjang":null,"alt_name":null,"addr:street":null,"addr:housenumber":null,"addr:housename":null,"name":"SMAS Yza 1 Bogor Timur","addr:full":null,"barrier":null},"geometry":{"type":"Point","coordinates":[106.845506,-6.651415]}},
{"type":"Feature","properties":{"full_id":"n13438938789","osm_id":"13438938789","osm_type":"node","amenity":"school","ref":"20220295","education":"school","addr:subdistrict":"Sindangsari","addr:province":null,"addr:district":"Bogor Timur","swing_gate:type":null,"entrance":null,"religion":null,"grades":null,"email":null,"phone":null,"name:en":null,"wheelchair":null,"building:structure":null,"building:roof":null,"building:material":null,"building:condition":null,"access:roof":null,"building":null,"operator":"Swasta","opening_hours":null,"addr:postcode":null,"school:type_idn":null,"nspn":null,"isced:level":null,"website":null,"school":null,"fee":null,"contact:phone":null,"contact:fax":null,"contact:email":null,"addr:country":null,"local_ref":null,"natural":null,"wikipedia":null,"operator:type":null,"capacity":null,"building:levels":null,"addr:city":"Kota Bogor","wikidata":null,"jenjang":null,"alt_name":null,"addr:street":null,"addr:housenumber":null,"addr:housename":null,"name":"SMKS Yza 1 Bogor","addr:full":null,"barrier":null},"geometry":{"type":"Point","coordinates":[106.845375,-6.6514067]}},
{"type":"Feature","properties":{"full_id":"n13438938796","osm_id":"13438938796","osm_type":"node","amenity":"school","ref":"20220529","education":"school","addr:subdistrict":"Situ Gede","addr:province":null,"addr:district":"Bogor Barat","swing_gate:type":null,"entrance":null,"religion":null,"grades":null,"email":null,"phone":null,"name:en":null,"wheelchair":null,"building:structure":null,"building:roof":null,"building:material":null,"building:condition":null,"access:roof":null,"building":null,"operator":"Negeri","opening_hours":null,"addr:postcode":null,"school:type_idn":null,"nspn":null,"isced:level":null,"website":null,"school":null,"fee":null,"contact:phone":null,"contact:fax":null,"contact:email":null,"addr:country":null,"local_ref":null,"natural":null,"wikipedia":null,"operator:type":null,"capacity":null,"building:levels":null,"addr:city":"Kota Bogor","wikidata":null,"jenjang":null,"alt_name":null,"addr:street":null,"addr:housenumber":null,"addr:housename":null,"name":"SD Negeri Situgede 4","addr:full":null,"barrier":null},"geometry":{"type":"Point","coordinates":[106.7458,-6.5477]}},
{"type":"Feature","properties":{"full_id":"n13438938795","osm_id":"13438938795","osm_type":"node","amenity":"school","ref":"20220530","education":"school","addr:subdistrict":"Situ Gede","addr:province":null,"addr:district":"Bogor Barat","swing_gate:type":null,"entrance":null,"religion":null,"grades":null,"email":null,"phone":null,"name:en":null,"wheelchair":null,"building:structure":null,"building:roof":null,"building:material":null,"building:condition":null,"access:roof":null,"building":null,"operator":"Negeri","opening_hours":null,"addr:postcode":null,"school:type_idn":null,"nspn":null,"isced:level":null,"website":null,"school":null,"fee":null,"contact:phone":null,"contact:fax":null,"contact:email":null,"addr:country":null,"local_ref":null,"natural":null,"wikipedia":null,"operator:type":null,"capacity":null,"building:levels":null,"addr:city":"Kota Bogor","wikidata":null,"jenjang":null,"alt_name":null,"addr:street":null,"addr:housenumber":null,"addr:housename":null,"name":"SD Negeri Situgede 3","addr:full":null,"barrier":null},"geometry":{"type":"Point","coordinates":[106.7483,-6.5599]}},
{"type":"Feature","properties":{"full_id":"n13438938794","osm_id":"13438938794","osm_type":"node","amenity":"school","ref":"20220537","education":"school","addr:subdistrict":"Situ Gede","addr:province":null,"addr:district":"Bogor Barat","swing_gate:type":null,"entrance":null,"religion":null,"grades":null,"email":null,"phone":null,"name:en":null,"wheelchair":null,"building:structure":null,"building:roof":null,"building:material":null,"building:condition":null,"access:roof":null,"building":null,"operator":"Negeri","opening_hours":null,"addr:postcode":null,"school:type_idn":null,"nspn":null,"isced:level":null,"website":null,"school":null,"fee":null,"contact:phone":null,"contact:fax":null,"contact:email":null,"addr:country":null,"local_ref":null,"natural":null,"wikipedia":null,"operator:type":null,"capacity":null,"building:levels":null,"addr:city":"Kota Bogor","wikidata":null,"jenjang":null,"alt_name":null,"addr:street":null,"addr:housenumber":null,"addr:housename":null,"name":"SD Negeri Situ Gede I","addr:full":null,"barrier":null},"geometry":{"type":"Point","coordinates":[106.7484,-6.5597]}},
{"type":"Feature","properties":{"full_id":"n13438938793","osm_id":"13438938793","osm_type":"node","amenity":"school","ref":"20220373","education":"school","addr:subdistrict":"Sindangsari","addr:province":null,"addr:district":"Bogor Timur","swing_gate:type":null,"entrance":null,"religion":null,"grades":null,"email":null,"phone":null,"name:en":null,"wheelchair":null,"building:structure":null,"building:roof":null,"building:material":null,"building:condition":null,"access:roof":null,"building":null,"operator":"Swasta","opening_hours":null,"addr:postcode":null,"school:type_idn":null,"nspn":null,"isced:level":null,"website":null,"school":null,"fee":null,"contact:phone":null,"contact:fax":null,"contact:email":null,"addr:country":null,"local_ref":null,"natural":null,"wikipedia":null,"operator:type":null,"capacity":null,"building:levels":null,"addr:city":"Kota Bogor","wikidata":null,"jenjang":null,"alt_name":null,"addr:street":null,"addr:housenumber":null,"addr:housename":null,"name":"SMP Yza 1 Kota Bogor","addr:full":null,"barrier":null},"geometry":{"type":"Point","coordinates":[106.845364,-6.651254]}},
{"type":"Feature","properties":{"full_id":"n13438938800","osm_id":"13438938800","osm_type":"node","amenity":"school","ref":"20220420","education":"school","addr:subdistrict":"Situ Gede","addr:province":null,"addr:district":"Bogor Barat","swing_gate:type":null,"entrance":null,"religion":null,"grades":null,"email":null,"phone":null,"name:en":null,"wheelchair":null,"building:structure":null,"building:roof":null,"building:material":null,"building:condition":null,"access:roof":null,"building":null,"operator":"Swasta","opening_hours":null,"addr:postcode":null,"school:type_idn":null,"nspn":null,"isced:level":null,"website":null,"school":null,"fee":null,"contact:phone":null,"contact:fax":null,"contact:email":null,"addr:country":null,"local_ref":null,"natural":null,"wikipedia":null,"operator:type":null,"capacity":null,"building:levels":null,"addr:city":"Kota Bogor","wikidata":null,"jenjang":null,"alt_name":null,"addr:street":null,"addr:housenumber":null,"addr:housename":null,"name":"SMP PGRI 14","addr:full":null,"barrier":null},"geometry":{"type":"Point","coordinates":[106.7461,-6.5598]}},
{"type":"Feature","properties":{"full_id":"n13438938799","osm_id":"13438938799","osm_type":"node","amenity":"school","ref":"20220390","education":"school","addr:subdistrict":"Situ Gede","addr:province":null,"addr:district":"Bogor Barat","swing_gate:type":null,"entrance":null,"religion":null,"grades":null,"email":null,"phone":null,"name:en":null,"wheelchair":null,"building:structure":null,"building:roof":null,"building:material":null,"building:condition":null,"access:roof":null,"building":null,"operator":"Negeri","opening_hours":null,"addr:postcode":null,"school:type_idn":null,"nspn":null,"isced:level":null,"website":null,"school":null,"fee":null,"contact:phone":null,"contact:fax":null,"contact:email":null,"addr:country":null,"local_ref":null,"natural":null,"wikipedia":null,"operator:type":null,"capacity":null,"building:levels":null,"addr:city":"Kota Bogor","wikidata":null,"jenjang":null,"alt_name":null,"addr:street":null,"addr:housenumber":null,"addr:housename":null,"name":"SMP Negeri 14 Bogor","addr:full":null,"barrier":null},"geometry":{"type":"Point","coordinates":[106.7475,-6.5551]}},
{"type":"Feature","properties":{"full_id":"n13438938798","osm_id":"13438938798","osm_type":"node","amenity":"school","ref":"20271922","education":"school","addr:subdistrict":"Situ Gede","addr:province":null,"addr:district":"Bogor Barat","swing_gate:type":null,"entrance":null,"religion":null,"grades":null,"email":null,"phone":null,"name:en":null,"wheelchair":null,"building:structure":null,"building:roof":null,"building:material":null,"building:condition":null,"access:roof":null,"building":null,"operator":"Swasta","opening_hours":null,"addr:postcode":null,"school:type_idn":null,"nspn":null,"isced:level":null,"website":null,"school":null,"fee":null,"contact:phone":null,"contact:fax":null,"contact:email":null,"addr:country":null,"local_ref":null,"natural":null,"wikipedia":null,"operator:type":null,"capacity":null,"building:levels":null,"addr:city":"Kota Bogor","wikidata":null,"jenjang":null,"alt_name":null,"addr:street":null,"addr:housenumber":null,"addr:housename":null,"name":"SMKS Tunas Bangsa Sejahtera","addr:full":null,"barrier":null},"geometry":{"type":"Point","coordinates":[106.7419,-6.5516]}},
{"type":"Feature","properties":{"full_id":"n13438938797","osm_id":"13438938797","osm_type":"node","amenity":"school","ref":"70040019","education":"school","addr:subdistrict":"Situ Gede","addr:province":null,"addr:district":"Bogor Barat","swing_gate:type":null,"entrance":null,"religion":null,"grades":null,"email":null,"phone":null,"name:en":null,"wheelchair":null,"building:structure":null,"building:roof":null,"building:material":null,"building:condition":null,"access:roof":null,"building":null,"operator":"Swasta","opening_hours":null,"addr:postcode":null,"school:type_idn":null,"nspn":null,"isced:level":null,"website":null,"school":null,"fee":null,"contact:phone":null,"contact:fax":null,"contact:email":null,"addr:country":null,"local_ref":null,"natural":null,"wikipedia":null,"operator:type":null,"capacity":null,"building:levels":null,"addr:city":"Kota Bogor","wikidata":null,"jenjang":null,"alt_name":null,"addr:street":null,"addr:housenumber":null,"addr:housename":null,"name":"SMP Bq Islamic School","addr:full":null,"barrier":null},"geometry":{"type":"Point","coordinates":[106.7404,-6.5453]}},
{"type":"Feature","properties":{"full_id":"n13438938804","osm_id":"13438938804","osm_type":"node","amenity":"school","ref":"20220538","education":"school","addr:subdistrict":"Situ Gede","addr:province":null,"addr:district":"Bogor Barat","swing_gate:type":null,"entrance":null,"religion":null,"grades":null,"email":null,"phone":null,"name:en":null,"wheelchair":null,"building:structure":null,"building:roof":null,"building:material":null,"building:condition":null,"access:roof":null,"building":null,"operator":"Negeri","opening_hours":null,"addr:postcode":null,"school:type_idn":null,"nspn":null,"isced:level":null,"website":null,"school":null,"fee":null,"contact:phone":null,"contact:fax":null,"contact:email":null,"addr:country":null,"local_ref":null,"natural":null,"wikipedia":null,"operator:type":null,"capacity":null,"building:levels":null,"addr:city":"Kota Bogor","wikidata":null,"jenjang":null,"alt_name":null,"addr:street":null,"addr:housenumber":null,"addr:housename":null,"name":"SD Negeri Situ Gede 2","addr:full":null,"barrier":null},"geometry":{"type":"Point","coordinates":[106.7484,-6.56]}},
{"type":"Feature","properties":{"full_id":"n13438938803","osm_id":"13438938803","osm_type":"node","amenity":"school","ref":"70029580","education":"school","addr:subdistrict":"Situ Gede","addr:province":null,"addr:district":"Bogor Barat","swing_gate:type":null,"entrance":null,"religion":null,"grades":null,"email":null,"phone":null,"name:en":null,"wheelchair":null,"building:structure":null,"building:roof":null,"building:material":null,"building:condition":null,"access:roof":null,"building":null,"operator":"Swasta","opening_hours":null,"addr:postcode":null,"school:type_idn":null,"nspn":null,"isced:level":null,"website":null,"school":null,"fee":null,"contact:phone":null,"contact:fax":null,"contact:email":null,"addr:country":null,"local_ref":null,"natural":null,"wikipedia":null,"operator:type":null,"capacity":null,"building:levels":null,"addr:city":"Kota Bogor","wikidata":null,"jenjang":null,"alt_name":null,"addr:street":null,"addr:housenumber":null,"addr:housename":null,"name":"SMP Indika","addr:full":null,"barrier":null},"geometry":{"type":"Point","coordinates":[106.7442,-6.5544]}},
{"type":"Feature","properties":{"full_id":"n13438938802","osm_id":"13438938802","osm_type":"node","amenity":"school","ref":"20220521","education":"school","addr:subdistrict":"Situ Gede","addr:province":null,"addr:district":"Bogor Barat","swing_gate:type":null,"entrance":null,"religion":null,"grades":null,"email":null,"phone":null,"name:en":null,"wheelchair":null,"building:structure":null,"building:roof":null,"building:material":null,"building:condition":null,"access:roof":null,"building":null,"operator":"Negeri","opening_hours":null,"addr:postcode":null,"school:type_idn":null,"nspn":null,"isced:level":null,"website":null,"school":null,"fee":null,"contact:phone":null,"contact:fax":null,"contact:email":null,"addr:country":null,"local_ref":null,"natural":null,"wikipedia":null,"operator:type":null,"capacity":null,"building:levels":null,"addr:city":"Kota Bogor","wikidata":null,"jenjang":null,"alt_name":null,"addr:street":null,"addr:housenumber":null,"addr:housename":null,"name":"SD Negeri Situ Gede 5","addr:full":null,"barrier":null},"geometry":{"type":"Point","coordinates":[106.7477,-6.5546]}},
{"type":"Feature","properties":{"full_id":"n13438938801","osm_id":"13438938801","osm_type":"node","amenity":"school","ref":"70012782","education":"school","addr:subdistrict":"Situ Gede","addr:province":null,"addr:district":"Bogor Barat","swing_gate:type":null,"entrance":null,"religion":null,"grades":null,"email":null,"phone":null,"name:en":null,"wheelchair":null,"building:structure":null,"building:roof":null,"building:material":null,"building:condition":null,"access:roof":null,"building":null,"operator":"Swasta","opening_hours":null,"addr:postcode":null,"school:type_idn":null,"nspn":null,"isced:level":null,"website":null,"school":null,"fee":null,"contact:phone":null,"contact:fax":null,"contact:email":null,"addr:country":null,"local_ref":null,"natural":null,"wikipedia":null,"operator:type":null,"capacity":null,"building:levels":null,"addr:city":"Kota Bogor","wikidata":null,"jenjang":null,"alt_name":null,"addr:street":null,"addr:housenumber":null,"addr:housename":null,"name":"SD Alam Cendekia","addr:full":null,"barrier":null},"geometry":{"type":"Point","coordinates":[106.7465236,-6.5559496]}},
{"type":"Feature","properties":{"full_id":"n13438938808","osm_id":"13438938808","osm_type":"node","amenity":"school","ref":"20220270","education":"school","addr:subdistrict":"Sindang Barang","addr:province":null,"addr:district":"Bogor Barat","swing_gate:type":null,"entrance":null,"religion":null,"grades":null,"email":null,"phone":null,"name:en":null,"wheelchair":null,"building:structure":null,"building:roof":null,"building:material":null,"building:condition":null,"access:roof":null,"building":null,"operator":"Swasta","opening_hours":null,"addr:postcode":null,"school:type_idn":null,"nspn":null,"isced:level":null,"website":null,"school":null,"fee":null,"contact:phone":null,"contact:fax":null,"contact:email":null,"addr:country":null,"local_ref":null,"natural":null,"wikipedia":null,"operator:type":null,"capacity":null,"building:levels":null,"addr:city":"Kota Bogor","wikidata":null,"jenjang":null,"alt_name":null,"addr:street":null,"addr:housenumber":null,"addr:housename":null,"name":"SMP Al Azhar Plus Bogor","addr:full":null,"barrier":null},"geometry":{"type":"Point","coordinates":[106.762,-6.5802]}},
{"type":"Feature","properties":{"full_id":"n13438938807","osm_id":"13438938807","osm_type":"node","amenity":"school","ref":"20238458","education":"school","addr:subdistrict":"Sindang Barang","addr:province":null,"addr:district":"Bogor Barat","swing_gate:type":null,"entrance":null,"religion":null,"grades":null,"email":null,"phone":null,"name:en":null,"wheelchair":null,"building:structure":null,"building:roof":null,"building:material":null,"building:condition":null,"access:roof":null,"building":null,"operator":"Negeri","opening_hours":null,"addr:postcode":null,"school:type_idn":null,"nspn":null,"isced:level":null,"website":null,"school":null,"fee":null,"contact:phone":null,"contact:fax":null,"contact:email":null,"addr:country":null,"local_ref":null,"natural":null,"wikipedia":null,"operator:type":null,"capacity":null,"building:levels":null,"addr:city":"Kota Bogor","wikidata":null,"jenjang":null,"alt_name":null,"addr:street":null,"addr:housenumber":null,"addr:housename":null,"name":"SD Negeri Sindangbarang 1","addr:full":null,"barrier":null},"geometry":{"type":"Point","coordinates":[106.7624,-6.5765]}},
{"type":"Feature","properties":{"full_id":"n13438938806","osm_id":"13438938806","osm_type":"node","amenity":"school","ref":"20238459","education":"school","addr:subdistrict":"Sindang Barang","addr:province":null,"addr:district":"Bogor Barat","swing_gate:type":null,"entrance":null,"religion":null,"grades":null,"email":null,"phone":null,"name:en":null,"wheelchair":null,"building:structure":null,"building:roof":null,"building:material":null,"building:condition":null,"access:roof":null,"building":null,"operator":"Negeri","opening_hours":null,"addr:postcode":null,"school:type_idn":null,"nspn":null,"isced:level":null,"website":null,"school":null,"fee":null,"contact:phone":null,"contact:fax":null,"contact:email":null,"addr:country":null,"local_ref":null,"natural":null,"wikipedia":null,"operator:type":null,"capacity":null,"building:levels":null,"addr:city":"Kota Bogor","wikidata":null,"jenjang":null,"alt_name":null,"addr:street":null,"addr:housenumber":null,"addr:housename":null,"name":"SD Negeri Sindang Barang 2","addr:full":null,"barrier":null},"geometry":{"type":"Point","coordinates":[106.7635,-6.5802]}},
{"type":"Feature","properties":{"full_id":"n13438938805","osm_id":"13438938805","osm_type":"node","amenity":"school","ref":"20220419","education":"school","addr:subdistrict":"Sindang Barang","addr:province":null,"addr:district":"Bogor Barat","swing_gate:type":null,"entrance":null,"religion":null,"grades":null,"email":null,"phone":null,"name:en":null,"wheelchair":null,"building:structure":null,"building:roof":null,"building:material":null,"building:condition":null,"access:roof":null,"building":null,"operator":"Swasta","opening_hours":null,"addr:postcode":null,"school:type_idn":null,"nspn":null,"isced:level":null,"website":null,"school":null,"fee":null,"contact:phone":null,"contact:fax":null,"contact:email":null,"addr:country":null,"local_ref":null,"natural":null,"wikipedia":null,"operator:type":null,"capacity":null,"building:levels":null,"addr:city":"Kota Bogor","wikidata":null,"jenjang":null,"alt_name":null,"addr:street":null,"addr:housenumber":null,"addr:housename":null,"name":"SMP PGRI 13 Bogor","addr:full":null,"barrier":null},"geometry":{"type":"Point","coordinates":[106.7566,-6.5722]}},
{"type":"Feature","properties":{"full_id":"n13438938812","osm_id":"13438938812","osm_type":"node","amenity":"school","ref":"20238460","education":"school","addr:subdistrict":"Sindang Barang","addr:province":null,"addr:district":"Bogor Barat","swing_gate:type":null,"entrance":null,"religion":null,"grades":null,"email":null,"phone":null,"name:en":null,"wheelchair":null,"building:structure":null,"building:roof":null,"building:material":null,"building:condition":null,"access:roof":null,"building":null,"operator":"Negeri","opening_hours":null,"addr:postcode":null,"school:type_idn":null,"nspn":null,"isced:level":null,"website":null,"school":null,"fee":null,"contact:phone":null,"contact:fax":null,"contact:email":null,"addr:country":null,"local_ref":null,"natural":null,"wikipedia":null,"operator:type":null,"capacity":null,"building:levels":null,"addr:city":"Kota Bogor","wikidata":null,"jenjang":null,"alt_name":null,"addr:street":null,"addr:housenumber":null,"addr:housename":null,"name":"SD Negeri Sindang Barang 4","addr:full":null,"barrier":null},"geometry":{"type":"Point","coordinates":[106.7619529,-6.5770047]}},
{"type":"Feature","properties":{"full_id":"n13438938811","osm_id":"13438938811","osm_type":"node","amenity":"school","ref":"69978550","education":"school","addr:subdistrict":"Sindang Barang","addr:province":null,"addr:district":"Bogor Barat","swing_gate:type":null,"entrance":null,"religion":null,"grades":null,"email":null,"phone":null,"name:en":null,"wheelchair":null,"building:structure":null,"building:roof":null,"building:material":null,"building:condition":null,"access:roof":null,"building":null,"operator":"Swasta","opening_hours":null,"addr:postcode":null,"school:type_idn":null,"nspn":null,"isced:level":null,"website":null,"school":null,"fee":null,"contact:phone":null,"contact:fax":null,"contact:email":null,"addr:country":null,"local_ref":null,"natural":null,"wikipedia":null,"operator:type":null,"capacity":null,"building:levels":null,"addr:city":"Kota Bogor","wikidata":null,"jenjang":null,"alt_name":null,"addr:street":null,"addr:housenumber":null,"addr:housename":null,"name":"SMP Infokom","addr:full":null,"barrier":null},"geometry":{"type":"Point","coordinates":[106.7649,-6.5814]}},
{"type":"Feature","properties":{"full_id":"n13438938810","osm_id":"13438938810","osm_type":"node","amenity":"school","ref":"20220546","education":"school","addr:subdistrict":"Sindang Barang","addr:province":null,"addr:district":"Bogor Barat","swing_gate:type":null,"entrance":null,"religion":null,"grades":null,"email":null,"phone":null,"name:en":null,"wheelchair":null,"building:structure":null,"building:roof":null,"building:material":null,"building:condition":null,"access:roof":null,"building":null,"operator":"Swasta","opening_hours":null,"addr:postcode":null,"school:type_idn":null,"nspn":null,"isced:level":null,"website":null,"school":null,"fee":null,"contact:phone":null,"contact:fax":null,"contact:email":null,"addr:country":null,"local_ref":null,"natural":null,"wikipedia":null,"operator:type":null,"capacity":null,"building:levels":null,"addr:city":"Kota Bogor","wikidata":null,"jenjang":null,"alt_name":null,"addr:street":null,"addr:housenumber":null,"addr:housename":null,"name":"SMAS Al Azhar Plus","addr:full":null,"barrier":null},"geometry":{"type":"Point","coordinates":[106.7619,-6.5804]}},
{"type":"Feature","properties":{"full_id":"n13438938809","osm_id":"13438938809","osm_type":"node","amenity":"school","ref":"69774880","education":"school","addr:subdistrict":"Sindang Barang","addr:province":null,"addr:district":"Bogor Barat","swing_gate:type":null,"entrance":null,"religion":null,"grades":null,"email":null,"phone":null,"name:en":null,"wheelchair":null,"building:structure":null,"building:roof":null,"building:material":null,"building:condition":null,"access:roof":null,"building":null,"operator":"Swasta","opening_hours":null,"addr:postcode":null,"school:type_idn":null,"nspn":null,"isced:level":null,"website":null,"school":null,"fee":null,"contact:phone":null,"contact:fax":null,"contact:email":null,"addr:country":null,"local_ref":null,"natural":null,"wikipedia":null,"operator:type":null,"capacity":null,"building:levels":null,"addr:city":"Kota Bogor","wikidata":null,"jenjang":null,"alt_name":null,"addr:street":null,"addr:housenumber":null,"addr:housename":null,"name":"SMKS Kehutanan Bakti Rimba","addr:full":null,"barrier":null},"geometry":{"type":"Point","coordinates":[106.7635,-6.5803]}},
{"type":"Feature","properties":{"full_id":"n13438938816","osm_id":"13438938816","osm_type":"node","amenity":"school","ref":"20220310","education":"school","addr:subdistrict":"Sindang Barang","addr:province":null,"addr:district":"Bogor Barat","swing_gate:type":null,"entrance":null,"religion":null,"grades":null,"email":null,"phone":null,"name:en":null,"wheelchair":null,"building:structure":null,"building:roof":null,"building:material":null,"building:condition":null,"access:roof":null,"building":null,"operator":"Swasta","opening_hours":null,"addr:postcode":null,"school:type_idn":null,"nspn":null,"isced:level":null,"website":null,"school":null,"fee":null,"contact:phone":null,"contact:fax":null,"contact:email":null,"addr:country":null,"local_ref":null,"natural":null,"wikipedia":null,"operator:type":null,"capacity":null,"building:levels":null,"addr:city":"Kota Bogor","wikidata":null,"jenjang":null,"alt_name":null,"addr:street":null,"addr:housenumber":null,"addr:housename":null,"name":"SMKS Al Azhar Plus Kota Bogor","addr:full":null,"barrier":null},"geometry":{"type":"Point","coordinates":[106.762,-6.5801]}},
{"type":"Feature","properties":{"full_id":"n13438938815","osm_id":"13438938815","osm_type":"node","amenity":"school","ref":"20238475","education":"school","addr:subdistrict":"Sindang Barang","addr:province":null,"addr:district":"Bogor Barat","swing_gate:type":null,"entrance":null,"religion":null,"grades":null,"email":null,"phone":null,"name:en":null,"wheelchair":null,"building:structure":null,"building:roof":null,"building:material":null,"building:condition":null,"access:roof":null,"building":null,"operator":"Swasta","opening_hours":null,"addr:postcode":null,"school:type_idn":null,"nspn":null,"isced:level":null,"website":null,"school":null,"fee":null,"contact:phone":null,"contact:fax":null,"contact:email":null,"addr:country":null,"local_ref":null,"natural":null,"wikipedia":null,"operator:type":null,"capacity":null,"building:levels":null,"addr:city":"Kota Bogor","wikidata":null,"jenjang":null,"alt_name":null,"addr:street":null,"addr:housenumber":null,"addr:housename":null,"name":"SDIT Al-yasmin","addr:full":null,"barrier":null},"geometry":{"type":"Point","coordinates":[106.7571,-6.5764]}},
{"type":"Feature","properties":{"full_id":"n13438938814","osm_id":"13438938814","osm_type":"node","amenity":"school","ref":"69880230","education":"school","addr:subdistrict":"Sindang Barang","addr:province":null,"addr:district":"Bogor Barat","swing_gate:type":null,"entrance":null,"religion":null,"grades":null,"email":null,"phone":null,"name:en":null,"wheelchair":null,"building:structure":null,"building:roof":null,"building:material":null,"building:condition":null,"access:roof":null,"building":null,"operator":"Swasta","opening_hours":null,"addr:postcode":null,"school:type_idn":null,"nspn":null,"isced:level":null,"website":null,"school":null,"fee":null,"contact:phone":null,"contact:fax":null,"contact:email":null,"addr:country":null,"local_ref":null,"natural":null,"wikipedia":null,"operator:type":null,"capacity":null,"building:levels":null,"addr:city":"Kota Bogor","wikidata":null,"jenjang":null,"alt_name":null,"addr:street":null,"addr:housenumber":null,"addr:housename":null,"name":"SMPIT Al-yasmin","addr:full":null,"barrier":null},"geometry":{"type":"Point","coordinates":[106.7573,-6.5764]}},
{"type":"Feature","properties":{"full_id":"n13438938813","osm_id":"13438938813","osm_type":"node","amenity":"school","ref":"20220591","education":"school","addr:subdistrict":"Sindang Barang","addr:province":null,"addr:district":"Bogor Barat","swing_gate:type":null,"entrance":null,"religion":null,"grades":null,"email":null,"phone":null,"name:en":null,"wheelchair":null,"building:structure":null,"building:roof":null,"building:material":null,"building:condition":null,"access:roof":null,"building":null,"operator":"Negeri","opening_hours":null,"addr:postcode":null,"school:type_idn":null,"nspn":null,"isced:level":null,"website":null,"school":null,"fee":null,"contact:phone":null,"contact:fax":null,"contact:email":null,"addr:country":null,"local_ref":null,"natural":null,"wikipedia":null,"operator:type":null,"capacity":null,"building:levels":null,"addr:city":"Kota Bogor","wikidata":null,"jenjang":null,"alt_name":null,"addr:street":null,"addr:housenumber":null,"addr:housename":null,"name":"SD Negeri Sindang Barang 3","addr:full":null,"barrier":null},"geometry":{"type":"Point","coordinates":[106.7625,-6.5769]}},
{"type":"Feature","properties":{"full_id":"n13438938912","osm_id":"13438938912","osm_type":"node","amenity":"school","ref":"20220589","education":"school","addr:subdistrict":"Sempur","addr:province":null,"addr:district":"Bogor Tengah","swing_gate:type":null,"entrance":null,"religion":null,"grades":null,"email":null,"phone":null,"name:en":null,"wheelchair":null,"building:structure":null,"building:roof":null,"building:material":null,"building:condition":null,"access:roof":null,"building":null,"operator":"Negeri","opening_hours":null,"addr:postcode":null,"school:type_idn":null,"nspn":null,"isced:level":null,"website":null,"school":null,"fee":null,"contact:phone":null,"contact:fax":null,"contact:email":null,"addr:country":null,"local_ref":null,"natural":null,"wikipedia":null,"operator:type":null,"capacity":null,"building:levels":null,"addr:city":"Kota Bogor","wikidata":null,"jenjang":null,"alt_name":null,"addr:street":null,"addr:housenumber":null,"addr:housename":null,"name":"SD Negeri Sempur Kidul","addr:full":null,"barrier":null},"geometry":{"type":"Point","coordinates":[106.7993,-6.5902]}},
{"type":"Feature","properties":{"full_id":"n13438938911","osm_id":"13438938911","osm_type":"node","amenity":"school","ref":"20219935","education":"school","addr:subdistrict":"Sempur","addr:province":null,"addr:district":"Bogor Tengah","swing_gate:type":null,"entrance":null,"religion":null,"grades":null,"email":null,"phone":null,"name:en":null,"wheelchair":null,"building:structure":null,"building:roof":null,"building:material":null,"building:condition":null,"access:roof":null,"building":null,"operator":"Negeri","opening_hours":null,"addr:postcode":null,"school:type_idn":null,"nspn":null,"isced:level":null,"website":null,"school":null,"fee":null,"contact:phone":null,"contact:fax":null,"contact:email":null,"addr:country":null,"local_ref":null,"natural":null,"wikipedia":null,"operator:type":null,"capacity":null,"building:levels":null,"addr:city":"Kota Bogor","wikidata":null,"jenjang":null,"alt_name":null,"addr:street":null,"addr:housenumber":null,"addr:housename":null,"name":"SD Negeri Baranangsiang","addr:full":null,"barrier":null},"geometry":{"type":"Point","coordinates":[106.798,-6.59]}},
{"type":"Feature","properties":{"full_id":"n13438938910","osm_id":"13438938910","osm_type":"node","amenity":"school","ref":"20220387","education":"school","addr:subdistrict":"Sempur","addr:province":null,"addr:district":"Bogor Tengah","swing_gate:type":null,"entrance":null,"religion":null,"grades":null,"email":null,"phone":null,"name:en":null,"wheelchair":null,"building:structure":null,"building:roof":null,"building:material":null,"building:condition":null,"access:roof":null,"building":null,"operator":"Negeri","opening_hours":null,"addr:postcode":null,"school:type_idn":null,"nspn":null,"isced:level":null,"website":null,"school":null,"fee":null,"contact:phone":null,"contact:fax":null,"contact:email":null,"addr:country":null,"local_ref":null,"natural":null,"wikipedia":null,"operator:type":null,"capacity":null,"building:levels":null,"addr:city":"Kota Bogor","wikidata":null,"jenjang":null,"alt_name":null,"addr:street":null,"addr:housenumber":null,"addr:housename":null,"name":"SMP Negeri 11 Bogor","addr:full":null,"barrier":null},"geometry":{"type":"Point","coordinates":[106.7993,-6.5888]}},
{"type":"Feature","properties":{"full_id":"n13438938909","osm_id":"13438938909","osm_type":"node","amenity":"school","ref":"20220493","education":"school","addr:subdistrict":"Sempur","addr:province":null,"addr:district":"Bogor Tengah","swing_gate:type":null,"entrance":null,"religion":null,"grades":null,"email":null,"phone":null,"name:en":null,"wheelchair":null,"building:structure":null,"building:roof":null,"building:material":null,"building:condition":null,"access:roof":null,"building":null,"operator":"Negeri","opening_hours":null,"addr:postcode":null,"school:type_idn":null,"nspn":null,"isced:level":null,"website":null,"school":null,"fee":null,"contact:phone":null,"contact:fax":null,"contact:email":null,"addr:country":null,"local_ref":null,"natural":null,"wikipedia":null,"operator:type":null,"capacity":null,"building:levels":null,"addr:city":"Kota Bogor","wikidata":null,"jenjang":null,"alt_name":null,"addr:street":null,"addr:housenumber":null,"addr:housename":null,"name":"SD Negeri Kampung Rambutan","addr:full":null,"barrier":null},"geometry":{"type":"Point","coordinates":[106.7991,-6.5853]}},
{"type":"Feature","properties":{"full_id":"n13438938914","osm_id":"13438938914","osm_type":"node","amenity":"school","ref":"20220588","education":"school","addr:subdistrict":"Sempur","addr:province":null,"addr:district":"Bogor Tengah","swing_gate:type":null,"entrance":null,"religion":null,"grades":null,"email":null,"phone":null,"name:en":null,"wheelchair":null,"building:structure":null,"building:roof":null,"building:material":null,"building:condition":null,"access:roof":null,"building":null,"operator":"Negeri","opening_hours":null,"addr:postcode":null,"school:type_idn":null,"nspn":null,"isced:level":null,"website":null,"school":null,"fee":null,"contact:phone":null,"contact:fax":null,"contact:email":null,"addr:country":null,"local_ref":null,"natural":null,"wikipedia":null,"operator:type":null,"capacity":null,"building:levels":null,"addr:city":"Kota Bogor","wikidata":null,"jenjang":null,"alt_name":null,"addr:street":null,"addr:housenumber":null,"addr:housename":null,"name":"SD Negeri Sempur Kaler","addr:full":null,"barrier":null},"geometry":{"type":"Point","coordinates":[106.7984,-6.5857]}},
{"type":"Feature","properties":{"full_id":"n13438938913","osm_id":"13438938913","osm_type":"node","amenity":"school","ref":"20258321","education":"school","addr:subdistrict":"Sempur","addr:province":null,"addr:district":"Bogor Tengah","swing_gate:type":null,"entrance":null,"religion":null,"grades":null,"email":null,"phone":null,"name:en":null,"wheelchair":null,"building:structure":null,"building:roof":null,"building:material":null,"building:condition":null,"access:roof":null,"building":null,"operator":"Negeri","opening_hours":null,"addr:postcode":null,"school:type_idn":null,"nspn":null,"isced:level":null,"website":null,"school":null,"fee":null,"contact:phone":null,"contact:fax":null,"contact:email":null,"addr:country":null,"local_ref":null,"natural":null,"wikipedia":null,"operator:type":null,"capacity":null,"building:levels":null,"addr:city":"Kota Bogor","wikidata":null,"jenjang":null,"alt_name":null,"addr:street":null,"addr:housenumber":null,"addr:housename":null,"name":"SMP Negeri 20","addr:full":null,"barrier":null},"geometry":{"type":"Point","coordinates":[106.8001,-6.5836]}},
{"type":"Feature","properties":{"full_id":"n846540104","osm_id":"846540104","osm_type":"node","amenity":"school","ref":null,"education":null,"addr:subdistrict":null,"addr:province":null,"addr:district":null,"swing_gate:type":null,"entrance":null,"religion":null,"grades":null,"email":null,"phone":null,"name:en":null,"wheelchair":null,"building:structure":null,"building:roof":null,"building:material":null,"building:condition":null,"access:roof":null,"building":null,"operator":null,"opening_hours":null,"addr:postcode":null,"school:type_idn":null,"nspn":null,"isced:level":null,"website":null,"school":null,"fee":null,"contact:phone":null,"contact:fax":null,"contact:email":null,"addr:country":null,"local_ref":null,"natural":null,"wikipedia":null,"operator:type":null,"capacity":null,"building:levels":null,"addr:city":null,"wikidata":null,"jenjang":null,"alt_name":null,"addr:street":null,"addr:housenumber":null,"addr:housename":null,"name":"SMA PGRI 4","addr:full":null,"barrier":null},"geometry":{"type":"Point","coordinates":[106.8074851,-6.5726996]}},
{"type":"Feature","properties":{"full_id":"n762013374","osm_id":"762013374","osm_type":"node","amenity":"school","ref":null,"education":null,"addr:subdistrict":null,"addr:province":null,"addr:district":null,"swing_gate:type":null,"entrance":null,"religion":null,"grades":null,"email":null,"phone":null,"name:en":null,"wheelchair":null,"building:structure":null,"building:roof":null,"building:material":null,"building:condition":null,"access:roof":null,"building":null,"operator":null,"opening_hours":null,"addr:postcode":null,"school:type_idn":null,"nspn":null,"isced:level":null,"website":null,"school":null,"fee":null,"contact:phone":null,"contact:fax":null,"contact:email":null,"addr:country":null,"local_ref":null,"natural":null,"wikipedia":null,"operator:type":null,"capacity":null,"building:levels":null,"addr:city":null,"wikidata":null,"jenjang":null,"alt_name":null,"addr:street":null,"addr:housenumber":null,"addr:housename":null,"name":"SDN Kayumanis 1","addr:full":"Jalan Pool Binamarga No. 1 RT 01/05","barrier":null},"geometry":{"type":"Point","coordinates":[106.7689943,-6.5301746]}},
{"type":"Feature","properties":{"full_id":"n429876456","osm_id":"429876456","osm_type":"node","amenity":null,"ref":null,"education":null,"addr:subdistrict":null,"addr:province":null,"addr:district":null,"swing_gate:type":null,"entrance":null,"religion":null,"grades":null,"email":null,"phone":null,"name:en":null,"wheelchair":null,"building:structure":null,"building:roof":null,"building:material":null,"building:condition":null,"access:roof":null,"building":null,"operator":null,"opening_hours":null,"addr:postcode":null,"school:type_idn":null,"nspn":null,"isced:level":null,"website":null,"school":null,"fee":null,"contact:phone":null,"contact:fax":null,"contact:email":null,"addr:country":null,"local_ref":null,"natural":null,"wikipedia":null,"operator:type":null,"capacity":null,"building:levels":null,"addr:city":null,"wikidata":null,"jenjang":null,"alt_name":null,"addr:street":null,"addr:housenumber":null,"addr:housename":null,"name":null,"addr:full":null,"barrier":"lift_gate"},"geometry":{"type":"Point","coordinates":[106.8002658,-6.569506]}},
{"type":"Feature","properties":{"full_id":"n854210482","osm_id":"854210482","osm_type":"node","amenity":"school","ref":null,"education":null,"addr:subdistrict":null,"addr:province":null,"addr:district":null,"swing_gate:type":null,"entrance":null,"religion":null,"grades":null,"email":null,"phone":null,"name:en":null,"wheelchair":null,"building:structure":null,"building:roof":null,"building:material":null,"building:condition":null,"access:roof":null,"building":null,"operator":null,"opening_hours":null,"addr:postcode":null,"school:type_idn":null,"nspn":null,"isced:level":null,"website":null,"school":null,"fee":null,"contact:phone":null,"contact:fax":null,"contact:email":null,"addr:country":null,"local_ref":null,"natural":null,"wikipedia":null,"operator:type":null,"capacity":null,"building:levels":null,"addr:city":null,"wikidata":null,"jenjang":null,"alt_name":null,"addr:street":null,"addr:housenumber":null,"addr:housename":null,"name":"SMU Regina Pacis Bogor","addr:full":null,"barrier":null},"geometry":{"type":"Point","coordinates":[106.7960425,-6.5921495]}},
{"type":"Feature","properties":{"full_id":"n854210481","osm_id":"854210481","osm_type":"node","amenity":"school","ref":null,"education":null,"addr:subdistrict":null,"addr:province":null,"addr:district":null,"swing_gate:type":null,"entrance":null,"religion":null,"grades":null,"email":null,"phone":null,"name:en":null,"wheelchair":null,"building:structure":null,"building:roof":null,"building:material":null,"building:condition":null,"access:roof":null,"building":null,"operator":null,"opening_hours":null,"addr:postcode":null,"school:type_idn":null,"nspn":null,"isced:level":null,"website":null,"school":null,"fee":null,"contact:phone":null,"contact:fax":null,"contact:email":null,"addr:country":null,"local_ref":null,"natural":null,"wikipedia":null,"operator:type":null,"capacity":null,"building:levels":null,"addr:city":null,"wikidata":null,"jenjang":null,"alt_name":null,"addr:street":null,"addr:housenumber":null,"addr:housename":null,"name":"SMP Regina Pacis Bogor","addr:full":null,"barrier":null},"geometry":{"type":"Point","coordinates":[106.7965072,-6.5921296]}},
{"type":"Feature","properties":{"full_id":"n854210476","osm_id":"854210476","osm_type":"node","amenity":"school","ref":null,"education":null,"addr:subdistrict":null,"addr:province":null,"addr:district":null,"swing_gate:type":null,"entrance":null,"religion":null,"grades":null,"email":null,"phone":null,"name:en":null,"wheelchair":null,"building:structure":null,"building:roof":null,"building:material":null,"building:condition":null,"access:roof":null,"building":null,"operator":null,"opening_hours":null,"addr:postcode":null,"school:type_idn":null,"nspn":null,"isced:level":null,"website":null,"school":null,"fee":null,"contact:phone":null,"contact:fax":null,"contact:email":null,"addr:country":null,"local_ref":null,"natural":null,"wikipedia":null,"operator:type":"community","capacity":"300","building:levels":"3","addr:city":"Kota Bogor","wikidata":null,"jenjang":null,"alt_name":null,"addr:street":"Jalan Ir. Juanda No.2","addr:housenumber":null,"addr:housename":null,"name":"SD Regina Pacis Bogor","addr:full":null,"barrier":null},"geometry":{"type":"Point","coordinates":[106.7967433,-6.5927797]}},
{"type":"Feature","properties":{"full_id":"n846541035","osm_id":"846541035","osm_type":"node","amenity":"school","ref":null,"education":null,"addr:subdistrict":null,"addr:province":null,"addr:district":null,"swing_gate:type":null,"entrance":null,"religion":null,"grades":null,"email":null,"phone":null,"name:en":null,"wheelchair":null,"building:structure":null,"building:roof":null,"building:material":null,"building:condition":null,"access:roof":null,"building":null,"operator":null,"opening_hours":null,"addr:postcode":null,"school:type_idn":null,"nspn":null,"isced:level":null,"website":null,"school":null,"fee":null,"contact:phone":null,"contact:fax":null,"contact:email":null,"addr:country":null,"local_ref":null,"natural":null,"wikipedia":null,"operator:type":null,"capacity":null,"building:levels":null,"addr:city":null,"wikidata":"Q12510679","jenjang":"SMA","alt_name":"sman7bogor","addr:street":"Jl. Palupuh Bantarjati No.7","addr:housenumber":"0251-8326739","addr:housename":"SMA Negeri 7 Bogor","name":"SMAN 7 Bogor","addr:full":null,"barrier":null},"geometry":{"type":"Point","coordinates":[106.8144052,-6.5780607]}},
{"type":"Feature","properties":{"full_id":"n1036844876","osm_id":"1036844876","osm_type":"node","amenity":"school","ref":null,"education":null,"addr:subdistrict":null,"addr:province":null,"addr:district":null,"swing_gate:type":null,"entrance":null,"religion":null,"grades":null,"email":null,"phone":null,"name:en":null,"wheelchair":null,"building:structure":null,"building:roof":null,"building:material":null,"building:condition":null,"access:roof":null,"building":null,"operator":null,"opening_hours":null,"addr:postcode":null,"school:type_idn":null,"nspn":null,"isced:level":null,"website":null,"school":null,"fee":null,"contact:phone":null,"contact:fax":null,"contact:email":null,"addr:country":null,"local_ref":null,"natural":null,"wikipedia":"id:Sekolah Kesatuan Bogor","operator:type":null,"capacity":null,"building:levels":null,"addr:city":null,"wikidata":"Q12513025","jenjang":null,"alt_name":null,"addr:street":null,"addr:housenumber":null,"addr:housename":null,"name":"Kesatuan Bogor","addr:full":null,"barrier":null},"geometry":{"type":"Point","coordinates":[106.8109933,-6.6139501]}},
{"type":"Feature","properties":{"full_id":"n1014193049","osm_id":"1014193049","osm_type":"node","amenity":"school","ref":null,"education":null,"addr:subdistrict":null,"addr:province":null,"addr:district":null,"swing_gate:type":null,"entrance":null,"religion":null,"grades":null,"email":null,"phone":null,"name:en":null,"wheelchair":null,"building:structure":null,"building:roof":null,"building:material":null,"building:condition":null,"access:roof":null,"building":null,"operator":null,"opening_hours":null,"addr:postcode":null,"school:type_idn":null,"nspn":null,"isced:level":null,"website":null,"school":null,"fee":null,"contact:phone":null,"contact:fax":null,"contact:email":null,"addr:country":null,"local_ref":null,"natural":null,"wikipedia":null,"operator:type":null,"capacity":null,"building:levels":null,"addr:city":null,"wikidata":null,"jenjang":null,"alt_name":null,"addr:street":null,"addr:housenumber":null,"addr:housename":null,"name":"SMP","addr:full":null,"barrier":null},"geometry":{"type":"Point","coordinates":[106.7999961,-6.5837278]}},
{"type":"Feature","properties":{"full_id":"n1014180686","osm_id":"1014180686","osm_type":"node","amenity":"school","ref":null,"education":null,"addr:subdistrict":null,"addr:province":null,"addr:district":null,"swing_gate:type":null,"entrance":null,"religion":null,"grades":null,"email":null,"phone":null,"name:en":null,"wheelchair":null,"building:structure":null,"building:roof":null,"building:material":null,"building:condition":null,"access:roof":null,"building":null,"operator":null,"opening_hours":null,"addr:postcode":null,"school:type_idn":null,"nspn":null,"isced:level":null,"website":null,"school":null,"fee":null,"contact:phone":null,"contact:fax":null,"contact:email":null,"addr:country":null,"local_ref":null,"natural":null,"wikipedia":null,"operator:type":null,"capacity":null,"building:levels":null,"addr:city":null,"wikidata":null,"jenjang":null,"alt_name":null,"addr:street":null,"addr:housenumber":null,"addr:housename":null,"name":"SDN Kampung Rambutan 1","addr:full":null,"barrier":null},"geometry":{"type":"Point","coordinates":[106.7988911,-6.5856782]}},
{"type":"Feature","properties":{"full_id":"n856136557","osm_id":"856136557","osm_type":"node","amenity":"school","ref":null,"education":null,"addr:subdistrict":null,"addr:province":null,"addr:district":null,"swing_gate:type":null,"entrance":null,"religion":null,"grades":null,"email":null,"phone":null,"name:en":null,"wheelchair":null,"building:structure":null,"building:roof":null,"building:material":null,"building:condition":null,"access:roof":null,"building":null,"operator":null,"opening_hours":null,"addr:postcode":null,"school:type_idn":null,"nspn":null,"isced:level":null,"website":null,"school":null,"fee":null,"contact:phone":null,"contact:fax":null,"contact:email":null,"addr:country":null,"local_ref":null,"natural":null,"wikipedia":null,"operator:type":null,"capacity":null,"building:levels":null,"addr:city":null,"wikidata":null,"jenjang":"3","alt_name":null,"addr:street":null,"addr:housenumber":null,"addr:housename":null,"name":"SMPN 11","addr:full":null,"barrier":null},"geometry":{"type":"Point","coordinates":[106.7993953,-6.5885879]}},
{"type":"Feature","properties":{"full_id":"n1721492199","osm_id":"1721492199","osm_type":"node","amenity":"school","ref":null,"education":null,"addr:subdistrict":null,"addr:province":null,"addr:district":null,"swing_gate:type":null,"entrance":null,"religion":null,"grades":null,"email":null,"phone":null,"name:en":null,"wheelchair":null,"building:structure":null,"building:roof":null,"building:material":null,"building:condition":null,"access:roof":null,"building":null,"operator":null,"opening_hours":null,"addr:postcode":null,"school:type_idn":null,"nspn":null,"isced:level":null,"website":null,"school":null,"fee":null,"contact:phone":null,"contact:fax":null,"contact:email":null,"addr:country":null,"local_ref":null,"natural":null,"wikipedia":null,"operator:type":null,"capacity":null,"building:levels":null,"addr:city":null,"wikidata":null,"jenjang":null,"alt_name":null,"addr:street":null,"addr:housenumber":null,"addr:housename":null,"name":"SD Pangarian","addr:full":null,"barrier":null},"geometry":{"type":"Point","coordinates":[106.7882751,-6.5872626]}},
{"type":"Feature","properties":{"full_id":"n1537914195","osm_id":"1537914195","osm_type":"node","amenity":"school","ref":null,"education":null,"addr:subdistrict":null,"addr:province":null,"addr:district":null,"swing_gate:type":null,"entrance":null,"religion":null,"grades":null,"email":null,"phone":null,"name:en":null,"wheelchair":null,"building:structure":null,"building:roof":null,"building:material":null,"building:condition":null,"access:roof":null,"building":null,"operator":null,"opening_hours":null,"addr:postcode":null,"school:type_idn":null,"nspn":null,"isced:level":null,"website":null,"school":null,"fee":null,"contact:phone":null,"contact:fax":null,"contact:email":null,"addr:country":null,"local_ref":null,"natural":null,"wikipedia":null,"operator:type":null,"capacity":null,"building:levels":null,"addr:city":null,"wikidata":null,"jenjang":null,"alt_name":null,"addr:street":null,"addr:housenumber":null,"addr:housename":null,"name":"TK Regina Pacis Bogor","addr:full":null,"barrier":null},"geometry":{"type":"Point","coordinates":[106.7960741,-6.5928603]}},
{"type":"Feature","properties":{"full_id":"n1339255345","osm_id":"1339255345","osm_type":"node","amenity":"school","ref":null,"education":null,"addr:subdistrict":null,"addr:province":null,"addr:district":null,"swing_gate:type":null,"entrance":null,"religion":null,"grades":null,"email":null,"phone":null,"name:en":null,"wheelchair":null,"building:structure":null,"building:roof":null,"building:material":null,"building:condition":null,"access:roof":null,"building":null,"operator":null,"opening_hours":null,"addr:postcode":null,"school:type_idn":null,"nspn":null,"isced:level":null,"website":null,"school":null,"fee":null,"contact:phone":null,"contact:fax":null,"contact:email":null,"addr:country":null,"local_ref":null,"natural":null,"wikipedia":null,"operator:type":null,"capacity":null,"building:levels":null,"addr:city":null,"wikidata":null,"jenjang":null,"alt_name":null,"addr:street":null,"addr:housenumber":null,"addr:housename":null,"name":"Gerbang Masuk/Keluar - MAN 2 Kota Bogor","addr:full":null,"barrier":null},"geometry":{"type":"Point","coordinates":[106.8081403,-6.6060803]}},
{"type":"Feature","properties":{"full_id":"n1338400726","osm_id":"1338400726","osm_type":"node","amenity":"school","ref":null,"education":null,"addr:subdistrict":null,"addr:province":null,"addr:district":null,"swing_gate:type":null,"entrance":null,"religion":null,"grades":null,"email":null,"phone":null,"name:en":null,"wheelchair":null,"building:structure":null,"building:roof":null,"building:material":null,"building:condition":null,"access:roof":null,"building":null,"operator":null,"opening_hours":null,"addr:postcode":null,"school:type_idn":null,"nspn":null,"isced:level":null,"website":null,"school":null,"fee":null,"contact:phone":null,"contact:fax":null,"contact:email":null,"addr:country":null,"local_ref":null,"natural":null,"wikipedia":null,"operator:type":null,"capacity":null,"building:levels":null,"addr:city":null,"wikidata":null,"jenjang":null,"alt_name":null,"addr:street":null,"addr:housenumber":null,"addr:housename":null,"name":"SMP PGRI 5 Bogor","addr:full":null,"barrier":null},"geometry":{"type":"Point","coordinates":[106.8087058,-6.5849668]}},
{"type":"Feature","properties":{"full_id":"n1821038008","osm_id":"1821038008","osm_type":"node","amenity":"school","ref":null,"education":null,"addr:subdistrict":null,"addr:province":null,"addr:district":null,"swing_gate:type":null,"entrance":null,"religion":null,"grades":null,"email":null,"phone":null,"name:en":null,"wheelchair":null,"building:structure":null,"building:roof":null,"building:material":null,"building:condition":null,"access:roof":null,"building":null,"operator":null,"opening_hours":null,"addr:postcode":null,"school:type_idn":null,"nspn":null,"isced:level":null,"website":null,"school":null,"fee":null,"contact:phone":null,"contact:fax":null,"contact:email":null,"addr:country":null,"local_ref":"bogor","natural":null,"wikipedia":null,"operator:type":null,"capacity":null,"building:levels":null,"addr:city":null,"wikidata":null,"jenjang":"2","alt_name":null,"addr:street":null,"addr:housenumber":null,"addr:housename":null,"name":"SDN Papandayan 1","addr:full":null,"barrier":null},"geometry":{"type":"Point","coordinates":[106.8039066,-6.5863588]}},
{"type":"Feature","properties":{"full_id":"n1821038007","osm_id":"1821038007","osm_type":"node","amenity":"school","ref":null,"education":null,"addr:subdistrict":null,"addr:province":null,"addr:district":null,"swing_gate:type":null,"entrance":null,"religion":null,"grades":null,"email":null,"phone":null,"name:en":null,"wheelchair":null,"building:structure":null,"building:roof":null,"building:material":null,"building:condition":null,"access:roof":null,"building":null,"operator":null,"opening_hours":null,"addr:postcode":null,"school:type_idn":null,"nspn":null,"isced:level":null,"website":null,"school":null,"fee":null,"contact:phone":null,"contact:fax":null,"contact:email":null,"addr:country":null,"local_ref":null,"natural":null,"wikipedia":null,"operator:type":null,"capacity":null,"building:levels":null,"addr:city":null,"wikidata":null,"jenjang":null,"alt_name":null,"addr:street":null,"addr:housenumber":null,"addr:housename":null,"name":"SDN Papandayan 3","addr:full":null,"barrier":null},"geometry":{"type":"Point","coordinates":[106.8045396,-6.5864868]}},
{"type":"Feature","properties":{"full_id":"n1732616932","osm_id":"1732616932","osm_type":"node","amenity":null,"ref":null,"education":null,"addr:subdistrict":null,"addr:province":null,"addr:district":null,"swing_gate:type":null,"entrance":null,"religion":null,"grades":null,"email":null,"phone":null,"name:en":null,"wheelchair":null,"building:structure":null,"building:roof":null,"building:material":null,"building:condition":null,"access:roof":null,"building":null,"operator":null,"opening_hours":null,"addr:postcode":null,"school:type_idn":null,"nspn":null,"isced:level":null,"website":null,"school":null,"fee":null,"contact:phone":null,"contact:fax":null,"contact:email":null,"addr:country":null,"local_ref":null,"natural":"tree","wikipedia":null,"operator:type":null,"capacity":null,"building:levels":null,"addr:city":null,"wikidata":null,"jenjang":null,"alt_name":null,"addr:street":null,"addr:housenumber":null,"addr:housename":null,"name":null,"addr:full":null,"barrier":null},"geometry":{"type":"Point","coordinates":[106.7991477,-6.5711298]}},
{"type":"Feature","properties":{"full_id":"n1732616631","osm_id":"1732616631","osm_type":"node","amenity":null,"ref":null,"education":null,"addr:subdistrict":null,"addr:province":null,"addr:district":null,"swing_gate:type":null,"entrance":null,"religion":null,"grades":null,"email":null,"phone":null,"name:en":null,"wheelchair":null,"building:structure":null,"building:roof":null,"building:material":null,"building:condition":null,"access:roof":null,"building":null,"operator":null,"opening_hours":null,"addr:postcode":null,"school:type_idn":null,"nspn":null,"isced:level":null,"website":null,"school":null,"fee":null,"contact:phone":null,"contact:fax":null,"contact:email":null,"addr:country":null,"local_ref":null,"natural":"tree","wikipedia":null,"operator:type":null,"capacity":null,"building:levels":null,"addr:city":null,"wikidata":null,"jenjang":null,"alt_name":null,"addr:street":null,"addr:housenumber":null,"addr:housename":null,"name":null,"addr:full":null,"barrier":null},"geometry":{"type":"Point","coordinates":[106.7984269,-6.5706121]}},
{"type":"Feature","properties":{"full_id":"n2025761142","osm_id":"2025761142","osm_type":"node","amenity":"school","ref":null,"education":null,"addr:subdistrict":null,"addr:province":null,"addr:district":null,"swing_gate:type":null,"entrance":null,"religion":null,"grades":null,"email":null,"phone":null,"name:en":null,"wheelchair":null,"building:structure":null,"building:roof":null,"building:material":null,"building:condition":null,"access:roof":null,"building":null,"operator":null,"opening_hours":null,"addr:postcode":null,"school:type_idn":null,"nspn":null,"isced:level":null,"website":"http://www.innovativeschoolsofindonesia.com","school":"subject:Computers;English","fee":"yes","contact:phone":"+62 251 8343537","contact:fax":"+62 251 8343540","contact:email":"innovativeschoolsofindonesia@gmail.com","addr:country":"ID","local_ref":null,"natural":null,"wikipedia":null,"operator:type":null,"capacity":null,"building:levels":null,"addr:city":"Bogor","wikidata":null,"jenjang":null,"alt_name":null,"addr:street":"Ruko Pulo Armin B 12A, Jln. Raya Pajajaran","addr:housenumber":null,"addr:housename":null,"name":"Innovative Schools of Indonesia","addr:full":null,"barrier":null},"geometry":{"type":"Point","coordinates":[106.8130067,-6.6139387]}},
{"type":"Feature","properties":{"full_id":"n1977817410","osm_id":"1977817410","osm_type":"node","amenity":"school","ref":null,"education":null,"addr:subdistrict":null,"addr:province":null,"addr:district":null,"swing_gate:type":null,"entrance":null,"religion":null,"grades":null,"email":null,"phone":null,"name:en":null,"wheelchair":null,"building:structure":null,"building:roof":null,"building:material":null,"building:condition":null,"access:roof":null,"building":null,"operator":null,"opening_hours":null,"addr:postcode":null,"school:type_idn":null,"nspn":null,"isced:level":null,"website":null,"school":null,"fee":null,"contact:phone":null,"contact:fax":null,"contact:email":null,"addr:country":null,"local_ref":null,"natural":null,"wikipedia":null,"operator:type":null,"capacity":null,"building:levels":null,"addr:city":null,"wikidata":null,"jenjang":null,"alt_name":null,"addr:street":null,"addr:housenumber":null,"addr:housename":null,"name":"Bogor Cyber School","addr:full":null,"barrier":null},"geometry":{"type":"Point","coordinates":[106.7531816,-6.5669125]}},
{"type":"Feature","properties":{"full_id":"n1821038010","osm_id":"1821038010","osm_type":"node","amenity":"school","ref":null,"education":null,"addr:subdistrict":null,"addr:province":null,"addr:district":null,"swing_gate:type":null,"entrance":null,"religion":null,"grades":null,"email":null,"phone":null,"name:en":null,"wheelchair":null,"building:structure":null,"building:roof":null,"building:material":null,"building:condition":null,"access:roof":null,"building":null,"operator":null,"opening_hours":null,"addr:postcode":null,"school:type_idn":null,"nspn":null,"isced:level":null,"website":null,"school":null,"fee":null,"contact:phone":null,"contact:fax":null,"contact:email":null,"addr:country":null,"local_ref":null,"natural":null,"wikipedia":null,"operator:type":null,"capacity":null,"building:levels":null,"addr:city":null,"wikidata":null,"jenjang":"5","alt_name":null,"addr:street":null,"addr:housenumber":null,"addr:housename":null,"name":"International School of Bogor","addr:full":null,"barrier":null},"geometry":{"type":"Point","coordinates":[106.8019062,-6.5859614]}},
{"type":"Feature","properties":{"full_id":"n1821038009","osm_id":"1821038009","osm_type":"node","amenity":"school","ref":null,"education":null,"addr:subdistrict":null,"addr:province":null,"addr:district":null,"swing_gate:type":null,"entrance":null,"religion":null,"grades":null,"email":null,"phone":null,"name:en":null,"wheelchair":null,"building:structure":null,"building:roof":null,"building:material":null,"building:condition":null,"access:roof":null,"building":null,"operator":null,"opening_hours":null,"addr:postcode":null,"school:type_idn":null,"nspn":null,"isced:level":null,"website":null,"school":null,"fee":null,"contact:phone":null,"contact:fax":null,"contact:email":null,"addr:country":null,"local_ref":null,"natural":null,"wikipedia":null,"operator:type":null,"capacity":null,"building:levels":null,"addr:city":null,"wikidata":null,"jenjang":"2","alt_name":null,"addr:street":null,"addr:housenumber":null,"addr:housename":null,"name":"SDN Papandayan 2","addr:full":null,"barrier":null},"geometry":{"type":"Point","coordinates":[106.804207,-6.5864442]}},
{"type":"Feature","properties":{"full_id":"n2406708516","osm_id":"2406708516","osm_type":"node","amenity":"school","ref":null,"education":null,"addr:subdistrict":null,"addr:province":null,"addr:district":null,"swing_gate:type":null,"entrance":null,"religion":null,"grades":null,"email":null,"phone":null,"name:en":null,"wheelchair":null,"building:structure":null,"building:roof":null,"building:material":null,"building:condition":null,"access:roof":null,"building":null,"operator":null,"opening_hours":null,"addr:postcode":null,"school:type_idn":null,"nspn":"20220481","isced:level":"1","website":null,"school":null,"fee":null,"contact:phone":null,"contact:fax":null,"contact:email":null,"addr:country":null,"local_ref":null,"natural":null,"wikipedia":null,"operator:type":null,"capacity":null,"building:levels":null,"addr:city":"Kota Bogor","wikidata":null,"jenjang":null,"alt_name":null,"addr:street":"Jl. Kresna II No. 20 Perum., RT 04 RW 06, Kelurahan Bantarjati, Kecematan Bogor Utara","addr:housenumber":null,"addr:housename":null,"name":"SDN KAWUNG LUWUK 1","addr:full":null,"barrier":null},"geometry":{"type":"Point","coordinates":[106.81143,-6.5710666]}},
{"type":"Feature","properties":{"full_id":"n2406708515","osm_id":"2406708515","osm_type":"node","amenity":"school","ref":null,"education":null,"addr:subdistrict":null,"addr:province":null,"addr:district":null,"swing_gate:type":null,"entrance":null,"religion":null,"grades":null,"email":null,"phone":null,"name:en":null,"wheelchair":null,"building:structure":null,"building:roof":null,"building:material":null,"building:condition":null,"access:roof":null,"building":null,"operator":null,"opening_hours":null,"addr:postcode":null,"school:type_idn":null,"nspn":"20220029","isced:level":"1","website":null,"school":null,"fee":null,"contact:phone":null,"contact:fax":null,"contact:email":null,"addr:country":null,"local_ref":null,"natural":null,"wikipedia":null,"operator:type":null,"capacity":null,"building:levels":null,"addr:city":"Kec. Kota Bogor Utara - Kota Bogor","wikidata":null,"jenjang":null,"alt_name":null,"addr:street":"Jl. Guru Muchtar Rt 03/04 Kel. Cimahpar Kec. Bogor Utara","addr:housenumber":null,"addr:housename":null,"name":"SDN CIMAHPAR 5","addr:full":null,"barrier":null},"geometry":{"type":"Point","coordinates":[106.8315616,-6.5817489]}},
{"type":"Feature","properties":{"full_id":"n2406708514","osm_id":"2406708514","osm_type":"node","amenity":"school","ref":null,"education":null,"addr:subdistrict":null,"addr:province":null,"addr:district":null,"swing_gate:type":null,"entrance":null,"religion":null,"grades":null,"email":null,"phone":null,"name:en":null,"wheelchair":null,"building:structure":null,"building:roof":null,"building:material":null,"building:condition":null,"access:roof":null,"building":null,"operator":null,"opening_hours":null,"addr:postcode":null,"school:type_idn":null,"nspn":"20202009","isced:level":"1","website":null,"school":null,"fee":null,"contact:phone":null,"contact:fax":null,"contact:email":null,"addr:country":null,"local_ref":null,"natural":null,"wikipedia":null,"operator:type":null,"capacity":null,"building:levels":null,"addr:city":"Kec. Kota Bogor Utara - Kota Bogor","wikidata":null,"jenjang":null,"alt_name":null,"addr:street":"Jl. Flamboyan I Gang Sekolah No. 01 Kelurahan Tegal Gundil","addr:housenumber":null,"addr:housename":null,"name":"SDN CEGER 1","addr:full":null,"barrier":null},"geometry":{"type":"Point","coordinates":[106.8174264,-6.5711099]}},
{"type":"Feature","properties":{"full_id":"n2112735816","osm_id":"2112735816","osm_type":"node","amenity":"school","ref":null,"education":null,"addr:subdistrict":null,"addr:province":null,"addr:district":null,"swing_gate:type":null,"entrance":null,"religion":null,"grades":null,"email":null,"phone":null,"name:en":null,"wheelchair":null,"building:structure":null,"building:roof":null,"building:material":null,"building:condition":null,"access:roof":null,"building":null,"operator":null,"opening_hours":null,"addr:postcode":null,"school:type_idn":null,"nspn":null,"isced:level":null,"website":null,"school":null,"fee":null,"contact:phone":null,"contact:fax":null,"contact:email":null,"addr:country":null,"local_ref":null,"natural":null,"wikipedia":null,"operator:type":null,"capacity":null,"building:levels":null,"addr:city":null,"wikidata":null,"jenjang":null,"alt_name":null,"addr:street":null,"addr:housenumber":null,"addr:housename":null,"name":"SD Negeri Purbasari","addr:full":null,"barrier":null},"geometry":{"type":"Point","coordinates":[106.7792411,-6.5937623]}},
{"type":"Feature","properties":{"full_id":"n2636509046","osm_id":"2636509046","osm_type":"node","amenity":null,"ref":null,"education":null,"addr:subdistrict":null,"addr:province":null,"addr:district":null,"swing_gate:type":null,"entrance":null,"religion":null,"grades":null,"email":null,"phone":null,"name:en":null,"wheelchair":null,"building:structure":null,"building:roof":null,"building:material":null,"building:condition":null,"access:roof":null,"building":null,"operator":null,"opening_hours":null,"addr:postcode":null,"school:type_idn":"sma","nspn":null,"isced:level":null,"website":null,"school":null,"fee":null,"contact:phone":null,"contact:fax":null,"contact:email":null,"addr:country":null,"local_ref":null,"natural":null,"wikipedia":null,"operator:type":null,"capacity":null,"building:levels":null,"addr:city":null,"wikidata":null,"jenjang":null,"alt_name":null,"addr:street":null,"addr:housenumber":null,"addr:housename":null,"name":"SMAN 2 Bogor","addr:full":"JL. KERANCI UJUNG KEDUNG HALANG SENTRAL RT.03 RW.04","barrier":null},"geometry":{"type":"Point","coordinates":[106.7939521,-6.5545813]}},
{"type":"Feature","properties":{"full_id":"n2406708519","osm_id":"2406708519","osm_type":"node","amenity":"school","ref":null,"education":null,"addr:subdistrict":null,"addr:province":null,"addr:district":null,"swing_gate:type":null,"entrance":null,"religion":null,"grades":null,"email":null,"phone":null,"name:en":null,"wheelchair":null,"building:structure":null,"building:roof":null,"building:material":null,"building:condition":null,"access:roof":null,"building":null,"operator":null,"opening_hours":null,"addr:postcode":null,"school:type_idn":null,"nspn":"20220484","isced:level":"1","website":null,"school":null,"fee":null,"contact:phone":null,"contact:fax":null,"contact:email":null,"addr:country":null,"local_ref":null,"natural":null,"wikipedia":null,"operator:type":null,"capacity":null,"building:levels":null,"addr:city":"Kota Bogor","wikidata":null,"jenjang":null,"alt_name":null,"addr:street":"Jl. Kresna II No. 20 Perum., RT 04 RW 06, Kelurahan Bantarjati, Kecematan Bogor Utara","addr:housenumber":null,"addr:housename":null,"name":"SDN KAWUNG LUWUK 4","addr:full":null,"barrier":null},"geometry":{"type":"Point","coordinates":[106.8106456,-6.5708487]}},
{"type":"Feature","properties":{"full_id":"n2406708518","osm_id":"2406708518","osm_type":"node","amenity":"school","ref":null,"education":null,"addr:subdistrict":null,"addr:province":null,"addr:district":null,"swing_gate:type":null,"entrance":null,"religion":null,"grades":null,"email":null,"phone":null,"name:en":null,"wheelchair":null,"building:structure":null,"building:roof":null,"building:material":null,"building:condition":null,"access:roof":null,"building":null,"operator":null,"opening_hours":null,"addr:postcode":null,"school:type_idn":null,"nspn":"20220483","isced:level":"1","website":null,"school":null,"fee":null,"contact:phone":null,"contact:fax":null,"contact:email":null,"addr:country":null,"local_ref":null,"natural":null,"wikipedia":null,"operator:type":null,"capacity":null,"building:levels":null,"addr:city":"Kota Bogor","wikidata":null,"jenjang":null,"alt_name":null,"addr:street":"Jl. Kresna II No. 20 Perum., RT 04 RW 06, Kelurahan Bantarjati, Kecematan Bogor Utara","addr:housenumber":null,"addr:housename":null,"name":"SDN KAWUNG LUWUK 3","addr:full":null,"barrier":null},"geometry":{"type":"Point","coordinates":[106.8109024,-6.5709432]}},
{"type":"Feature","properties":{"full_id":"n2406708517","osm_id":"2406708517","osm_type":"node","amenity":"school","ref":null,"education":null,"addr:subdistrict":null,"addr:province":null,"addr:district":null,"swing_gate:type":null,"entrance":null,"religion":null,"grades":null,"email":null,"phone":null,"name:en":null,"wheelchair":null,"building:structure":null,"building:roof":null,"building:material":null,"building:condition":null,"access:roof":null,"building":null,"operator":null,"opening_hours":null,"addr:postcode":null,"school:type_idn":null,"nspn":"20220482","isced:level":"1","website":null,"school":null,"fee":null,"contact:phone":null,"contact:fax":null,"contact:email":null,"addr:country":null,"local_ref":null,"natural":null,"wikipedia":null,"operator:type":null,"capacity":null,"building:levels":null,"addr:city":"Kota Bogor","wikidata":null,"jenjang":null,"alt_name":null,"addr:street":"Jl. Kresna II No. 20 Perum., RT 04 RW 06, Kelurahan Bantarjati, Kecematan Bogor Utara","addr:housenumber":null,"addr:housename":null,"name":"SDN KAWUNG LUWUK 2","addr:full":null,"barrier":null},"geometry":{"type":"Point","coordinates":[106.8112068,-6.5710093]}},
{"type":"Feature","properties":{"full_id":"n5063672371","osm_id":"5063672371","osm_type":"node","amenity":"school","ref":null,"education":null,"addr:subdistrict":null,"addr:province":null,"addr:district":null,"swing_gate:type":null,"entrance":null,"religion":null,"grades":null,"email":null,"phone":null,"name:en":null,"wheelchair":null,"building:structure":null,"building:roof":null,"building:material":null,"building:condition":null,"access:roof":null,"building":null,"operator":null,"opening_hours":null,"addr:postcode":null,"school:type_idn":"smp","nspn":null,"isced:level":null,"website":null,"school":null,"fee":null,"contact:phone":null,"contact:fax":null,"contact:email":null,"addr:country":null,"local_ref":null,"natural":null,"wikipedia":null,"operator:type":null,"capacity":null,"building:levels":null,"addr:city":null,"wikidata":null,"jenjang":null,"alt_name":null,"addr:street":null,"addr:housenumber":null,"addr:housename":null,"name":"SMP Harapan Taruna","addr:full":"Jalan Batutulis Gg. NV Sidik No. 17 RW 05","barrier":null},"geometry":{"type":"Point","coordinates":[106.8101603,-6.6189151]}},
{"type":"Feature","properties":{"full_id":"n4905252636","osm_id":"4905252636","osm_type":"node","amenity":"school","ref":null,"education":null,"addr:subdistrict":null,"addr:province":null,"addr:district":null,"swing_gate:type":null,"entrance":null,"religion":null,"grades":null,"email":null,"phone":null,"name:en":null,"wheelchair":null,"building:structure":null,"building:roof":null,"building:material":null,"building:condition":null,"access:roof":null,"building":null,"operator":"Yayasan Pakuan Siliwangi","opening_hours":"Mo-Su 08:00-22:00","addr:postcode":"452","school:type_idn":null,"nspn":null,"isced:level":null,"website":"https://www.unpak.ac.id/","school":null,"fee":null,"contact:phone":null,"contact:fax":null,"contact:email":null,"addr:country":null,"local_ref":null,"natural":null,"wikipedia":null,"operator:type":null,"capacity":null,"building:levels":null,"addr:city":null,"wikidata":null,"jenjang":null,"alt_name":null,"addr:street":"Jalan Pakuan","addr:housenumber":null,"addr:housename":null,"name":"Gedung Rektorat Universitas Pakuan","addr:full":null,"barrier":null},"geometry":{"type":"Point","coordinates":[106.8123031,-6.5993434]}},
{"type":"Feature","properties":{"full_id":"n4234466847","osm_id":"4234466847","osm_type":"node","amenity":"school","ref":null,"education":null,"addr:subdistrict":null,"addr:province":null,"addr:district":null,"swing_gate:type":null,"entrance":null,"religion":null,"grades":null,"email":null,"phone":null,"name:en":null,"wheelchair":null,"building:structure":null,"building:roof":null,"building:material":null,"building:condition":null,"access:roof":null,"building":null,"operator":null,"opening_hours":null,"addr:postcode":"16143","school:type_idn":null,"nspn":null,"isced:level":null,"website":null,"school":null,"fee":null,"contact:phone":null,"contact:fax":null,"contact:email":null,"addr:country":null,"local_ref":null,"natural":null,"wikipedia":null,"operator:type":null,"capacity":null,"building:levels":null,"addr:city":null,"wikidata":null,"jenjang":null,"alt_name":null,"addr:street":"Jalan Durian Raya","addr:housenumber":"76","addr:housename":null,"name":"Pesantren Modern Daarul Uluum, Kampus 1","addr:full":null,"barrier":null},"geometry":{"type":"Point","coordinates":[106.8184329,-6.6171931]}},
{"type":"Feature","properties":{"full_id":"n3152703688","osm_id":"3152703688","osm_type":"node","amenity":"school","ref":null,"education":null,"addr:subdistrict":null,"addr:province":null,"addr:district":null,"swing_gate:type":null,"entrance":null,"religion":null,"grades":null,"email":null,"phone":null,"name:en":null,"wheelchair":null,"building:structure":null,"building:roof":null,"building:material":null,"building:condition":null,"access:roof":null,"building":null,"operator":null,"opening_hours":null,"addr:postcode":null,"school:type_idn":null,"nspn":null,"isced:level":null,"website":null,"school":null,"fee":null,"contact:phone":null,"contact:fax":null,"contact:email":null,"addr:country":null,"local_ref":null,"natural":null,"wikipedia":null,"operator:type":null,"capacity":null,"building:levels":null,"addr:city":null,"wikidata":null,"jenjang":null,"alt_name":null,"addr:street":null,"addr:housenumber":null,"addr:housename":null,"name":"SDN Cibalagung 1,2,3","addr:full":null,"barrier":null},"geometry":{"type":"Point","coordinates":[106.7846092,-6.6028014]}},
{"type":"Feature","properties":{"full_id":"n5063672375","osm_id":"5063672375","osm_type":"node","amenity":"school","ref":null,"education":null,"addr:subdistrict":null,"addr:province":null,"addr:district":null,"swing_gate:type":null,"entrance":null,"religion":null,"grades":null,"email":null,"phone":null,"name:en":null,"wheelchair":null,"building:structure":null,"building:roof":null,"building:material":null,"building:condition":null,"access:roof":null,"building":null,"operator":null,"opening_hours":null,"addr:postcode":null,"school:type_idn":"sma","nspn":null,"isced:level":null,"website":null,"school":null,"fee":null,"contact:phone":null,"contact:fax":null,"contact:email":null,"addr:country":null,"local_ref":null,"natural":null,"wikipedia":null,"operator:type":null,"capacity":null,"building:levels":null,"addr:city":null,"wikidata":null,"jenjang":null,"alt_name":null,"addr:street":null,"addr:housenumber":null,"addr:housename":null,"name":"SMK Bhakti Insani Bogor","addr:full":"Jalan Batutulis No. 5 C RW 05 Bogor","barrier":null},"geometry":{"type":"Point","coordinates":[106.8107477,-6.6188338]}},
{"type":"Feature","properties":{"full_id":"n5063672374","osm_id":"5063672374","osm_type":"node","amenity":"school","ref":null,"education":null,"addr:subdistrict":null,"addr:province":null,"addr:district":null,"swing_gate:type":null,"entrance":null,"religion":null,"grades":null,"email":null,"phone":null,"name:en":null,"wheelchair":null,"building:structure":null,"building:roof":null,"building:material":null,"building:condition":null,"access:roof":null,"building":null,"operator":null,"opening_hours":null,"addr:postcode":null,"school:type_idn":"smp","nspn":null,"isced:level":null,"website":null,"school":null,"fee":null,"contact:phone":null,"contact:fax":null,"contact:email":null,"addr:country":null,"local_ref":null,"natural":null,"wikipedia":null,"operator:type":null,"capacity":null,"building:levels":null,"addr:city":null,"wikidata":null,"jenjang":null,"alt_name":null,"addr:street":null,"addr:housenumber":null,"addr:housename":null,"name":"SMP Ananda","addr:full":"Jalan Lawanggintung No. 25 RW 06 Komp. KPKN Bogor","barrier":null},"geometry":{"type":"Point","coordinates":[106.8119024,-6.6187712]}},
{"type":"Feature","properties":{"full_id":"n5063672373","osm_id":"5063672373","osm_type":"node","amenity":"school","ref":null,"education":null,"addr:subdistrict":null,"addr:province":null,"addr:district":null,"swing_gate:type":null,"entrance":null,"religion":null,"grades":null,"email":null,"phone":null,"name:en":null,"wheelchair":null,"building:structure":null,"building:roof":null,"building:material":null,"building:condition":null,"access:roof":null,"building":null,"operator":null,"opening_hours":null,"addr:postcode":null,"school:type_idn":"sd","nspn":null,"isced:level":null,"website":null,"school":null,"fee":null,"contact:phone":null,"contact:fax":null,"contact:email":null,"addr:country":null,"local_ref":null,"natural":null,"wikipedia":null,"operator:type":null,"capacity":null,"building:levels":null,"addr:city":null,"wikidata":null,"jenjang":null,"alt_name":null,"addr:street":null,"addr:housenumber":null,"addr:housename":null,"name":"SD Ananda","addr:full":"Jalan Lawanggintung No. 25 RW 06 Komp. KPKN Bogor","barrier":null},"geometry":{"type":"Point","coordinates":[106.8119185,-6.618598]}},
{"type":"Feature","properties":{"full_id":"n5063672372","osm_id":"5063672372","osm_type":"node","amenity":"school","ref":null,"education":null,"addr:subdistrict":null,"addr:province":null,"addr:district":null,"swing_gate:type":null,"entrance":null,"religion":null,"grades":null,"email":null,"phone":null,"name:en":null,"wheelchair":null,"building:structure":null,"building:roof":null,"building:material":null,"building:condition":null,"access:roof":null,"building":null,"operator":null,"opening_hours":null,"addr:postcode":null,"school:type_idn":"sma","nspn":null,"isced:level":null,"website":null,"school":null,"fee":null,"contact:phone":null,"contact:fax":null,"contact:email":null,"addr:country":null,"local_ref":null,"natural":null,"wikipedia":null,"operator:type":null,"capacity":null,"building:levels":null,"addr:city":null,"wikidata":null,"jenjang":null,"alt_name":null,"addr:street":null,"addr:housenumber":null,"addr:housename":null,"name":"SMA Ananda","addr:full":"Jalan Lawanggintung No. 25 RW 06 Komp. KPKN Bogor","barrier":null},"geometry":{"type":"Point","coordinates":[106.8119372,-6.618967]}},
{"type":"Feature","properties":{"full_id":"n5063672379","osm_id":"5063672379","osm_type":"node","amenity":"school","ref":null,"education":null,"addr:subdistrict":null,"addr:province":null,"addr:district":null,"swing_gate:type":null,"entrance":null,"religion":null,"grades":null,"email":null,"phone":null,"name:en":null,"wheelchair":null,"building:structure":null,"building:roof":null,"building:material":null,"building:condition":null,"access:roof":null,"building":null,"operator":null,"opening_hours":null,"addr:postcode":null,"school:type_idn":"sd","nspn":null,"isced:level":null,"website":null,"school":null,"fee":null,"contact:phone":null,"contact:fax":null,"contact:email":null,"addr:country":null,"local_ref":null,"natural":null,"wikipedia":null,"operator:type":null,"capacity":null,"building:levels":null,"addr:city":null,"wikidata":null,"jenjang":null,"alt_name":null,"addr:street":null,"addr:housenumber":null,"addr:housename":null,"name":"SD Negeri Batutulis III","addr:full":"Jl. Batutulis No. 137 RW 02","barrier":null},"geometry":{"type":"Point","coordinates":[106.8093328,-6.6240372]}},
{"type":"Feature","properties":{"full_id":"n5063672378","osm_id":"5063672378","osm_type":"node","amenity":"school","ref":null,"education":null,"addr:subdistrict":null,"addr:province":null,"addr:district":null,"swing_gate:type":null,"entrance":null,"religion":null,"grades":null,"email":null,"phone":null,"name:en":null,"wheelchair":null,"building:structure":null,"building:roof":null,"building:material":null,"building:condition":null,"access:roof":null,"building":null,"operator":null,"opening_hours":null,"addr:postcode":null,"school:type_idn":"sd","nspn":null,"isced:level":null,"website":null,"school":null,"fee":null,"contact:phone":null,"contact:fax":null,"contact:email":null,"addr:country":null,"local_ref":null,"natural":null,"wikipedia":null,"operator:type":null,"capacity":null,"building:levels":null,"addr:city":null,"wikidata":null,"jenjang":null,"alt_name":null,"addr:street":null,"addr:housenumber":null,"addr:housename":null,"name":"SD Negeri Batutulis IV","addr:full":"Jalan Batutulis Gg. NV Sidik RW 05","barrier":null},"geometry":{"type":"Point","coordinates":[106.8100061,-6.6186167]}},
{"type":"Feature","properties":{"full_id":"n5063672377","osm_id":"5063672377","osm_type":"node","amenity":"school","ref":null,"education":null,"addr:subdistrict":null,"addr:province":null,"addr:district":null,"swing_gate:type":null,"entrance":null,"religion":null,"grades":null,"email":null,"phone":null,"name:en":null,"wheelchair":null,"building:structure":null,"building:roof":null,"building:material":null,"building:condition":null,"access:roof":null,"building":null,"operator":null,"opening_hours":null,"addr:postcode":null,"school:type_idn":"smp","nspn":null,"isced:level":null,"website":null,"school":null,"fee":null,"contact:phone":null,"contact:fax":null,"contact:email":null,"addr:country":null,"local_ref":null,"natural":null,"wikipedia":null,"operator:type":null,"capacity":null,"building:levels":null,"addr:city":null,"wikidata":null,"jenjang":null,"alt_name":null,"addr:street":null,"addr:housenumber":null,"addr:housename":null,"name":"SMP Bhakti Insani Bogor","addr:full":"Jalan Batutulis No. 5 C RW 05 Bogor","barrier":null},"geometry":{"type":"Point","coordinates":[106.8104433,-6.6189337]}},
{"type":"Feature","properties":{"full_id":"n5063672376","osm_id":"5063672376","osm_type":"node","amenity":"school","ref":null,"education":null,"addr:subdistrict":null,"addr:province":null,"addr:district":null,"swing_gate:type":null,"entrance":null,"religion":null,"grades":null,"email":null,"phone":null,"name:en":null,"wheelchair":null,"building:structure":null,"building:roof":null,"building:material":null,"building:condition":null,"access:roof":null,"building":null,"operator":null,"opening_hours":null,"addr:postcode":null,"school:type_idn":"sma","nspn":null,"isced:level":null,"website":null,"school":null,"fee":null,"contact:phone":null,"contact:fax":null,"contact:email":null,"addr:country":null,"local_ref":null,"natural":null,"wikipedia":null,"operator:type":null,"capacity":null,"building:levels":null,"addr:city":null,"wikidata":null,"jenjang":null,"alt_name":null,"addr:street":null,"addr:housenumber":null,"addr:housename":null,"name":"SMA Bhakti Insani Bogor","addr:full":"Jalan Batutulis No. 5 C RW 05 Bogor","barrier":null},"geometry":{"type":"Point","coordinates":[106.8104875,-6.6187192]}},
{"type":"Feature","properties":{"full_id":"n5065392773","osm_id":"5065392773","osm_type":"node","amenity":"school","ref":null,"education":null,"addr:subdistrict":null,"addr:province":null,"addr:district":null,"swing_gate:type":null,"entrance":null,"religion":null,"grades":null,"email":null,"phone":null,"name:en":null,"wheelchair":null,"building:structure":null,"building:roof":null,"building:material":null,"building:condition":null,"access:roof":null,"building":"school","operator":null,"opening_hours":null,"addr:postcode":null,"school:type_idn":"sd","nspn":null,"isced:level":null,"website":null,"school":null,"fee":null,"contact:phone":null,"contact:fax":null,"contact:email":null,"addr:country":null,"local_ref":null,"natural":null,"wikipedia":null,"operator:type":null,"capacity":null,"building:levels":null,"addr:city":null,"wikidata":null,"jenjang":null,"alt_name":null,"addr:street":null,"addr:housenumber":null,"addr:housename":null,"name":"SD Negeri Cibuluh III","addr:full":"Jalan Mandala RT 06/02 No. 38","barrier":null},"geometry":{"type":"Point","coordinates":[106.820118,-6.5435301]}},
{"type":"Feature","properties":{"full_id":"n5065392766","osm_id":"5065392766","osm_type":"node","amenity":"school","ref":null,"education":null,"addr:subdistrict":null,"addr:province":null,"addr:district":null,"swing_gate:type":null,"entrance":null,"religion":null,"grades":null,"email":null,"phone":null,"name:en":null,"wheelchair":null,"building:structure":null,"building:roof":null,"building:material":null,"building:condition":null,"access:roof":null,"building":null,"operator":null,"opening_hours":null,"addr:postcode":null,"school:type_idn":"sd","nspn":null,"isced:level":null,"website":null,"school":null,"fee":null,"contact:phone":null,"contact:fax":null,"contact:email":null,"addr:country":null,"local_ref":null,"natural":null,"wikipedia":null,"operator:type":null,"capacity":null,"building:levels":null,"addr:city":null,"wikidata":null,"jenjang":null,"alt_name":null,"addr:street":null,"addr:housenumber":null,"addr:housename":null,"name":"MI Raudatul Islamiyah","addr:full":"Kp. Kaum RT 05/11","barrier":null},"geometry":{"type":"Point","coordinates":[106.811716,-6.5451835]}},
{"type":"Feature","properties":{"full_id":"n5065392765","osm_id":"5065392765","osm_type":"node","amenity":"school","ref":null,"education":null,"addr:subdistrict":null,"addr:province":null,"addr:district":null,"swing_gate:type":null,"entrance":null,"religion":null,"grades":null,"email":null,"phone":null,"name:en":null,"wheelchair":null,"building:structure":null,"building:roof":null,"building:material":null,"building:condition":null,"access:roof":null,"building":"school","operator":null,"opening_hours":null,"addr:postcode":null,"school:type_idn":"smp","nspn":null,"isced:level":null,"website":null,"school":null,"fee":null,"contact:phone":null,"contact:fax":null,"contact:email":null,"addr:country":null,"local_ref":null,"natural":null,"wikipedia":null,"operator:type":null,"capacity":null,"building:levels":null,"addr:city":null,"wikidata":null,"jenjang":null,"alt_name":null,"addr:street":null,"addr:housenumber":null,"addr:housename":null,"name":"SMP Negeri 15 Bogor","addr:full":"Jalan Mandala No. 50","barrier":null},"geometry":{"type":"Point","coordinates":[106.8222275,-6.5468223]}},
{"type":"Feature","properties":{"full_id":"n5065392760","osm_id":"5065392760","osm_type":"node","amenity":"school","ref":null,"education":null,"addr:subdistrict":null,"addr:province":null,"addr:district":null,"swing_gate:type":null,"entrance":null,"religion":null,"grades":null,"email":null,"phone":null,"name:en":null,"wheelchair":null,"building:structure":null,"building:roof":null,"building:material":null,"building:condition":null,"access:roof":null,"building":"school","operator":null,"opening_hours":null,"addr:postcode":null,"school:type_idn":"sma","nspn":null,"isced:level":null,"website":null,"school":null,"fee":null,"contact:phone":null,"contact:fax":null,"contact:email":null,"addr:country":null,"local_ref":null,"natural":null,"wikipedia":null,"operator:type":null,"capacity":null,"building:levels":null,"addr:city":null,"wikidata":null,"jenjang":null,"alt_name":null,"addr:street":null,"addr:housenumber":null,"addr:housename":null,"name":"SMA Negeri 8 Bogor","addr:full":"Jalan Mandala RT 03/02","barrier":null},"geometry":{"type":"Point","coordinates":[106.820244,-6.5449957]}},
{"type":"Feature","properties":{"full_id":"n5065786941","osm_id":"5065786941","osm_type":"node","amenity":"school","ref":null,"education":null,"addr:subdistrict":null,"addr:province":null,"addr:district":null,"swing_gate:type":null,"entrance":null,"religion":null,"grades":null,"email":null,"phone":null,"name:en":null,"wheelchair":null,"building:structure":null,"building:roof":null,"building:material":null,"building:condition":null,"access:roof":null,"building":"school","operator":null,"opening_hours":null,"addr:postcode":null,"school:type_idn":"sd","nspn":null,"isced:level":null,"website":null,"school":null,"fee":null,"contact:phone":null,"contact:fax":null,"contact:email":null,"addr:country":null,"local_ref":null,"natural":null,"wikipedia":null,"operator:type":null,"capacity":null,"building:levels":null,"addr:city":null,"wikidata":null,"jenjang":null,"alt_name":null,"addr:street":null,"addr:housenumber":null,"addr:housename":null,"name":"SDN Dewi Sartika 2","addr:full":"Jalan RE Martadinata No. 7","barrier":null},"geometry":{"type":"Point","coordinates":[106.7939128,-6.5821899]}},
{"type":"Feature","properties":{"full_id":"n5065786940","osm_id":"5065786940","osm_type":"node","amenity":"school","ref":null,"education":null,"addr:subdistrict":null,"addr:province":null,"addr:district":null,"swing_gate:type":null,"entrance":null,"religion":null,"grades":null,"email":null,"phone":null,"name:en":null,"wheelchair":null,"building:structure":null,"building:roof":null,"building:material":null,"building:condition":null,"access:roof":null,"building":"school","operator":null,"opening_hours":null,"addr:postcode":null,"school:type_idn":"sd","nspn":null,"isced:level":null,"website":null,"school":null,"fee":null,"contact:phone":null,"contact:fax":null,"contact:email":null,"addr:country":null,"local_ref":null,"natural":null,"wikipedia":null,"operator:type":null,"capacity":null,"building:levels":null,"addr:city":null,"wikidata":null,"jenjang":null,"alt_name":null,"addr:street":null,"addr:housenumber":null,"addr:housename":null,"name":"SDN Dewi Sartika 3","addr:full":"Jalan RE Martadinata No. 7","barrier":null},"geometry":{"type":"Point","coordinates":[106.7938846,-6.5822365]}},
{"type":"Feature","properties":{"full_id":"n5065392775","osm_id":"5065392775","osm_type":"node","amenity":"school","ref":null,"education":null,"addr:subdistrict":null,"addr:province":null,"addr:district":null,"swing_gate:type":null,"entrance":null,"religion":null,"grades":null,"email":null,"phone":null,"name:en":null,"wheelchair":null,"building:structure":null,"building:roof":null,"building:material":null,"building:condition":null,"access:roof":null,"building":"school","operator":null,"opening_hours":null,"addr:postcode":null,"school:type_idn":"sd","nspn":null,"isced:level":null,"website":null,"school":null,"fee":null,"contact:phone":null,"contact:fax":null,"contact:email":null,"addr:country":null,"local_ref":null,"natural":null,"wikipedia":null,"operator:type":null,"capacity":null,"building:levels":null,"addr:city":null,"wikidata":null,"jenjang":null,"alt_name":null,"addr:street":null,"addr:housenumber":null,"addr:housename":null,"name":"SD Negeri Ciparigi","addr:full":"Jalan Ciburial RT 04/04 No. 10","barrier":null},"geometry":{"type":"Point","coordinates":[106.8136995,-6.5463254]}},
{"type":"Feature","properties":{"full_id":"n5065392774","osm_id":"5065392774","osm_type":"node","amenity":"school","ref":null,"education":null,"addr:subdistrict":null,"addr:province":null,"addr:district":null,"swing_gate:type":null,"entrance":null,"religion":null,"grades":null,"email":null,"phone":null,"name:en":null,"wheelchair":null,"building:structure":null,"building:roof":null,"building:material":null,"building:condition":null,"access:roof":null,"building":null,"operator":null,"opening_hours":null,"addr:postcode":null,"school:type_idn":"sd","nspn":null,"isced:level":null,"website":null,"school":null,"fee":null,"contact:phone":null,"contact:fax":null,"contact:email":null,"addr:country":null,"local_ref":null,"natural":null,"wikipedia":null,"operator:type":null,"capacity":null,"building:levels":null,"addr:city":null,"wikidata":null,"jenjang":null,"alt_name":null,"addr:street":null,"addr:housenumber":null,"addr:housename":null,"name":"SD Negeri Cibuluh IV","addr:full":"Jalan Ciburial RT 04/04","barrier":null},"geometry":{"type":"Point","coordinates":[106.8141434,-6.5467304]}},
{"type":"Feature","properties":{"full_id":"n5068059931","osm_id":"5068059931","osm_type":"node","amenity":"school","ref":null,"education":null,"addr:subdistrict":null,"addr:province":null,"addr:district":null,"swing_gate:type":null,"entrance":null,"religion":null,"grades":null,"email":null,"phone":null,"name:en":null,"wheelchair":null,"building:structure":null,"building:roof":null,"building:material":null,"building:condition":null,"access:roof":null,"building":null,"operator":null,"opening_hours":null,"addr:postcode":null,"school:type_idn":"sma","nspn":null,"isced:level":null,"website":null,"school":null,"fee":null,"contact:phone":null,"contact:fax":null,"contact:email":null,"addr:country":null,"local_ref":null,"natural":null,"wikipedia":null,"operator:type":null,"capacity":null,"building:levels":null,"addr:city":null,"wikidata":null,"jenjang":null,"alt_name":null,"addr:street":null,"addr:housenumber":null,"addr:housename":null,"name":"SMP Permata","addr:full":"Kp. Salabenda RT 02/04","barrier":null},"geometry":{"type":"Point","coordinates":[106.7662324,-6.5335399]}},
{"type":"Feature","properties":{"full_id":"n5068059918","osm_id":"5068059918","osm_type":"node","amenity":"school","ref":null,"education":null,"addr:subdistrict":null,"addr:province":null,"addr:district":null,"swing_gate:type":null,"entrance":null,"religion":null,"grades":null,"email":null,"phone":null,"name:en":null,"wheelchair":null,"building:structure":null,"building:roof":null,"building:material":null,"building:condition":null,"access:roof":null,"building":null,"operator":null,"opening_hours":null,"addr:postcode":null,"school:type_idn":"sma","nspn":null,"isced:level":null,"website":null,"school":null,"fee":null,"contact:phone":null,"contact:fax":null,"contact:email":null,"addr:country":null,"local_ref":null,"natural":null,"wikipedia":null,"operator:type":null,"capacity":null,"building:levels":null,"addr:city":null,"wikidata":null,"jenjang":null,"alt_name":null,"addr:street":null,"addr:housenumber":null,"addr:housename":null,"name":"SMAIT Ummul Quro Bogor","addr:full":"Komp. Bukit Kayumanis Boulevard RT 02/05","barrier":null},"geometry":{"type":"Point","coordinates":[106.7718013,-6.5284401]}},
{"type":"Feature","properties":{"full_id":"n5068059911","osm_id":"5068059911","osm_type":"node","amenity":"school","ref":null,"education":null,"addr:subdistrict":null,"addr:province":null,"addr:district":null,"swing_gate:type":null,"entrance":null,"religion":null,"grades":null,"email":null,"phone":null,"name:en":null,"wheelchair":null,"building:structure":null,"building:roof":null,"building:material":null,"building:condition":null,"access:roof":null,"building":null,"operator":null,"opening_hours":null,"addr:postcode":null,"school:type_idn":"sma","nspn":null,"isced:level":null,"website":null,"school":null,"fee":null,"contact:phone":null,"contact:fax":null,"contact:email":null,"addr:country":null,"local_ref":null,"natural":null,"wikipedia":null,"operator:type":null,"capacity":null,"building:levels":null,"addr:city":null,"wikidata":null,"jenjang":null,"alt_name":null,"addr:street":null,"addr:housenumber":null,"addr:housename":null,"name":"SMK Kesehatan","addr:full":"Jl. KH Sholeh Iskandar Blok RT. 01/04","barrier":null},"geometry":{"type":"Point","coordinates":[106.7659441,-6.5307805]}},
{"type":"Feature","properties":{"full_id":"n5065786942","osm_id":"5065786942","osm_type":"node","amenity":"school","ref":null,"education":null,"addr:subdistrict":null,"addr:province":null,"addr:district":null,"swing_gate:type":null,"entrance":null,"religion":null,"grades":null,"email":null,"phone":null,"name:en":null,"wheelchair":null,"building:structure":null,"building:roof":null,"building:material":null,"building:condition":null,"access:roof":null,"building":"school","operator":null,"opening_hours":null,"addr:postcode":null,"school:type_idn":"sd","nspn":null,"isced:level":null,"website":null,"school":null,"fee":null,"contact:phone":null,"contact:fax":null,"contact:email":null,"addr:country":null,"local_ref":null,"natural":null,"wikipedia":null,"operator:type":null,"capacity":null,"building:levels":null,"addr:city":null,"wikidata":null,"jenjang":null,"alt_name":null,"addr:street":null,"addr:housenumber":null,"addr:housename":null,"name":"SDN Dewi Sartika 1","addr:full":"Jalan RE Martadinata No. 7","barrier":null},"geometry":{"type":"Point","coordinates":[106.7938323,-6.5821486]}},
{"type":"Feature","properties":{"full_id":"n5068059978","osm_id":"5068059978","osm_type":"node","amenity":"school","ref":null,"education":null,"addr:subdistrict":null,"addr:province":null,"addr:district":null,"swing_gate:type":null,"entrance":null,"religion":null,"grades":null,"email":null,"phone":null,"name:en":null,"wheelchair":null,"building:structure":null,"building:roof":null,"building:material":null,"building:condition":null,"access:roof":null,"building":null,"operator":null,"opening_hours":null,"addr:postcode":null,"school:type_idn":"sd","nspn":null,"isced:level":null,"website":null,"school":null,"fee":null,"contact:phone":null,"contact:fax":null,"contact:email":null,"addr:country":null,"local_ref":null,"natural":null,"wikipedia":null,"operator:type":null,"capacity":null,"building:levels":null,"addr:city":null,"wikidata":null,"jenjang":null,"alt_name":null,"addr:street":null,"addr:housenumber":null,"addr:housename":null,"name":"MI Nurul Huda 1","addr:full":"Jalan Kampung Sumurwangi RT 02/09","barrier":null},"geometry":{"type":"Point","coordinates":[106.7739277,-6.5264208]}},
{"type":"Feature","properties":{"full_id":"n5068059970","osm_id":"5068059970","osm_type":"node","amenity":"school","ref":null,"education":null,"addr:subdistrict":null,"addr:province":null,"addr:district":null,"swing_gate:type":null,"entrance":null,"religion":null,"grades":null,"email":null,"phone":null,"name:en":null,"wheelchair":null,"building:structure":null,"building:roof":null,"building:material":null,"building:condition":null,"access:roof":null,"building":null,"operator":null,"opening_hours":null,"addr:postcode":null,"school:type_idn":"sd","nspn":null,"isced:level":null,"website":null,"school":null,"fee":null,"contact:phone":null,"contact:fax":null,"contact:email":null,"addr:country":null,"local_ref":null,"natural":null,"wikipedia":null,"operator:type":null,"capacity":null,"building:levels":null,"addr:city":null,"wikidata":null,"jenjang":null,"alt_name":null,"addr:street":null,"addr:housenumber":null,"addr:housename":null,"name":"MI Sirojudin","addr:full":"Kampung Munjul RT 02/06","barrier":null},"geometry":{"type":"Point","coordinates":[106.7668667,-6.525724]}},
{"type":"Feature","properties":{"full_id":"n5068059933","osm_id":"5068059933","osm_type":"node","amenity":"school","ref":null,"education":null,"addr:subdistrict":null,"addr:province":null,"addr:district":null,"swing_gate:type":null,"entrance":null,"religion":null,"grades":null,"email":null,"phone":null,"name:en":null,"wheelchair":null,"building:structure":null,"building:roof":null,"building:material":null,"building:condition":null,"access:roof":null,"building":"school","operator":null,"opening_hours":null,"addr:postcode":null,"school:type_idn":"smp","nspn":null,"isced:level":null,"website":null,"school":null,"fee":null,"contact:phone":null,"contact:fax":null,"contact:email":null,"addr:country":null,"local_ref":null,"natural":null,"wikipedia":null,"operator:type":null,"capacity":null,"building:levels":null,"addr:city":null,"wikidata":null,"jenjang":null,"alt_name":null,"addr:street":null,"addr:housenumber":null,"addr:housename":null,"name":"SMP Negeri 16 Bogor","addr:full":"Jalan Cibadak Pabuaran RT 01/08","barrier":null},"geometry":{"type":"Point","coordinates":[106.7733523,-6.5326645]}},
{"type":"Feature","properties":{"full_id":"n5068059932","osm_id":"5068059932","osm_type":"node","amenity":"school","ref":null,"education":null,"addr:subdistrict":null,"addr:province":null,"addr:district":null,"swing_gate:type":null,"entrance":null,"religion":null,"grades":null,"email":null,"phone":null,"name:en":null,"wheelchair":null,"building:structure":null,"building:roof":null,"building:material":null,"building:condition":null,"access:roof":null,"building":null,"operator":null,"opening_hours":null,"addr:postcode":null,"school:type_idn":"sd","nspn":null,"isced:level":null,"website":null,"school":null,"fee":null,"contact:phone":null,"contact:fax":null,"contact:email":null,"addr:country":null,"local_ref":null,"natural":null,"wikipedia":null,"operator:type":null,"capacity":null,"building:levels":null,"addr:city":null,"wikidata":null,"jenjang":null,"alt_name":null,"addr:street":null,"addr:housenumber":null,"addr:housename":null,"name":"MTs Nurul Huda 1","addr:full":"Jalan Kampung Sumurwangi RT 02/09","barrier":null},"geometry":{"type":"Point","coordinates":[106.7739129,-6.5264681]}},
{"type":"Feature","properties":{"full_id":"n5068060023","osm_id":"5068060023","osm_type":"node","amenity":"school","ref":null,"education":null,"addr:subdistrict":null,"addr:province":null,"addr:district":null,"swing_gate:type":null,"entrance":null,"religion":null,"grades":null,"email":null,"phone":null,"name:en":null,"wheelchair":null,"building:structure":null,"building:roof":null,"building:material":null,"building:condition":null,"access:roof":null,"building":null,"operator":null,"opening_hours":null,"addr:postcode":null,"school:type_idn":"sd","nspn":null,"isced:level":null,"website":null,"school":null,"fee":null,"contact:phone":null,"contact:fax":null,"contact:email":null,"addr:country":null,"local_ref":null,"natural":null,"wikipedia":null,"operator:type":null,"capacity":null,"building:levels":null,"addr:city":null,"wikidata":null,"jenjang":null,"alt_name":null,"addr:street":null,"addr:housenumber":null,"addr:housename":null,"name":"MI Yatashi","addr:full":"Jalan Kayumanis RT 03/03","barrier":null},"geometry":{"type":"Point","coordinates":[106.7661124,-6.5378422]}},
{"type":"Feature","properties":{"full_id":"n5068060022","osm_id":"5068060022","osm_type":"node","amenity":"school","ref":null,"education":null,"addr:subdistrict":null,"addr:province":null,"addr:district":null,"swing_gate:type":null,"entrance":null,"religion":null,"grades":null,"email":null,"phone":null,"name:en":null,"wheelchair":null,"building:structure":null,"building:roof":null,"building:material":null,"building:condition":null,"access:roof":null,"building":null,"operator":null,"opening_hours":null,"addr:postcode":null,"school:type_idn":"smp","nspn":null,"isced:level":null,"website":null,"school":null,"fee":null,"contact:phone":null,"contact:fax":null,"contact:email":null,"addr:country":null,"local_ref":null,"natural":null,"wikipedia":null,"operator:type":null,"capacity":null,"building:levels":null,"addr:city":null,"wikidata":null,"jenjang":null,"alt_name":null,"addr:street":null,"addr:housenumber":null,"addr:housename":null,"name":"MTS Yatashi","addr:full":"Jalan Kayumanis RT 03/03","barrier":null},"geometry":{"type":"Point","coordinates":[106.7660614,-6.5379661]}},
{"type":"Feature","properties":{"full_id":"n5068060021","osm_id":"5068060021","osm_type":"node","amenity":"school","ref":null,"education":null,"addr:subdistrict":null,"addr:province":null,"addr:district":null,"swing_gate:type":null,"entrance":null,"religion":null,"grades":null,"email":null,"phone":null,"name:en":null,"wheelchair":null,"building:structure":null,"building:roof":null,"building:material":null,"building:condition":null,"access:roof":null,"building":null,"operator":null,"opening_hours":null,"addr:postcode":null,"school:type_idn":"sma","nspn":null,"isced:level":null,"website":null,"school":null,"fee":null,"contact:phone":null,"contact:fax":null,"contact:email":null,"addr:country":null,"local_ref":null,"natural":null,"wikipedia":null,"operator:type":null,"capacity":null,"building:levels":null,"addr:city":null,"wikidata":null,"jenjang":null,"alt_name":null,"addr:street":null,"addr:housenumber":null,"addr:housename":null,"name":"MA Yatashi","addr:full":"Jalan Kayumanis RT 03/03","barrier":null},"geometry":{"type":"Point","coordinates":[106.7661459,-6.5377529]}},
{"type":"Feature","properties":{"full_id":"n5068059985","osm_id":"5068059985","osm_type":"node","amenity":"school","ref":null,"education":null,"addr:subdistrict":null,"addr:province":null,"addr:district":null,"swing_gate:type":null,"entrance":null,"religion":null,"grades":null,"email":null,"phone":null,"name:en":null,"wheelchair":null,"building:structure":null,"building:roof":null,"building:material":null,"building:condition":null,"access:roof":null,"building":null,"operator":null,"opening_hours":null,"addr:postcode":null,"school:type_idn":"sd","nspn":null,"isced:level":null,"website":null,"school":null,"fee":null,"contact:phone":null,"contact:fax":null,"contact:email":null,"addr:country":null,"local_ref":null,"natural":null,"wikipedia":null,"operator:type":null,"capacity":null,"building:levels":null,"addr:city":null,"wikidata":null,"jenjang":null,"alt_name":null,"addr:street":null,"addr:housenumber":null,"addr:housename":null,"name":"SD Negeri Kayumanis 2","addr:full":"Jalan Sumurwangi RW 11","barrier":null},"geometry":{"type":"Point","coordinates":[106.7694175,-6.5165182]}},
{"type":"Feature","properties":{"full_id":"n5614645320","osm_id":"5614645320","osm_type":"node","amenity":"school","ref":null,"education":null,"addr:subdistrict":null,"addr:province":null,"addr:district":null,"swing_gate:type":null,"entrance":null,"religion":null,"grades":null,"email":null,"phone":null,"name:en":null,"wheelchair":"no","building:structure":"confined_masonry","building:roof":"tile","building:material":"brick","building:condition":"good","access:roof":"no","building":"school","operator":null,"opening_hours":null,"addr:postcode":null,"school:type_idn":null,"nspn":null,"isced:level":null,"website":null,"school":null,"fee":null,"contact:phone":null,"contact:fax":null,"contact:email":null,"addr:country":null,"local_ref":null,"natural":null,"wikipedia":null,"operator:type":null,"capacity":null,"building:levels":"1","addr:city":null,"wikidata":null,"jenjang":null,"alt_name":null,"addr:street":"jl. malabar ujung","addr:housenumber":"2","addr:housename":null,"name":"SDN MALABAR","addr:full":null,"barrier":null},"geometry":{"type":"Point","coordinates":[106.8066998,-6.5945668]}},
{"type":"Feature","properties":{"full_id":"n5614645310","osm_id":"5614645310","osm_type":"node","amenity":"school","ref":null,"education":null,"addr:subdistrict":null,"addr:province":null,"addr:district":null,"swing_gate:type":null,"entrance":null,"religion":null,"grades":null,"email":null,"phone":null,"name:en":null,"wheelchair":"no","building:structure":"confined_masonry","building:roof":"tile","building:material":"concrete","building:condition":"good","access:roof":"no","building":"school","operator":null,"opening_hours":null,"addr:postcode":null,"school:type_idn":null,"nspn":null,"isced:level":null,"website":null,"school":null,"fee":null,"contact:phone":null,"contact:fax":null,"contact:email":null,"addr:country":null,"local_ref":null,"natural":null,"wikipedia":null,"operator:type":null,"capacity":null,"building:levels":"2","addr:city":null,"wikidata":null,"jenjang":null,"alt_name":null,"addr:street":"jl. malabar","addr:housenumber":"7","addr:housename":null,"name":"SDN Babakan","addr:full":null,"barrier":null},"geometry":{"type":"Point","coordinates":[106.8067297,-6.5933652]}},
{"type":"Feature","properties":{"full_id":"n5614645309","osm_id":"5614645309","osm_type":"node","amenity":"school","ref":null,"education":null,"addr:subdistrict":null,"addr:province":null,"addr:district":null,"swing_gate:type":null,"entrance":null,"religion":null,"grades":null,"email":null,"phone":null,"name:en":null,"wheelchair":"no","building:structure":"confined_masonry","building:roof":"tile","building:material":"brick","building:condition":"good","access:roof":"yes","building":"school","operator":null,"opening_hours":null,"addr:postcode":null,"school:type_idn":null,"nspn":null,"isced:level":null,"website":null,"school":null,"fee":null,"contact:phone":null,"contact:fax":null,"contact:email":null,"addr:country":null,"local_ref":null,"natural":null,"wikipedia":null,"operator:type":null,"capacity":null,"building:levels":"3","addr:city":null,"wikidata":null,"jenjang":null,"alt_name":null,"addr:street":"jl. lodaya 1","addr:housenumber":"57","addr:housename":null,"name":"SMP/SMK Islam YTM Bogor","addr:full":null,"barrier":null},"geometry":{"type":"Point","coordinates":[106.806298,-6.5925996]}},
{"type":"Feature","properties":{"full_id":"n5068060072","osm_id":"5068060072","osm_type":"node","amenity":"school","ref":null,"education":null,"addr:subdistrict":null,"addr:province":null,"addr:district":null,"swing_gate:type":null,"entrance":null,"religion":null,"grades":null,"email":null,"phone":null,"name:en":null,"wheelchair":null,"building:structure":null,"building:roof":null,"building:material":null,"building:condition":null,"access:roof":null,"building":null,"operator":null,"opening_hours":null,"addr:postcode":null,"school:type_idn":"sma","nspn":null,"isced:level":null,"website":null,"school":null,"fee":null,"contact:phone":null,"contact:fax":null,"contact:email":null,"addr:country":null,"local_ref":null,"natural":null,"wikipedia":null,"operator:type":null,"capacity":null,"building:levels":null,"addr:city":null,"wikidata":null,"jenjang":null,"alt_name":null,"addr:street":null,"addr:housenumber":null,"addr:housename":null,"name":"SMK Permata","addr:full":"Kp. Salabenda RT 02/04","barrier":null},"geometry":{"type":"Point","coordinates":[106.7661707,-6.5335146]}},
{"type":"Feature","properties":{"full_id":"n6227494287","osm_id":"6227494287","osm_type":"node","amenity":"school","ref":null,"education":null,"addr:subdistrict":null,"addr:province":null,"addr:district":null,"swing_gate:type":null,"entrance":null,"religion":null,"grades":null,"email":null,"phone":"+62251360697","name:en":null,"wheelchair":null,"building:structure":null,"building:roof":null,"building:material":null,"building:condition":null,"access:roof":null,"building":null,"operator":null,"opening_hours":null,"addr:postcode":"16151","school:type_idn":null,"nspn":null,"isced:level":null,"website":null,"school":null,"fee":null,"contact:phone":null,"contact:fax":null,"contact:email":null,"addr:country":null,"local_ref":null,"natural":null,"wikipedia":null,"operator:type":null,"capacity":null,"building:levels":null,"addr:city":null,"wikidata":null,"jenjang":null,"alt_name":null,"addr:street":"Jalan Pajajaran","addr:housenumber":"86","addr:housename":null,"name":"SDN Gunung Gede","addr:full":null,"barrier":null},"geometry":{"type":"Point","coordinates":[106.8068866,-6.582281]}},
{"type":"Feature","properties":{"full_id":"n6227364185","osm_id":"6227364185","osm_type":"node","amenity":"school","ref":null,"education":null,"addr:subdistrict":null,"addr:province":null,"addr:district":null,"swing_gate:type":null,"entrance":null,"religion":null,"grades":null,"email":null,"phone":null,"name:en":null,"wheelchair":null,"building:structure":null,"building:roof":null,"building:material":null,"building:condition":null,"access:roof":null,"building":null,"operator":null,"opening_hours":null,"addr:postcode":null,"school:type_idn":null,"nspn":null,"isced:level":null,"website":null,"school":null,"fee":null,"contact:phone":null,"contact:fax":null,"contact:email":null,"addr:country":null,"local_ref":null,"natural":null,"wikipedia":null,"operator:type":null,"capacity":null,"building:levels":null,"addr:city":null,"wikidata":null,"jenjang":null,"alt_name":null,"addr:street":null,"addr:housenumber":null,"addr:housename":null,"name":"Lembaga Pendidikan dan Pelatihan Sangkuriang","addr:full":null,"barrier":null},"geometry":{"type":"Point","coordinates":[106.7964907,-6.5858432]}},
{"type":"Feature","properties":{"full_id":"n5842183785","osm_id":"5842183785","osm_type":"node","amenity":"school","ref":null,"education":null,"addr:subdistrict":null,"addr:province":null,"addr:district":null,"swing_gate:type":null,"entrance":null,"religion":null,"grades":null,"email":null,"phone":null,"name:en":"MAN 1 Kota Bogor","wheelchair":null,"building:structure":null,"building:roof":null,"building:material":null,"building:condition":null,"access:roof":null,"building":null,"operator":null,"opening_hours":null,"addr:postcode":null,"school:type_idn":null,"nspn":null,"isced:level":null,"website":null,"school":null,"fee":null,"contact:phone":null,"contact:fax":null,"contact:email":null,"addr:country":null,"local_ref":null,"natural":null,"wikipedia":null,"operator:type":null,"capacity":null,"building:levels":null,"addr:city":null,"wikidata":null,"jenjang":null,"alt_name":null,"addr:street":"Jalan Terapi","addr:housenumber":null,"addr:housename":null,"name":"Gerbang Masuk/Keluar - MAN 1 Kota Bogor","addr:full":null,"barrier":null},"geometry":{"type":"Point","coordinates":[106.7819214,-6.5770998]}},
{"type":"Feature","properties":{"full_id":"n5614646423","osm_id":"5614646423","osm_type":"node","amenity":"school","ref":null,"education":null,"addr:subdistrict":null,"addr:province":null,"addr:district":null,"swing_gate:type":null,"entrance":null,"religion":null,"grades":null,"email":null,"phone":null,"name:en":null,"wheelchair":"no","building:structure":"confined_masonry","building:roof":"tile","building:material":"brick","building:condition":"good","access:roof":"yes","building":"school","operator":null,"opening_hours":null,"addr:postcode":null,"school:type_idn":null,"nspn":null,"isced:level":null,"website":null,"school":null,"fee":null,"contact:phone":null,"contact:fax":null,"contact:email":null,"addr:country":null,"local_ref":null,"natural":null,"wikipedia":null,"operator:type":null,"capacity":null,"building:levels":"2","addr:city":null,"wikidata":null,"jenjang":null,"alt_name":null,"addr:street":"jl. pendidikan kel babakan","addr:housenumber":null,"addr:housename":null,"name":"SPS AL FAQIH","addr:full":null,"barrier":null},"geometry":{"type":"Point","coordinates":[106.8062357,-6.5928877]}},
{"type":"Feature","properties":{"full_id":"n7887193785","osm_id":"7887193785","osm_type":"node","amenity":"school","ref":null,"education":null,"addr:subdistrict":null,"addr:province":null,"addr:district":null,"swing_gate:type":null,"entrance":null,"religion":null,"grades":null,"email":null,"phone":null,"name:en":null,"wheelchair":null,"building:structure":null,"building:roof":null,"building:material":null,"building:condition":null,"access:roof":null,"building":null,"operator":null,"opening_hours":null,"addr:postcode":null,"school:type_idn":null,"nspn":null,"isced:level":null,"website":null,"school":null,"fee":null,"contact:phone":null,"contact:fax":null,"contact:email":null,"addr:country":null,"local_ref":null,"natural":null,"wikipedia":null,"operator:type":null,"capacity":null,"building:levels":null,"addr:city":null,"wikidata":null,"jenjang":null,"alt_name":null,"addr:street":null,"addr:housenumber":null,"addr:housename":null,"name":"SMP Negeri 6 Kota Bogor - Gerbang Masuk dan Keluar","addr:full":null,"barrier":null},"geometry":{"type":"Point","coordinates":[106.7717001,-6.5783253]}},
{"type":"Feature","properties":{"full_id":"n7880219185","osm_id":"7880219185","osm_type":"node","amenity":"school","ref":null,"education":null,"addr:subdistrict":null,"addr:province":null,"addr:district":null,"swing_gate:type":null,"entrance":null,"religion":null,"grades":null,"email":null,"phone":null,"name:en":null,"wheelchair":null,"building:structure":null,"building:roof":null,"building:material":null,"building:condition":null,"access:roof":null,"building":null,"operator":null,"opening_hours":null,"addr:postcode":null,"school:type_idn":null,"nspn":null,"isced:level":null,"website":null,"school":null,"fee":null,"contact:phone":null,"contact:fax":null,"contact:email":null,"addr:country":null,"local_ref":null,"natural":null,"wikipedia":null,"operator:type":null,"capacity":null,"building:levels":null,"addr:city":null,"wikidata":null,"jenjang":null,"alt_name":null,"addr:street":null,"addr:housenumber":null,"addr:housename":null,"name":"SD Negeri Cemplang Baru","addr:full":null,"barrier":null},"geometry":{"type":"Point","coordinates":[106.7642869,-6.5688529]}},
{"type":"Feature","properties":{"full_id":"n6227665785","osm_id":"6227665785","osm_type":"node","amenity":"school","ref":null,"education":null,"addr:subdistrict":null,"addr:province":null,"addr:district":null,"swing_gate:type":null,"entrance":null,"religion":null,"grades":null,"email":null,"phone":null,"name:en":null,"wheelchair":null,"building:structure":null,"building:roof":null,"building:material":null,"building:condition":null,"access:roof":null,"building":null,"operator":null,"opening_hours":null,"addr:postcode":null,"school:type_idn":null,"nspn":null,"isced:level":null,"website":null,"school":null,"fee":null,"contact:phone":null,"contact:fax":null,"contact:email":null,"addr:country":null,"local_ref":null,"natural":null,"wikipedia":null,"operator:type":null,"capacity":null,"building:levels":null,"addr:city":null,"wikidata":null,"jenjang":null,"alt_name":null,"addr:street":null,"addr:housenumber":null,"addr:housename":null,"name":"English First","addr:full":null,"barrier":null},"geometry":{"type":"Point","coordinates":[106.8046299,-6.5891077]}},
{"type":"Feature","properties":{"full_id":"n6227661685","osm_id":"6227661685","osm_type":"node","amenity":"school","ref":null,"education":null,"addr:subdistrict":null,"addr:province":null,"addr:district":null,"swing_gate:type":null,"entrance":null,"religion":null,"grades":null,"email":null,"phone":null,"name:en":null,"wheelchair":null,"building:structure":null,"building:roof":null,"building:material":null,"building:condition":null,"access:roof":null,"building":null,"operator":null,"opening_hours":null,"addr:postcode":null,"school:type_idn":null,"nspn":null,"isced:level":null,"website":null,"school":null,"fee":null,"contact:phone":null,"contact:fax":null,"contact:email":null,"addr:country":null,"local_ref":null,"natural":null,"wikipedia":null,"operator:type":null,"capacity":null,"building:levels":null,"addr:city":null,"wikidata":null,"jenjang":null,"alt_name":null,"addr:street":null,"addr:housenumber":null,"addr:housename":null,"name":"SMK Negeri 3","addr:full":null,"barrier":null},"geometry":{"type":"Point","coordinates":[106.8067327,-6.5831927]}},
{"type":"Feature","properties":{"full_id":"n8961586017","osm_id":"8961586017","osm_type":"node","amenity":"school","ref":null,"education":null,"addr:subdistrict":null,"addr:province":null,"addr:district":null,"swing_gate:type":null,"entrance":null,"religion":null,"grades":null,"email":null,"phone":null,"name:en":null,"wheelchair":null,"building:structure":null,"building:roof":null,"building:material":null,"building:condition":null,"access:roof":null,"building":null,"operator":null,"opening_hours":null,"addr:postcode":null,"school:type_idn":null,"nspn":null,"isced:level":null,"website":null,"school":null,"fee":null,"contact:phone":null,"contact:fax":null,"contact:email":null,"addr:country":null,"local_ref":null,"natural":null,"wikipedia":null,"operator:type":null,"capacity":null,"building:levels":null,"addr:city":null,"wikidata":null,"jenjang":null,"alt_name":null,"addr:street":null,"addr:housenumber":null,"addr:housename":null,"name":"SDIT SMPIT ABDURRAHMAN BIN AUF ","addr:full":null,"barrier":null},"geometry":{"type":"Point","coordinates":[106.7664702,-6.5427907]}},
{"type":"Feature","properties":{"full_id":"n8961582717","osm_id":"8961582717","osm_type":"node","amenity":"school","ref":null,"education":null,"addr:subdistrict":null,"addr:province":null,"addr:district":null,"swing_gate:type":null,"entrance":null,"religion":null,"grades":null,"email":null,"phone":null,"name:en":null,"wheelchair":null,"building:structure":null,"building:roof":null,"building:material":null,"building:condition":null,"access:roof":null,"building":null,"operator":null,"opening_hours":null,"addr:postcode":null,"school:type_idn":null,"nspn":null,"isced:level":null,"website":null,"school":null,"fee":null,"contact:phone":null,"contact:fax":null,"contact:email":null,"addr:country":null,"local_ref":null,"natural":null,"wikipedia":null,"operator:type":null,"capacity":null,"building:levels":null,"addr:city":null,"wikidata":null,"jenjang":null,"alt_name":null,"addr:street":"jl. kayumanis bondol gg cempaka ","addr:housenumber":null,"addr:housename":null,"name":"Abdurrahman bin Auf Islamic School","addr:full":null,"barrier":null},"geometry":{"type":"Point","coordinates":[106.7657343,-6.5420821]}},
{"type":"Feature","properties":{"full_id":"n8189620566","osm_id":"8189620566","osm_type":"node","amenity":null,"ref":null,"education":null,"addr:subdistrict":null,"addr:province":null,"addr:district":null,"swing_gate:type":null,"entrance":null,"religion":null,"grades":null,"email":null,"phone":null,"name:en":null,"wheelchair":null,"building:structure":null,"building:roof":null,"building:material":null,"building:condition":null,"access:roof":null,"building":null,"operator":null,"opening_hours":null,"addr:postcode":null,"school:type_idn":null,"nspn":null,"isced:level":null,"website":null,"school":null,"fee":null,"contact:phone":null,"contact:fax":null,"contact:email":null,"addr:country":null,"local_ref":null,"natural":null,"wikipedia":null,"operator:type":null,"capacity":null,"building:levels":null,"addr:city":null,"wikidata":null,"jenjang":null,"alt_name":null,"addr:street":null,"addr:housenumber":null,"addr:housename":null,"name":null,"addr:full":null,"barrier":"gate"},"geometry":{"type":"Point","coordinates":[106.8201191,-6.5972224]}},
{"type":"Feature","properties":{"full_id":"n8189620565","osm_id":"8189620565","osm_type":"node","amenity":null,"ref":null,"education":null,"addr:subdistrict":null,"addr:province":null,"addr:district":null,"swing_gate:type":null,"entrance":null,"religion":null,"grades":null,"email":null,"phone":null,"name:en":null,"wheelchair":null,"building:structure":null,"building:roof":null,"building:material":null,"building:condition":null,"access:roof":null,"building":null,"operator":null,"opening_hours":null,"addr:postcode":null,"school:type_idn":null,"nspn":null,"isced:level":null,"website":null,"school":null,"fee":null,"contact:phone":null,"contact:fax":null,"contact:email":null,"addr:country":null,"local_ref":null,"natural":null,"wikipedia":null,"operator:type":null,"capacity":null,"building:levels":null,"addr:city":null,"wikidata":null,"jenjang":null,"alt_name":null,"addr:street":null,"addr:housenumber":null,"addr:housename":null,"name":null,"addr:full":null,"barrier":"gate"},"geometry":{"type":"Point","coordinates":[106.8204796,-6.5971538]}},
{"type":"Feature","properties":{"full_id":"n11932513486","osm_id":"11932513486","osm_type":"node","amenity":"school","ref":null,"education":null,"addr:subdistrict":null,"addr:province":null,"addr:district":null,"swing_gate:type":null,"entrance":null,"religion":null,"grades":null,"email":null,"phone":null,"name:en":null,"wheelchair":null,"building:structure":null,"building:roof":null,"building:material":null,"building:condition":null,"access:roof":null,"building":null,"operator":null,"opening_hours":null,"addr:postcode":null,"school:type_idn":null,"nspn":null,"isced:level":null,"website":null,"school":null,"fee":null,"contact:phone":null,"contact:fax":null,"contact:email":null,"addr:country":null,"local_ref":null,"natural":null,"wikipedia":null,"operator:type":null,"capacity":null,"building:levels":null,"addr:city":null,"wikidata":null,"jenjang":null,"alt_name":null,"addr:street":null,"addr:housenumber":null,"addr:housename":null,"name":"MTS Thoyyibah Bogor","addr:full":null,"barrier":null},"geometry":{"type":"Point","coordinates":[106.7454238,-6.5653431]}},
{"type":"Feature","properties":{"full_id":"n11805112762","osm_id":"11805112762","osm_type":"node","amenity":null,"ref":null,"education":null,"addr:subdistrict":null,"addr:province":null,"addr:district":null,"swing_gate:type":null,"entrance":"yes","religion":null,"grades":null,"email":null,"phone":null,"name:en":null,"wheelchair":null,"building:structure":null,"building:roof":null,"building:material":null,"building:condition":null,"access:roof":null,"building":null,"operator":null,"opening_hours":null,"addr:postcode":null,"school:type_idn":null,"nspn":null,"isced:level":null,"website":null,"school":null,"fee":null,"contact:phone":null,"contact:fax":null,"contact:email":null,"addr:country":null,"local_ref":null,"natural":null,"wikipedia":null,"operator:type":null,"capacity":null,"building:levels":null,"addr:city":null,"wikidata":null,"jenjang":null,"alt_name":null,"addr:street":null,"addr:housenumber":null,"addr:housename":null,"name":null,"addr:full":null,"barrier":null},"geometry":{"type":"Point","coordinates":[106.7722985,-6.5929132]}},
{"type":"Feature","properties":{"full_id":"n10760552888","osm_id":"10760552888","osm_type":"node","amenity":"school","ref":null,"education":null,"addr:subdistrict":null,"addr:province":null,"addr:district":null,"swing_gate:type":null,"entrance":null,"religion":"muslim","grades":"8-10","email":null,"phone":null,"name:en":null,"wheelchair":null,"building:structure":null,"building:roof":null,"building:material":null,"building:condition":null,"access:roof":null,"building":null,"operator":"Yasmina Foundation","opening_hours":null,"addr:postcode":"16169","school:type_idn":null,"nspn":null,"isced:level":null,"website":null,"school":null,"fee":null,"contact:phone":null,"contact:fax":null,"contact:email":null,"addr:country":null,"local_ref":null,"natural":null,"wikipedia":null,"operator:type":"private","capacity":null,"building:levels":null,"addr:city":"Bogor","wikidata":null,"jenjang":null,"alt_name":null,"addr:street":"Jalan Raya Munjul RT 03 RW 06","addr:housenumber":null,"addr:housename":null,"name":"SMP Kreativa Bogor","addr:full":null,"barrier":null},"geometry":{"type":"Point","coordinates":[106.7667701,-6.524318]}},
{"type":"Feature","properties":{"full_id":"n10760548025","osm_id":"10760548025","osm_type":"node","amenity":"school","ref":null,"education":null,"addr:subdistrict":null,"addr:province":null,"addr:district":null,"swing_gate:type":null,"entrance":null,"religion":"muslim","grades":"1-6","email":"sditutsmanilhakim19@gmail.com","phone":null,"name:en":null,"wheelchair":null,"building:structure":null,"building:roof":null,"building:material":null,"building:condition":null,"access:roof":null,"building":null,"operator":"Yayasan Utsmanil Hakim","opening_hours":null,"addr:postcode":"16169","school:type_idn":null,"nspn":null,"isced:level":null,"website":null,"school":null,"fee":null,"contact:phone":null,"contact:fax":null,"contact:email":null,"addr:country":null,"local_ref":null,"natural":null,"wikipedia":null,"operator:type":"private","capacity":null,"building:levels":null,"addr:city":"Bogor","wikidata":null,"jenjang":null,"alt_name":null,"addr:street":"Kp Munjul RT 02 RW 06","addr:housenumber":null,"addr:housename":null,"name":"SDIT Utsmanil Hakim","addr:full":null,"barrier":null},"geometry":{"type":"Point","coordinates":[106.76657,-6.5261521]}},
{"type":"Feature","properties":{"full_id":"n11944042621","osm_id":"11944042621","osm_type":"node","amenity":"school","ref":null,"education":null,"addr:subdistrict":null,"addr:province":null,"addr:district":null,"swing_gate:type":null,"entrance":null,"religion":null,"grades":null,"email":null,"phone":null,"name:en":null,"wheelchair":null,"building:structure":null,"building:roof":null,"building:material":null,"building:condition":null,"access:roof":null,"building":null,"operator":null,"opening_hours":null,"addr:postcode":null,"school:type_idn":"smp","nspn":null,"isced:level":null,"website":null,"school":null,"fee":null,"contact:phone":null,"contact:fax":null,"contact:email":null,"addr:country":null,"local_ref":null,"natural":null,"wikipedia":null,"operator:type":"Yayasan Yasmina","capacity":null,"building:levels":null,"addr:city":null,"wikidata":null,"jenjang":null,"alt_name":null,"addr:street":null,"addr:housenumber":null,"addr:housename":null,"name":"SD Kreativa","addr:full":"Jalan Raya Johar","barrier":null},"geometry":{"type":"Point","coordinates":[106.7786859,-6.5582778]}},
{"type":"Feature","properties":{"full_id":"n11936006812","osm_id":"11936006812","osm_type":"node","amenity":"school","ref":null,"education":null,"addr:subdistrict":null,"addr:province":null,"addr:district":null,"swing_gate:type":null,"entrance":null,"religion":null,"grades":null,"email":null,"phone":null,"name:en":null,"wheelchair":null,"building:structure":null,"building:roof":null,"building:material":null,"building:condition":null,"access:roof":null,"building":null,"operator":null,"opening_hours":null,"addr:postcode":null,"school:type_idn":null,"nspn":null,"isced:level":null,"website":null,"school":null,"fee":null,"contact:phone":null,"contact:fax":null,"contact:email":null,"addr:country":null,"local_ref":null,"natural":null,"wikipedia":null,"operator:type":null,"capacity":null,"building:levels":null,"addr:city":null,"wikidata":null,"jenjang":null,"alt_name":null,"addr:street":null,"addr:housenumber":null,"addr:housename":null,"name":"SMP Islam Taman Cahaya","addr:full":null,"barrier":null},"geometry":{"type":"Point","coordinates":[106.7651796,-6.5660113]}},
{"type":"Feature","properties":{"full_id":"n11933046917","osm_id":"11933046917","osm_type":"node","amenity":"school","ref":null,"education":null,"addr:subdistrict":null,"addr:province":null,"addr:district":null,"swing_gate:type":null,"entrance":null,"religion":null,"grades":null,"email":null,"phone":null,"name:en":null,"wheelchair":null,"building:structure":null,"building:roof":null,"building:material":null,"building:condition":null,"access:roof":null,"building":null,"operator":null,"opening_hours":null,"addr:postcode":null,"school:type_idn":null,"nspn":null,"isced:level":null,"website":null,"school":null,"fee":null,"contact:phone":null,"contact:fax":null,"contact:email":null,"addr:country":null,"local_ref":null,"natural":null,"wikipedia":null,"operator:type":null,"capacity":null,"building:levels":null,"addr:city":null,"wikidata":null,"jenjang":null,"alt_name":null,"addr:street":null,"addr:housenumber":null,"addr:housename":null,"name":"SMK Plus Al-Azhar","addr:full":null,"barrier":null},"geometry":{"type":"Point","coordinates":[106.7616834,-6.5806032]}},
{"type":"Feature","properties":{"full_id":"n11933003043","osm_id":"11933003043","osm_type":"node","amenity":"school","ref":null,"education":null,"addr:subdistrict":null,"addr:province":null,"addr:district":null,"swing_gate:type":null,"entrance":null,"religion":null,"grades":null,"email":null,"phone":null,"name:en":null,"wheelchair":null,"building:structure":null,"building:roof":null,"building:material":null,"building:condition":null,"access:roof":null,"building":null,"operator":null,"opening_hours":null,"addr:postcode":null,"school:type_idn":null,"nspn":null,"isced:level":null,"website":null,"school":null,"fee":null,"contact:phone":null,"contact:fax":null,"contact:email":null,"addr:country":null,"local_ref":null,"natural":null,"wikipedia":null,"operator:type":null,"capacity":null,"building:levels":null,"addr:city":null,"wikidata":null,"jenjang":null,"alt_name":null,"addr:street":null,"addr:housenumber":null,"addr:housename":null,"name":"SMP Plus Al-Azhar","addr:full":null,"barrier":null},"geometry":{"type":"Point","coordinates":[106.7619811,-6.5807044]}},
{"type":"Feature","properties":{"full_id":"n11944793802","osm_id":"11944793802","osm_type":"node","amenity":"school","ref":null,"education":null,"addr:subdistrict":null,"addr:province":null,"addr:district":null,"swing_gate:type":null,"entrance":null,"religion":null,"grades":null,"email":null,"phone":null,"name:en":null,"wheelchair":null,"building:structure":null,"building:roof":null,"building:material":null,"building:condition":null,"access:roof":null,"building":null,"operator":null,"opening_hours":null,"addr:postcode":null,"school:type_idn":null,"nspn":null,"isced:level":null,"website":null,"school":null,"fee":null,"contact:phone":null,"contact:fax":null,"contact:email":null,"addr:country":null,"local_ref":null,"natural":null,"wikipedia":null,"operator:type":null,"capacity":null,"building:levels":null,"addr:city":null,"wikidata":null,"jenjang":null,"alt_name":null,"addr:street":null,"addr:housenumber":null,"addr:housename":null,"name":"SMP Windian Nugraha","addr:full":null,"barrier":null},"geometry":{"type":"Point","coordinates":[106.7685284,-6.5700235]}},
{"type":"Feature","properties":{"full_id":"n11944792884","osm_id":"11944792884","osm_type":"node","amenity":"school","ref":null,"education":null,"addr:subdistrict":null,"addr:province":null,"addr:district":null,"swing_gate:type":null,"entrance":null,"religion":null,"grades":null,"email":null,"phone":null,"name:en":null,"wheelchair":null,"building:structure":null,"building:roof":null,"building:material":null,"building:condition":null,"access:roof":null,"building":null,"operator":null,"opening_hours":null,"addr:postcode":null,"school:type_idn":null,"nspn":null,"isced:level":null,"website":null,"school":null,"fee":null,"contact:phone":null,"contact:fax":null,"contact:email":null,"addr:country":null,"local_ref":null,"natural":null,"wikipedia":null,"operator:type":null,"capacity":null,"building:levels":null,"addr:city":null,"wikidata":null,"jenjang":null,"alt_name":null,"addr:street":null,"addr:housenumber":null,"addr:housename":null,"name":"SMK Windian Nugraha","addr:full":null,"barrier":null},"geometry":{"type":"Point","coordinates":[106.7686906,-6.5699742]}},
{"type":"Feature","properties":{"full_id":"n11944560275","osm_id":"11944560275","osm_type":"node","amenity":"school","ref":null,"education":null,"addr:subdistrict":null,"addr:province":null,"addr:district":null,"swing_gate:type":null,"entrance":null,"religion":null,"grades":null,"email":null,"phone":null,"name:en":null,"wheelchair":null,"building:structure":null,"building:roof":null,"building:material":null,"building:condition":null,"access:roof":null,"building":null,"operator":null,"opening_hours":null,"addr:postcode":null,"school:type_idn":null,"nspn":null,"isced:level":null,"website":null,"school":null,"fee":null,"contact:phone":null,"contact:fax":null,"contact:email":null,"addr:country":null,"local_ref":null,"natural":null,"wikipedia":null,"operator:type":null,"capacity":null,"building:levels":null,"addr:city":null,"wikidata":null,"jenjang":null,"alt_name":null,"addr:street":null,"addr:housenumber":null,"addr:housename":null,"name":"TPA Al Hikmah","addr:full":null,"barrier":null},"geometry":{"type":"Point","coordinates":[106.7849234,-6.567251]}},
{"type":"Feature","properties":{"full_id":"n11944080107","osm_id":"11944080107","osm_type":"node","amenity":"school","ref":null,"education":null,"addr:subdistrict":null,"addr:province":null,"addr:district":null,"swing_gate:type":null,"entrance":null,"religion":null,"grades":null,"email":null,"phone":null,"name:en":null,"wheelchair":null,"building:structure":null,"building:roof":null,"building:material":null,"building:condition":null,"access:roof":null,"building":null,"operator":null,"opening_hours":null,"addr:postcode":null,"school:type_idn":"smp","nspn":null,"isced:level":null,"website":null,"school":null,"fee":null,"contact:phone":null,"contact:fax":null,"contact:email":null,"addr:country":null,"local_ref":null,"natural":null,"wikipedia":null,"operator:type":"Yayasan Yasmina","capacity":null,"building:levels":null,"addr:city":null,"wikidata":null,"jenjang":null,"alt_name":null,"addr:street":null,"addr:housenumber":null,"addr:housename":null,"name":"SMP Kreativa","addr:full":"Jalan Raya Johar","barrier":null},"geometry":{"type":"Point","coordinates":[106.7785625,-6.5583351]}},
{"type":"Feature","properties":{"full_id":"n11947090376","osm_id":"11947090376","osm_type":"node","amenity":"school","ref":null,"education":null,"addr:subdistrict":null,"addr:province":null,"addr:district":null,"swing_gate:type":null,"entrance":null,"religion":null,"grades":null,"email":null,"phone":null,"name:en":null,"wheelchair":null,"building:structure":null,"building:roof":null,"building:material":null,"building:condition":null,"access:roof":null,"building":null,"operator":null,"opening_hours":null,"addr:postcode":null,"school:type_idn":null,"nspn":null,"isced:level":null,"website":null,"school":null,"fee":null,"contact:phone":null,"contact:fax":null,"contact:email":null,"addr:country":null,"local_ref":null,"natural":null,"wikipedia":null,"operator:type":null,"capacity":null,"building:levels":null,"addr:city":null,"wikidata":null,"jenjang":null,"alt_name":null,"addr:street":null,"addr:housenumber":null,"addr:housename":null,"name":"SMK YZA","addr:full":null,"barrier":null},"geometry":{"type":"Point","coordinates":[106.7840047,-6.5876055]}},
{"type":"Feature","properties":{"full_id":"n11946401982","osm_id":"11946401982","osm_type":"node","amenity":"school","ref":null,"education":null,"addr:subdistrict":null,"addr:province":null,"addr:district":null,"swing_gate:type":null,"entrance":null,"religion":null,"grades":null,"email":null,"phone":null,"name:en":null,"wheelchair":null,"building:structure":null,"building:roof":null,"building:material":null,"building:condition":null,"access:roof":null,"building":null,"operator":null,"opening_hours":null,"addr:postcode":null,"school:type_idn":null,"nspn":null,"isced:level":null,"website":null,"school":null,"fee":null,"contact:phone":null,"contact:fax":null,"contact:email":null,"addr:country":null,"local_ref":null,"natural":null,"wikipedia":null,"operator:type":null,"capacity":null,"building:levels":null,"addr:city":null,"wikidata":null,"jenjang":null,"alt_name":null,"addr:street":null,"addr:housenumber":null,"addr:housename":null,"name":"SMK Taruna Andigha","addr:full":null,"barrier":null},"geometry":{"type":"Point","coordinates":[106.7853458,-6.5948303]}},
{"type":"Feature","properties":{"full_id":"n11946336152","osm_id":"11946336152","osm_type":"node","amenity":"school","ref":null,"education":null,"addr:subdistrict":null,"addr:province":null,"addr:district":null,"swing_gate:type":null,"entrance":null,"religion":null,"grades":null,"email":null,"phone":null,"name:en":null,"wheelchair":null,"building:structure":null,"building:roof":null,"building:material":null,"building:condition":null,"access:roof":null,"building":null,"operator":null,"opening_hours":null,"addr:postcode":null,"school:type_idn":null,"nspn":null,"isced:level":null,"website":null,"school":null,"fee":null,"contact:phone":null,"contact:fax":null,"contact:email":null,"addr:country":null,"local_ref":null,"natural":null,"wikipedia":null,"operator:type":null,"capacity":null,"building:levels":null,"addr:city":null,"wikidata":null,"jenjang":null,"alt_name":null,"addr:street":null,"addr:housenumber":null,"addr:housename":null,"name":"SMA Taruna Andigha","addr:full":null,"barrier":null},"geometry":{"type":"Point","coordinates":[106.7854357,-6.5950447]}},
{"type":"Feature","properties":{"full_id":"n11946331763","osm_id":"11946331763","osm_type":"node","amenity":"school","ref":null,"education":null,"addr:subdistrict":null,"addr:province":null,"addr:district":null,"swing_gate:type":null,"entrance":null,"religion":null,"grades":null,"email":null,"phone":null,"name:en":null,"wheelchair":null,"building:structure":null,"building:roof":null,"building:material":null,"building:condition":null,"access:roof":null,"building":null,"operator":null,"opening_hours":null,"addr:postcode":null,"school:type_idn":null,"nspn":null,"isced:level":null,"website":null,"school":null,"fee":null,"contact:phone":null,"contact:fax":null,"contact:email":null,"addr:country":null,"local_ref":null,"natural":null,"wikipedia":null,"operator:type":null,"capacity":null,"building:levels":null,"addr:city":null,"wikidata":null,"jenjang":null,"alt_name":null,"addr:street":null,"addr:housenumber":null,"addr:housename":null,"name":"SMP Taruna Andigha","addr:full":null,"barrier":null},"geometry":{"type":"Point","coordinates":[106.7857186,-6.595146]}},
{"type":"Feature","properties":{"full_id":"n11959357777","osm_id":"11959357777","osm_type":"node","amenity":"school","ref":null,"education":null,"addr:subdistrict":null,"addr:province":null,"addr:district":null,"swing_gate:type":null,"entrance":null,"religion":null,"grades":null,"email":null,"phone":null,"name:en":null,"wheelchair":null,"building:structure":null,"building:roof":null,"building:material":null,"building:condition":null,"access:roof":null,"building":null,"operator":null,"opening_hours":null,"addr:postcode":null,"school:type_idn":null,"nspn":null,"isced:level":null,"website":null,"school":null,"fee":null,"contact:phone":null,"contact:fax":null,"contact:email":null,"addr:country":null,"local_ref":null,"natural":null,"wikipedia":null,"operator:type":null,"capacity":null,"building:levels":null,"addr:city":null,"wikidata":null,"jenjang":null,"alt_name":null,"addr:street":null,"addr:housenumber":null,"addr:housename":null,"name":"SWAM (School of Waste Management)","addr:full":null,"barrier":null},"geometry":{"type":"Point","coordinates":[106.7487864,-6.5698447]}},
{"type":"Feature","properties":{"full_id":"n11955656351","osm_id":"11955656351","osm_type":"node","amenity":"school","ref":null,"education":null,"addr:subdistrict":null,"addr:province":null,"addr:district":null,"swing_gate:type":null,"entrance":null,"religion":null,"grades":null,"email":null,"phone":null,"name:en":null,"wheelchair":null,"building:structure":null,"building:roof":null,"building:material":null,"building:condition":null,"access:roof":null,"building":null,"operator":null,"opening_hours":null,"addr:postcode":null,"school:type_idn":null,"nspn":null,"isced:level":null,"website":null,"school":null,"fee":null,"contact:phone":null,"contact:fax":null,"contact:email":null,"addr:country":null,"local_ref":null,"natural":null,"wikipedia":null,"operator:type":null,"capacity":null,"building:levels":null,"addr:city":null,"wikidata":null,"jenjang":null,"alt_name":null,"addr:street":null,"addr:housenumber":null,"addr:housename":null,"name":"SDIT Al Munawwar","addr:full":null,"barrier":null},"geometry":{"type":"Point","coordinates":[106.7977866,-6.5718507]}},
{"type":"Feature","properties":{"full_id":"n11947092864","osm_id":"11947092864","osm_type":"node","amenity":"school","ref":null,"education":null,"addr:subdistrict":null,"addr:province":null,"addr:district":null,"swing_gate:type":null,"entrance":null,"religion":null,"grades":null,"email":null,"phone":null,"name:en":null,"wheelchair":null,"building:structure":null,"building:roof":null,"building:material":null,"building:condition":null,"access:roof":null,"building":null,"operator":null,"opening_hours":null,"addr:postcode":null,"school:type_idn":null,"nspn":null,"isced:level":null,"website":null,"school":null,"fee":null,"contact:phone":null,"contact:fax":null,"contact:email":null,"addr:country":null,"local_ref":null,"natural":null,"wikipedia":null,"operator:type":null,"capacity":null,"building:levels":null,"addr:city":null,"wikidata":null,"jenjang":null,"alt_name":null,"addr:street":null,"addr:housenumber":null,"addr:housename":null,"name":"SMP YZA","addr:full":null,"barrier":null},"geometry":{"type":"Point","coordinates":[106.7839149,-6.5874297]}},
{"type":"Feature","properties":{"full_id":"n11947092863","osm_id":"11947092863","osm_type":"node","amenity":"school","ref":null,"education":null,"addr:subdistrict":null,"addr:province":null,"addr:district":null,"swing_gate:type":null,"entrance":null,"religion":null,"grades":null,"email":null,"phone":null,"name:en":null,"wheelchair":null,"building:structure":null,"building:roof":null,"building:material":null,"building:condition":null,"access:roof":null,"building":null,"operator":null,"opening_hours":null,"addr:postcode":null,"school:type_idn":null,"nspn":null,"isced:level":null,"website":null,"school":null,"fee":null,"contact:phone":null,"contact:fax":null,"contact:email":null,"addr:country":null,"local_ref":null,"natural":null,"wikipedia":null,"operator:type":null,"capacity":null,"building:levels":null,"addr:city":null,"wikidata":null,"jenjang":null,"alt_name":null,"addr:street":null,"addr:housenumber":null,"addr:housename":null,"name":"SMA YZA","addr:full":null,"barrier":null},"geometry":{"type":"Point","coordinates":[106.7839538,-6.5875256]}},
{"type":"Feature","properties":{"full_id":"n12838565895","osm_id":"12838565895","osm_type":"node","amenity":"school","ref":null,"education":null,"addr:subdistrict":"Cimahpar","addr:province":"Jawa Barat","addr:district":"Bogor Utara","swing_gate:type":null,"entrance":null,"religion":"muslim","grades":"1-6,7-9","email":"info@anakshalihbogor.sch.id","phone":"+62 251 865 3638","name:en":null,"wheelchair":null,"building:structure":null,"building:roof":null,"building:material":null,"building:condition":null,"access:roof":null,"building":null,"operator":null,"opening_hours":"Mo-Fr 07:00-16:00","addr:postcode":"16155","school:type_idn":null,"nspn":null,"isced:level":null,"website":"https://anakshalihbogor.sch.id/","school":null,"fee":null,"contact:phone":null,"contact:fax":null,"contact:email":null,"addr:country":"ID","local_ref":null,"natural":null,"wikipedia":null,"operator:type":null,"capacity":null,"building:levels":null,"addr:city":"Bogor","wikidata":null,"jenjang":null,"alt_name":null,"addr:street":"Jalan Anak Shalih","addr:housenumber":"1","addr:housename":null,"name":"SDIT Anak Shalih","addr:full":null,"barrier":null},"geometry":{"type":"Point","coordinates":[106.8303629,-6.5916508]}},
{"type":"Feature","properties":{"full_id":"n12606212971","osm_id":"12606212971","osm_type":"node","amenity":null,"ref":null,"education":null,"addr:subdistrict":null,"addr:province":null,"addr:district":null,"swing_gate:type":"double","entrance":null,"religion":null,"grades":null,"email":null,"phone":null,"name:en":null,"wheelchair":null,"building:structure":null,"building:roof":null,"building:material":null,"building:condition":null,"access:roof":null,"building":null,"operator":null,"opening_hours":null,"addr:postcode":null,"school:type_idn":null,"nspn":null,"isced:level":null,"website":null,"school":null,"fee":null,"contact:phone":null,"contact:fax":null,"contact:email":null,"addr:country":null,"local_ref":null,"natural":null,"wikipedia":null,"operator:type":null,"capacity":null,"building:levels":null,"addr:city":null,"wikidata":null,"jenjang":null,"alt_name":null,"addr:street":null,"addr:housenumber":null,"addr:housename":null,"name":null,"addr:full":null,"barrier":"swing_gate"},"geometry":{"type":"Point","coordinates":[106.7943108,-6.6092883]}},
{"type":"Feature","properties":{"full_id":"n11984896696","osm_id":"11984896696","osm_type":"node","amenity":"school","ref":null,"education":null,"addr:subdistrict":null,"addr:province":null,"addr:district":null,"swing_gate:type":null,"entrance":null,"religion":null,"grades":null,"email":null,"phone":null,"name:en":null,"wheelchair":null,"building:structure":null,"building:roof":null,"building:material":null,"building:condition":null,"access:roof":null,"building":"yes","operator":null,"opening_hours":null,"addr:postcode":null,"school:type_idn":null,"nspn":null,"isced:level":null,"website":null,"school":null,"fee":null,"contact:phone":null,"contact:fax":null,"contact:email":null,"addr:country":null,"local_ref":null,"natural":null,"wikipedia":null,"operator:type":null,"capacity":null,"building:levels":null,"addr:city":null,"wikidata":null,"jenjang":null,"alt_name":null,"addr:street":null,"addr:housenumber":null,"addr:housename":null,"name":"SD Al Mustarih","addr:full":null,"barrier":null},"geometry":{"type":"Point","coordinates":[106.78584,-6.6035256]}},
{"type":"Feature","properties":{"full_id":"n11984893986","osm_id":"11984893986","osm_type":"node","amenity":"school","ref":null,"education":null,"addr:subdistrict":null,"addr:province":null,"addr:district":null,"swing_gate:type":null,"entrance":null,"religion":null,"grades":null,"email":null,"phone":null,"name:en":null,"wheelchair":null,"building:structure":null,"building:roof":null,"building:material":null,"building:condition":null,"access:roof":null,"building":null,"operator":null,"opening_hours":null,"addr:postcode":null,"school:type_idn":null,"nspn":null,"isced:level":null,"website":null,"school":null,"fee":null,"contact:phone":null,"contact:fax":null,"contact:email":null,"addr:country":null,"local_ref":null,"natural":null,"wikipedia":null,"operator:type":null,"capacity":null,"building:levels":null,"addr:city":null,"wikidata":null,"jenjang":null,"alt_name":null,"addr:street":null,"addr:housenumber":null,"addr:housename":null,"name":"MI Miftahussalam","addr:full":null,"barrier":null},"geometry":{"type":"Point","coordinates":[106.7753559,-6.59999]}},
{"type":"Feature","properties":{"full_id":"n13438886753","osm_id":"13438886753","osm_type":"node","amenity":"school","ref":"20220017","education":"school","addr:subdistrict":"Cipaku","addr:province":null,"addr:district":"Bogor Selatan","swing_gate:type":null,"entrance":null,"religion":null,"grades":null,"email":null,"phone":null,"name:en":null,"wheelchair":null,"building:structure":null,"building:roof":null,"building:material":null,"building:condition":null,"access:roof":null,"building":null,"operator":"Negeri","opening_hours":null,"addr:postcode":null,"school:type_idn":null,"nspn":null,"isced:level":null,"website":null,"school":null,"fee":null,"contact:phone":null,"contact:fax":null,"contact:email":null,"addr:country":null,"local_ref":null,"natural":null,"wikipedia":null,"operator:type":null,"capacity":null,"building:levels":null,"addr:city":"Kota Bogor","wikidata":null,"jenjang":null,"alt_name":null,"addr:street":null,"addr:housenumber":null,"addr:housename":null,"name":"SD Negeri Cipaku 4","addr:full":null,"barrier":null},"geometry":{"type":"Point","coordinates":[106.8167683,-6.637395]}},
{"type":"Feature","properties":{"full_id":"n13438886752","osm_id":"13438886752","osm_type":"node","amenity":"school","ref":"20220015","education":"school","addr:subdistrict":"Cipaku","addr:province":null,"addr:district":"Bogor Selatan","swing_gate:type":null,"entrance":null,"religion":null,"grades":null,"email":null,"phone":null,"name:en":null,"wheelchair":null,"building:structure":null,"building:roof":null,"building:material":null,"building:condition":null,"access:roof":null,"building":null,"operator":"Negeri","opening_hours":null,"addr:postcode":null,"school:type_idn":null,"nspn":null,"isced:level":null,"website":null,"school":null,"fee":null,"contact:phone":null,"contact:fax":null,"contact:email":null,"addr:country":null,"local_ref":null,"natural":null,"wikipedia":null,"operator:type":null,"capacity":null,"building:levels":null,"addr:city":"Kota Bogor","wikidata":null,"jenjang":null,"alt_name":null,"addr:street":null,"addr:housenumber":null,"addr:housename":null,"name":"SD Negeri Cipaku 2","addr:full":null,"barrier":null},"geometry":{"type":"Point","coordinates":[106.814065,-6.6385167]}},
{"type":"Feature","properties":{"full_id":"n13438886751","osm_id":"13438886751","osm_type":"node","amenity":"school","ref":"20220014","education":"school","addr:subdistrict":"Cipaku","addr:province":null,"addr:district":"Bogor Selatan","swing_gate:type":null,"entrance":null,"religion":null,"grades":null,"email":null,"phone":null,"name:en":null,"wheelchair":null,"building:structure":null,"building:roof":null,"building:material":null,"building:condition":null,"access:roof":null,"building":null,"operator":"Negeri","opening_hours":null,"addr:postcode":null,"school:type_idn":null,"nspn":null,"isced:level":null,"website":null,"school":null,"fee":null,"contact:phone":null,"contact:fax":null,"contact:email":null,"addr:country":null,"local_ref":null,"natural":null,"wikipedia":null,"operator:type":null,"capacity":null,"building:levels":null,"addr:city":"Kota Bogor","wikidata":null,"jenjang":null,"alt_name":null,"addr:street":null,"addr:housenumber":null,"addr:housename":null,"name":"SD Negeri Cipaku 1","addr:full":null,"barrier":null},"geometry":{"type":"Point","coordinates":[106.8133117,-6.6362067]}},
{"type":"Feature","properties":{"full_id":"n13195470202","osm_id":"13195470202","osm_type":"node","amenity":"school","ref":null,"education":null,"addr:subdistrict":null,"addr:province":null,"addr:district":null,"swing_gate:type":null,"entrance":null,"religion":null,"grades":null,"email":"mail@smakbo.sch.id","phone":"+62 251 2005026","name:en":null,"wheelchair":null,"building:structure":null,"building:roof":null,"building:material":null,"building:condition":null,"access:roof":null,"building":null,"operator":null,"opening_hours":null,"addr:postcode":"16154","school:type_idn":null,"nspn":null,"isced:level":null,"website":"https://www.smakbo.sch.id/","school":null,"fee":null,"contact:phone":null,"contact:fax":null,"contact:email":null,"addr:country":null,"local_ref":null,"natural":null,"wikipedia":null,"operator:type":null,"capacity":null,"building:levels":null,"addr:city":"Bogor City","wikidata":null,"jenjang":null,"alt_name":null,"addr:street":"Jl. Pangeran Sogiri","addr:housenumber":"374","addr:housename":null,"name":"SMK - SMAK Bogor","addr:full":null,"barrier":null},"geometry":{"type":"Point","coordinates":[106.8224989,-6.5617382]}},
{"type":"Feature","properties":{"full_id":"n13438886762","osm_id":"13438886762","osm_type":"node","amenity":"school","ref":"20220463","education":"school","addr:subdistrict":"Cilendek Timur","addr:province":null,"addr:district":"Bogor Barat","swing_gate:type":null,"entrance":null,"religion":null,"grades":null,"email":null,"phone":null,"name:en":null,"wheelchair":null,"building:structure":null,"building:roof":null,"building:material":null,"building:condition":null,"access:roof":null,"building":null,"operator":"Negeri","opening_hours":null,"addr:postcode":null,"school:type_idn":null,"nspn":null,"isced:level":null,"website":null,"school":null,"fee":null,"contact:phone":null,"contact:fax":null,"contact:email":null,"addr:country":null,"local_ref":null,"natural":null,"wikipedia":null,"operator:type":null,"capacity":null,"building:levels":null,"addr:city":"Kota Bogor","wikidata":null,"jenjang":null,"alt_name":null,"addr:street":null,"addr:housenumber":null,"addr:housename":null,"name":"SD Negeri Pabuaran Cilendek","addr:full":null,"barrier":null},"geometry":{"type":"Point","coordinates":[106.779,-6.5748]}},
{"type":"Feature","properties":{"full_id":"n13438886761","osm_id":"13438886761","osm_type":"node","amenity":"school","ref":"70023491","education":"school","addr:subdistrict":"Cilendek Timur","addr:province":null,"addr:district":"Bogor Barat","swing_gate:type":null,"entrance":null,"religion":null,"grades":null,"email":null,"phone":null,"name:en":null,"wheelchair":null,"building:structure":null,"building:roof":null,"building:material":null,"building:condition":null,"access:roof":null,"building":null,"operator":"Swasta","opening_hours":null,"addr:postcode":null,"school:type_idn":null,"nspn":null,"isced:level":null,"website":null,"school":null,"fee":null,"contact:phone":null,"contact:fax":null,"contact:email":null,"addr:country":null,"local_ref":null,"natural":null,"wikipedia":null,"operator:type":null,"capacity":null,"building:levels":null,"addr:city":"Kota Bogor","wikidata":null,"jenjang":null,"alt_name":null,"addr:street":null,"addr:housenumber":null,"addr:housename":null,"name":"SD Causa Prima","addr:full":null,"barrier":null},"geometry":{"type":"Point","coordinates":[106.7775,-6.5711]}},
{"type":"Feature","properties":{"full_id":"n13438886755","osm_id":"13438886755","osm_type":"node","amenity":"school","ref":"20238445","education":"school","addr:subdistrict":"Cipaku","addr:province":null,"addr:district":"Bogor Selatan","swing_gate:type":null,"entrance":null,"religion":null,"grades":null,"email":null,"phone":null,"name:en":null,"wheelchair":null,"building:structure":null,"building:roof":null,"building:material":null,"building:condition":null,"access:roof":null,"building":null,"operator":"Negeri","opening_hours":null,"addr:postcode":null,"school:type_idn":null,"nspn":null,"isced:level":null,"website":null,"school":null,"fee":null,"contact:phone":null,"contact:fax":null,"contact:email":null,"addr:country":null,"local_ref":null,"natural":null,"wikipedia":null,"operator:type":null,"capacity":null,"building:levels":null,"addr:city":"Kota Bogor","wikidata":null,"jenjang":null,"alt_name":null,"addr:street":null,"addr:housenumber":null,"addr:housename":null,"name":"SD Negeri Cipaku Perumda","addr:full":null,"barrier":null},"geometry":{"type":"Point","coordinates":[106.8126967,-6.6310317]}},
{"type":"Feature","properties":{"full_id":"n13438886754","osm_id":"13438886754","osm_type":"node","amenity":"school","ref":"20220386","education":"school","addr:subdistrict":"Cipaku","addr:province":null,"addr:district":"Bogor Selatan","swing_gate:type":null,"entrance":null,"religion":null,"grades":null,"email":null,"phone":null,"name:en":null,"wheelchair":null,"building:structure":null,"building:roof":null,"building:material":null,"building:condition":null,"access:roof":null,"building":null,"operator":"Negeri","opening_hours":null,"addr:postcode":null,"school:type_idn":null,"nspn":null,"isced:level":null,"website":null,"school":null,"fee":null,"contact:phone":null,"contact:fax":null,"contact:email":null,"addr:country":null,"local_ref":null,"natural":null,"wikipedia":null,"operator:type":null,"capacity":null,"building:levels":null,"addr:city":"Kota Bogor","wikidata":null,"jenjang":null,"alt_name":null,"addr:street":null,"addr:housenumber":null,"addr:housename":null,"name":"SMP Negeri 10 Bogor","addr:full":null,"barrier":null},"geometry":{"type":"Point","coordinates":[106.8123,-6.6299]}},
{"type":"Feature","properties":{"full_id":"n13438886771","osm_id":"13438886771","osm_type":"node","amenity":"school","ref":"20220022","education":"school","addr:subdistrict":"Ciluar","addr:province":null,"addr:district":"Bogor Utara","swing_gate:type":null,"entrance":null,"religion":null,"grades":null,"email":null,"phone":null,"name:en":null,"wheelchair":null,"building:structure":null,"building:roof":null,"building:material":null,"building:condition":null,"access:roof":null,"building":null,"operator":"Negeri","opening_hours":null,"addr:postcode":null,"school:type_idn":null,"nspn":null,"isced:level":null,"website":null,"school":null,"fee":null,"contact:phone":null,"contact:fax":null,"contact:email":null,"addr:country":null,"local_ref":null,"natural":null,"wikipedia":null,"operator:type":null,"capacity":null,"building:levels":null,"addr:city":"Kota Bogor","wikidata":null,"jenjang":null,"alt_name":null,"addr:street":null,"addr:housenumber":null,"addr:housename":null,"name":"SD Negeri Ciluar 1","addr:full":null,"barrier":null},"geometry":{"type":"Point","coordinates":[106.8277,-6.5645]}},
{"type":"Feature","properties":{"full_id":"n13438886770","osm_id":"13438886770","osm_type":"node","amenity":"school","ref":"20271516","education":"school","addr:subdistrict":"Ciluar","addr:province":null,"addr:district":"Bogor Utara","swing_gate:type":null,"entrance":null,"religion":null,"grades":null,"email":null,"phone":null,"name:en":null,"wheelchair":null,"building:structure":null,"building:roof":null,"building:material":null,"building:condition":null,"access:roof":null,"building":null,"operator":"Swasta","opening_hours":null,"addr:postcode":null,"school:type_idn":null,"nspn":null,"isced:level":null,"website":null,"school":null,"fee":null,"contact:phone":null,"contact:fax":null,"contact:email":null,"addr:country":null,"local_ref":null,"natural":null,"wikipedia":null,"operator:type":null,"capacity":null,"building:levels":null,"addr:city":"Kota Bogor","wikidata":null,"jenjang":null,"alt_name":null,"addr:street":null,"addr:housenumber":null,"addr:housename":null,"name":"SMP Kurnia","addr:full":null,"barrier":null},"geometry":{"type":"Point","coordinates":[106.8265,-6.5611]}},
{"type":"Feature","properties":{"full_id":"n13438886764","osm_id":"13438886764","osm_type":"node","amenity":"school","ref":"20220050","education":"school","addr:subdistrict":"Cilendek Timur","addr:province":null,"addr:district":"Bogor Barat","swing_gate:type":null,"entrance":null,"religion":null,"grades":null,"email":null,"phone":null,"name:en":null,"wheelchair":null,"building:structure":null,"building:roof":null,"building:material":null,"building:condition":null,"access:roof":null,"building":null,"operator":"Negeri","opening_hours":null,"addr:postcode":null,"school:type_idn":null,"nspn":null,"isced:level":null,"website":null,"school":null,"fee":null,"contact:phone":null,"contact:fax":null,"contact:email":null,"addr:country":null,"local_ref":null,"natural":null,"wikipedia":null,"operator:type":null,"capacity":null,"building:levels":null,"addr:city":"Kota Bogor","wikidata":null,"jenjang":null,"alt_name":null,"addr:street":null,"addr:housenumber":null,"addr:housename":null,"name":"SD Negeri Cilendek Timur 1","addr:full":null,"barrier":null},"geometry":{"type":"Point","coordinates":[106.7785,-6.575]}},
{"type":"Feature","properties":{"full_id":"n13438886763","osm_id":"13438886763","osm_type":"node","amenity":"school","ref":"20238443","education":"school","addr:subdistrict":"Cilendek Timur","addr:province":null,"addr:district":"Bogor Barat","swing_gate:type":null,"entrance":null,"religion":null,"grades":null,"email":null,"phone":null,"name:en":null,"wheelchair":null,"building:structure":null,"building:roof":null,"building:material":null,"building:condition":null,"access:roof":null,"building":null,"operator":"Negeri","opening_hours":null,"addr:postcode":null,"school:type_idn":null,"nspn":null,"isced:level":null,"website":null,"school":null,"fee":null,"contact:phone":null,"contact:fax":null,"contact:email":null,"addr:country":null,"local_ref":null,"natural":null,"wikipedia":null,"operator:type":null,"capacity":null,"building:levels":null,"addr:city":"Kota Bogor","wikidata":null,"jenjang":null,"alt_name":null,"addr:street":null,"addr:housenumber":null,"addr:housename":null,"name":"SD Negeri Cilendek Timur 2","addr:full":null,"barrier":null},"geometry":{"type":"Point","coordinates":[106.773,-6.567]}},
{"type":"Feature","properties":{"full_id":"n13438886782","osm_id":"13438886782","osm_type":"node","amenity":"school","ref":"20220311","education":"school","addr:subdistrict":"Cilendek Barat","addr:province":null,"addr:district":"Bogor Barat","swing_gate:type":null,"entrance":null,"religion":null,"grades":null,"email":null,"phone":null,"name:en":null,"wheelchair":null,"building:structure":null,"building:roof":null,"building:material":null,"building:condition":null,"access:roof":null,"building":null,"operator":"Swasta","opening_hours":null,"addr:postcode":null,"school:type_idn":null,"nspn":null,"isced:level":null,"website":null,"school":null,"fee":null,"contact:phone":null,"contact:fax":null,"contact:email":null,"addr:country":null,"local_ref":null,"natural":null,"wikipedia":null,"operator:type":null,"capacity":null,"building:levels":null,"addr:city":"Kota Bogor","wikidata":null,"jenjang":null,"alt_name":null,"addr:street":null,"addr:housenumber":null,"addr:housename":null,"name":"SMKS Al Fitriyah Bogor","addr:full":null,"barrier":null},"geometry":{"type":"Point","coordinates":[106.7658,-6.5708]}},
{"type":"Feature","properties":{"full_id":"n13438886779","osm_id":"13438886779","osm_type":"node","amenity":"school","ref":"20253305","education":"school","addr:subdistrict":"Cikaret","addr:province":null,"addr:district":"Bogor Selatan","swing_gate:type":null,"entrance":null,"religion":null,"grades":null,"email":null,"phone":null,"name:en":null,"wheelchair":null,"building:structure":null,"building:roof":null,"building:material":null,"building:condition":null,"access:roof":null,"building":null,"operator":"Swasta","opening_hours":null,"addr:postcode":null,"school:type_idn":null,"nspn":null,"isced:level":null,"website":null,"school":null,"fee":null,"contact:phone":null,"contact:fax":null,"contact:email":null,"addr:country":null,"local_ref":null,"natural":null,"wikipedia":null,"operator:type":null,"capacity":null,"building:levels":null,"addr:city":"Kota Bogor","wikidata":null,"jenjang":null,"alt_name":null,"addr:street":null,"addr:housenumber":null,"addr:housename":null,"name":"SMPIT Al Bunyan","addr:full":null,"barrier":null},"geometry":{"type":"Point","coordinates":[106.794476,-6.620035]}},
{"type":"Feature","properties":{"full_id":"n13438886778","osm_id":"13438886778","osm_type":"node","amenity":"school","ref":"20220077","education":"school","addr:subdistrict":"Cikaret","addr:province":null,"addr:district":"Bogor Selatan","swing_gate:type":null,"entrance":null,"religion":null,"grades":null,"email":null,"phone":null,"name:en":null,"wheelchair":null,"building:structure":null,"building:roof":null,"building:material":null,"building:condition":null,"access:roof":null,"building":null,"operator":"Negeri","opening_hours":null,"addr:postcode":null,"school:type_idn":null,"nspn":null,"isced:level":null,"website":null,"school":null,"fee":null,"contact:phone":null,"contact:fax":null,"contact:email":null,"addr:country":null,"local_ref":null,"natural":null,"wikipedia":null,"operator:type":null,"capacity":null,"building:levels":null,"addr:city":"Kota Bogor","wikidata":null,"jenjang":null,"alt_name":null,"addr:street":null,"addr:housenumber":null,"addr:housename":null,"name":"SD Negeri Cikaret 2","addr:full":null,"barrier":null},"geometry":{"type":"Point","coordinates":[106.7876983,-6.62048]}},
{"type":"Feature","properties":{"full_id":"n13438886777","osm_id":"13438886777","osm_type":"node","amenity":"school","ref":"20220076","education":"school","addr:subdistrict":"Cikaret","addr:province":null,"addr:district":"Bogor Selatan","swing_gate:type":null,"entrance":null,"religion":null,"grades":null,"email":null,"phone":null,"name:en":null,"wheelchair":null,"building:structure":null,"building:roof":null,"building:material":null,"building:condition":null,"access:roof":null,"building":null,"operator":"Negeri","opening_hours":null,"addr:postcode":null,"school:type_idn":null,"nspn":null,"isced:level":null,"website":null,"school":null,"fee":null,"contact:phone":null,"contact:fax":null,"contact:email":null,"addr:country":null,"local_ref":null,"natural":null,"wikipedia":null,"operator:type":null,"capacity":null,"building:levels":null,"addr:city":"Kota Bogor","wikidata":null,"jenjang":null,"alt_name":null,"addr:street":null,"addr:housenumber":null,"addr:housename":null,"name":"SD Negeri Cikaret 1","addr:full":null,"barrier":null},"geometry":{"type":"Point","coordinates":[106.79457,-6.6195883]}},
{"type":"Feature","properties":{"full_id":"n13438886786","osm_id":"13438886786","osm_type":"node","amenity":"school","ref":"20220080","education":"school","addr:subdistrict":"Cilendek Barat","addr:province":null,"addr:district":"Bogor Barat","swing_gate:type":null,"entrance":null,"religion":null,"grades":null,"email":null,"phone":null,"name:en":null,"wheelchair":null,"building:structure":null,"building:roof":null,"building:material":null,"building:condition":null,"access:roof":null,"building":null,"operator":"Negeri","opening_hours":null,"addr:postcode":null,"school:type_idn":null,"nspn":null,"isced:level":null,"website":null,"school":null,"fee":null,"contact:phone":null,"contact:fax":null,"contact:email":null,"addr:country":null,"local_ref":null,"natural":null,"wikipedia":null,"operator:type":null,"capacity":null,"building:levels":null,"addr:city":"Kota Bogor","wikidata":null,"jenjang":null,"alt_name":null,"addr:street":null,"addr:housenumber":null,"addr:housename":null,"name":"SD Negeri Cilendek 2","addr:full":null,"barrier":null},"geometry":{"type":"Point","coordinates":[106.7722,-6.5728]}},
{"type":"Feature","properties":{"full_id":"n13438886785","osm_id":"13438886785","osm_type":"node","amenity":"school","ref":"20238501","education":"school","addr:subdistrict":"Cilendek Barat","addr:province":null,"addr:district":"Bogor Barat","swing_gate:type":null,"entrance":null,"religion":null,"grades":null,"email":null,"phone":null,"name:en":null,"wheelchair":null,"building:structure":null,"building:roof":null,"building:material":null,"building:condition":null,"access:roof":null,"building":null,"operator":"Swasta","opening_hours":null,"addr:postcode":null,"school:type_idn":null,"nspn":null,"isced:level":null,"website":null,"school":null,"fee":null,"contact:phone":null,"contact:fax":null,"contact:email":null,"addr:country":null,"local_ref":null,"natural":null,"wikipedia":null,"operator:type":null,"capacity":null,"building:levels":null,"addr:city":"Kota Bogor","wikidata":null,"jenjang":null,"alt_name":null,"addr:street":null,"addr:housenumber":null,"addr:housename":null,"name":"SMP PGRI 12 Bogor","addr:full":null,"barrier":null},"geometry":{"type":"Point","coordinates":[106.7715,-6.5698]}},
{"type":"Feature","properties":{"full_id":"n13438886784","osm_id":"13438886784","osm_type":"node","amenity":"school","ref":"20220291","education":"school","addr:subdistrict":"Cilendek Barat","addr:province":null,"addr:district":"Bogor Barat","swing_gate:type":null,"entrance":null,"religion":null,"grades":null,"email":null,"phone":null,"name:en":null,"wheelchair":null,"building:structure":null,"building:roof":null,"building:material":null,"building:condition":null,"access:roof":null,"building":null,"operator":"Swasta","opening_hours":null,"addr:postcode":null,"school:type_idn":null,"nspn":null,"isced:level":null,"website":null,"school":null,"fee":null,"contact:phone":null,"contact:fax":null,"contact:email":null,"addr:country":null,"local_ref":null,"natural":null,"wikipedia":null,"operator:type":null,"capacity":null,"building:levels":null,"addr:city":"Kota Bogor","wikidata":null,"jenjang":null,"alt_name":null,"addr:street":null,"addr:housenumber":null,"addr:housename":null,"name":"SMKS Windian Nugraha Bogor","addr:full":null,"barrier":null},"geometry":{"type":"Point","coordinates":[106.7686,-6.5699]}},
{"type":"Feature","properties":{"full_id":"n13438886783","osm_id":"13438886783","osm_type":"node","amenity":"school","ref":"20220365","education":"school","addr:subdistrict":"Cilendek Barat","addr:province":null,"addr:district":"Bogor Barat","swing_gate:type":null,"entrance":null,"religion":null,"grades":null,"email":null,"phone":null,"name:en":null,"wheelchair":null,"building:structure":null,"building:roof":null,"building:material":null,"building:condition":null,"access:roof":null,"building":null,"operator":"Swasta","opening_hours":null,"addr:postcode":null,"school:type_idn":null,"nspn":null,"isced:level":null,"website":null,"school":null,"fee":null,"contact:phone":null,"contact:fax":null,"contact:email":null,"addr:country":null,"local_ref":null,"natural":null,"wikipedia":null,"operator:type":null,"capacity":null,"building:levels":null,"addr:city":"Kota Bogor","wikidata":null,"jenjang":null,"alt_name":null,"addr:street":null,"addr:housenumber":null,"addr:housename":null,"name":"SMP PGRI 8","addr:full":null,"barrier":null},"geometry":{"type":"Point","coordinates":[106.7623,-6.5668]}},
{"type":"Feature","properties":{"full_id":"n13438886790","osm_id":"13438886790","osm_type":"node","amenity":"school","ref":"20220079","education":"school","addr:subdistrict":"Cilendek Barat","addr:province":null,"addr:district":"Bogor Barat","swing_gate:type":null,"entrance":null,"religion":null,"grades":null,"email":null,"phone":null,"name:en":null,"wheelchair":null,"building:structure":null,"building:roof":null,"building:material":null,"building:condition":null,"access:roof":null,"building":null,"operator":"Negeri","opening_hours":null,"addr:postcode":null,"school:type_idn":null,"nspn":null,"isced:level":null,"website":null,"school":null,"fee":null,"contact:phone":null,"contact:fax":null,"contact:email":null,"addr:country":null,"local_ref":null,"natural":null,"wikipedia":null,"operator:type":null,"capacity":null,"building:levels":null,"addr:city":"Kota Bogor","wikidata":null,"jenjang":null,"alt_name":null,"addr:street":null,"addr:housenumber":null,"addr:housename":null,"name":"SD Negeri Cilendek I","addr:full":null,"barrier":null},"geometry":{"type":"Point","coordinates":[106.7701,-6.5741]}},
{"type":"Feature","properties":{"full_id":"n13438886789","osm_id":"13438886789","osm_type":"node","amenity":"school","ref":"20220051","education":"school","addr:subdistrict":"Cilendek Barat","addr:province":null,"addr:district":"Bogor Barat","swing_gate:type":null,"entrance":null,"religion":null,"grades":null,"email":null,"phone":null,"name:en":null,"wheelchair":null,"building:structure":null,"building:roof":null,"building:material":null,"building:condition":null,"access:roof":null,"building":null,"operator":"Negeri","opening_hours":null,"addr:postcode":null,"school:type_idn":null,"nspn":null,"isced:level":null,"website":null,"school":null,"fee":null,"contact:phone":null,"contact:fax":null,"contact:email":null,"addr:country":null,"local_ref":null,"natural":null,"wikipedia":null,"operator:type":null,"capacity":null,"building:levels":null,"addr:city":"Kota Bogor","wikidata":null,"jenjang":null,"alt_name":null,"addr:street":null,"addr:housenumber":null,"addr:housename":null,"name":"SD Negeri Cilendek 4","addr:full":null,"barrier":null},"geometry":{"type":"Point","coordinates":[106.7701,-6.577]}},
{"type":"Feature","properties":{"full_id":"n13438886788","osm_id":"13438886788","osm_type":"node","amenity":"school","ref":"70029863","education":"school","addr:subdistrict":"Cilendek Barat","addr:province":null,"addr:district":"Bogor Barat","swing_gate:type":null,"entrance":null,"religion":null,"grades":null,"email":null,"phone":null,"name:en":null,"wheelchair":null,"building:structure":null,"building:roof":null,"building:material":null,"building:condition":null,"access:roof":null,"building":null,"operator":"Swasta","opening_hours":null,"addr:postcode":null,"school:type_idn":null,"nspn":null,"isced:level":null,"website":null,"school":null,"fee":null,"contact:phone":null,"contact:fax":null,"contact:email":null,"addr:country":null,"local_ref":null,"natural":null,"wikipedia":null,"operator:type":null,"capacity":null,"building:levels":null,"addr:city":"Kota Bogor","wikidata":null,"jenjang":null,"alt_name":null,"addr:street":null,"addr:housenumber":null,"addr:housename":null,"name":"SMA Bina Insan Mandiri","addr:full":null,"barrier":null},"geometry":{"type":"Point","coordinates":[106.768788,-6.5664228]}},
{"type":"Feature","properties":{"full_id":"n13438886787","osm_id":"13438886787","osm_type":"node","amenity":"school","ref":"70026721","education":"school","addr:subdistrict":"Cilendek Barat","addr:province":null,"addr:district":"Bogor Barat","swing_gate:type":null,"entrance":null,"religion":null,"grades":null,"email":null,"phone":null,"name:en":null,"wheelchair":null,"building:structure":null,"building:roof":null,"building:material":null,"building:condition":null,"access:roof":null,"building":null,"operator":"Swasta","opening_hours":null,"addr:postcode":null,"school:type_idn":null,"nspn":null,"isced:level":null,"website":null,"school":null,"fee":null,"contact:phone":null,"contact:fax":null,"contact:email":null,"addr:country":null,"local_ref":null,"natural":null,"wikipedia":null,"operator:type":null,"capacity":null,"building:levels":null,"addr:city":"Kota Bogor","wikidata":null,"jenjang":null,"alt_name":null,"addr:street":null,"addr:housenumber":null,"addr:housename":null,"name":"SDIT Kemuning","addr:full":null,"barrier":null},"geometry":{"type":"Point","coordinates":[106.7662,-6.5693]}},
{"type":"Feature","properties":{"full_id":"n13438886794","osm_id":"13438886794","osm_type":"node","amenity":"school","ref":"69991118","education":"school","addr:subdistrict":"Cilendek Barat","addr:province":null,"addr:district":"Bogor Barat","swing_gate:type":null,"entrance":null,"religion":null,"grades":null,"email":null,"phone":null,"name:en":null,"wheelchair":null,"building:structure":null,"building:roof":null,"building:material":null,"building:condition":null,"access:roof":null,"building":null,"operator":"Swasta","opening_hours":null,"addr:postcode":null,"school:type_idn":null,"nspn":null,"isced:level":null,"website":null,"school":null,"fee":null,"contact:phone":null,"contact:fax":null,"contact:email":null,"addr:country":null,"local_ref":null,"natural":null,"wikipedia":null,"operator:type":null,"capacity":null,"building:levels":null,"addr:city":"Kota Bogor","wikidata":null,"jenjang":null,"alt_name":null,"addr:street":null,"addr:housenumber":null,"addr:housename":null,"name":"SMP Bina Insan Mandiri","addr:full":null,"barrier":null},"geometry":{"type":"Point","coordinates":[106.7688,-6.5663]}},
{"type":"Feature","properties":{"full_id":"n13438886793","osm_id":"13438886793","osm_type":"node","amenity":"school","ref":"20220044","education":"school","addr:subdistrict":"Cilendek Barat","addr:province":null,"addr:district":"Bogor Barat","swing_gate:type":null,"entrance":null,"religion":null,"grades":null,"email":null,"phone":null,"name:en":null,"wheelchair":null,"building:structure":null,"building:roof":null,"building:material":null,"building:condition":null,"access:roof":null,"building":null,"operator":"Swasta","opening_hours":null,"addr:postcode":null,"school:type_idn":null,"nspn":null,"isced:level":null,"website":null,"school":null,"fee":null,"contact:phone":null,"contact:fax":null,"contact:email":null,"addr:country":null,"local_ref":null,"natural":null,"wikipedia":null,"operator:type":null,"capacity":null,"building:levels":null,"addr:city":"Kota Bogor","wikidata":null,"jenjang":null,"alt_name":null,"addr:street":null,"addr:housenumber":null,"addr:housename":null,"name":"SD Dharma Ibu","addr:full":null,"barrier":null},"geometry":{"type":"Point","coordinates":[106.773,-6.5763]}},
{"type":"Feature","properties":{"full_id":"n13438886792","osm_id":"13438886792","osm_type":"node","amenity":"school","ref":"20220059","education":"school","addr:subdistrict":"Cilendek Barat","addr:province":null,"addr:district":"Bogor Barat","swing_gate:type":null,"entrance":null,"religion":null,"grades":null,"email":null,"phone":null,"name:en":null,"wheelchair":null,"building:structure":null,"building:roof":null,"building:material":null,"building:condition":null,"access:roof":null,"building":null,"operator":"Negeri","opening_hours":null,"addr:postcode":null,"school:type_idn":null,"nspn":null,"isced:level":null,"website":null,"school":null,"fee":null,"contact:phone":null,"contact:fax":null,"contact:email":null,"addr:country":null,"local_ref":null,"natural":null,"wikipedia":null,"operator:type":null,"capacity":null,"building:levels":null,"addr:city":"Kota Bogor","wikidata":null,"jenjang":null,"alt_name":null,"addr:street":null,"addr:housenumber":null,"addr:housename":null,"name":"SD Negeri Cemplang","addr:full":null,"barrier":null},"geometry":{"type":"Point","coordinates":[106.7641,-6.5686]}},
{"type":"Feature","properties":{"full_id":"n13438886791","osm_id":"13438886791","osm_type":"node","amenity":"school","ref":"20220289","education":"school","addr:subdistrict":"Cilendek Barat","addr:province":null,"addr:district":"Bogor Barat","swing_gate:type":null,"entrance":null,"religion":null,"grades":null,"email":null,"phone":null,"name:en":null,"wheelchair":null,"building:structure":null,"building:roof":null,"building:material":null,"building:condition":null,"access:roof":null,"building":null,"operator":"Swasta","opening_hours":null,"addr:postcode":null,"school:type_idn":null,"nspn":null,"isced:level":null,"website":null,"school":null,"fee":null,"contact:phone":null,"contact:fax":null,"contact:email":null,"addr:country":null,"local_ref":null,"natural":null,"wikipedia":null,"operator:type":null,"capacity":null,"building:levels":null,"addr:city":"Kota Bogor","wikidata":null,"jenjang":null,"alt_name":null,"addr:street":null,"addr:housenumber":null,"addr:housename":null,"name":"SMKS PGRI 1 Bogor","addr:full":null,"barrier":null},"geometry":{"type":"Point","coordinates":[106.7627,-6.5671]}},
{"type":"Feature","properties":{"full_id":"n13438928677","osm_id":"13438928677","osm_type":"node","amenity":"school","ref":"20238479","education":"school","addr:subdistrict":"Semplak","addr:province":null,"addr:district":"Bogor Barat","swing_gate:type":null,"entrance":null,"religion":null,"grades":null,"email":null,"phone":null,"name:en":null,"wheelchair":null,"building:structure":null,"building:roof":null,"building:material":null,"building:condition":null,"access:roof":null,"building":null,"operator":"Swasta","opening_hours":null,"addr:postcode":null,"school:type_idn":null,"nspn":null,"isced:level":null,"website":null,"school":null,"fee":null,"contact:phone":null,"contact:fax":null,"contact:email":null,"addr:country":null,"local_ref":null,"natural":null,"wikipedia":null,"operator:type":null,"capacity":null,"building:levels":null,"addr:city":"Kota Bogor","wikidata":null,"jenjang":null,"alt_name":null,"addr:street":null,"addr:housenumber":null,"addr:housename":null,"name":"SLB-c Tunas Kasih 2","addr:full":null,"barrier":null},"geometry":{"type":"Point","coordinates":[106.7655,-6.5626]}},
{"type":"Feature","properties":{"full_id":"n13438886800","osm_id":"13438886800","osm_type":"node","amenity":"school","ref":"20220043","education":"school","addr:subdistrict":"Cibogor","addr:province":null,"addr:district":"Bogor Tengah","swing_gate:type":null,"entrance":null,"religion":null,"grades":null,"email":null,"phone":null,"name:en":null,"wheelchair":null,"building:structure":null,"building:roof":null,"building:material":null,"building:condition":null,"access:roof":null,"building":null,"operator":"Negeri","opening_hours":null,"addr:postcode":null,"school:type_idn":null,"nspn":null,"isced:level":null,"website":null,"school":null,"fee":null,"contact:phone":null,"contact:fax":null,"contact:email":null,"addr:country":null,"local_ref":null,"natural":null,"wikipedia":null,"operator:type":null,"capacity":null,"building:levels":null,"addr:city":"Kota Bogor","wikidata":null,"jenjang":null,"alt_name":null,"addr:street":null,"addr:housenumber":null,"addr:housename":null,"name":"SD Negeri Dewi Sartika 3","addr:full":null,"barrier":null},"geometry":{"type":"Point","coordinates":[106.7938,-6.5819]}},
{"type":"Feature","properties":{"full_id":"n13438886799","osm_id":"13438886799","osm_type":"node","amenity":"school","ref":"20220042","education":"school","addr:subdistrict":"Cibogor","addr:province":null,"addr:district":"Bogor Tengah","swing_gate:type":null,"entrance":null,"religion":null,"grades":null,"email":null,"phone":null,"name:en":null,"wheelchair":null,"building:structure":null,"building:roof":null,"building:material":null,"building:condition":null,"access:roof":null,"building":null,"operator":"Negeri","opening_hours":null,"addr:postcode":null,"school:type_idn":null,"nspn":null,"isced:level":null,"website":null,"school":null,"fee":null,"contact:phone":null,"contact:fax":null,"contact:email":null,"addr:country":null,"local_ref":null,"natural":null,"wikipedia":null,"operator:type":null,"capacity":null,"building:levels":null,"addr:city":"Kota Bogor","wikidata":null,"jenjang":null,"alt_name":null,"addr:street":null,"addr:housenumber":null,"addr:housename":null,"name":"SD Negeri Dewi Sartika 2","addr:full":null,"barrier":null},"geometry":{"type":"Point","coordinates":[106.7942,-6.5821]}},
{"type":"Feature","properties":{"full_id":"n13438886798","osm_id":"13438886798","osm_type":"node","amenity":"school","ref":"20220031","education":"school","addr:subdistrict":"Cibogor","addr:province":null,"addr:district":"Bogor Tengah","swing_gate:type":null,"entrance":null,"religion":null,"grades":null,"email":null,"phone":null,"name:en":null,"wheelchair":null,"building:structure":null,"building:roof":null,"building:material":null,"building:condition":null,"access:roof":null,"building":null,"operator":"Negeri","opening_hours":null,"addr:postcode":null,"school:type_idn":null,"nspn":null,"isced:level":null,"website":null,"school":null,"fee":null,"contact:phone":null,"contact:fax":null,"contact:email":null,"addr:country":null,"local_ref":null,"natural":null,"wikipedia":null,"operator:type":null,"capacity":null,"building:levels":null,"addr:city":"Kota Bogor","wikidata":null,"jenjang":null,"alt_name":null,"addr:street":null,"addr:housenumber":null,"addr:housename":null,"name":"SD Negeri Dewi Sartika 1","addr:full":null,"barrier":null},"geometry":{"type":"Point","coordinates":[106.794,-6.582]}},
{"type":"Feature","properties":{"full_id":"n13438928681","osm_id":"13438928681","osm_type":"node","amenity":"school","ref":"20238478","education":"school","addr:subdistrict":"Semplak","addr:province":null,"addr:district":"Bogor Barat","swing_gate:type":null,"entrance":null,"religion":null,"grades":null,"email":null,"phone":null,"name:en":null,"wheelchair":null,"building:structure":null,"building:roof":null,"building:material":null,"building:condition":null,"access:roof":null,"building":null,"operator":"Swasta","opening_hours":null,"addr:postcode":null,"school:type_idn":null,"nspn":null,"isced:level":null,"website":null,"school":null,"fee":null,"contact:phone":null,"contact:fax":null,"contact:email":null,"addr:country":null,"local_ref":null,"natural":null,"wikipedia":null,"operator:type":null,"capacity":null,"building:levels":null,"addr:city":"Kota Bogor","wikidata":null,"jenjang":null,"alt_name":null,"addr:street":null,"addr:housenumber":null,"addr:housename":null,"name":"SLB-b Tunas Kasih 2","addr:full":null,"barrier":null},"geometry":{"type":"Point","coordinates":[106.7654,-6.5626]}},
{"type":"Feature","properties":{"full_id":"n13438928680","osm_id":"13438928680","osm_type":"node","amenity":"school","ref":"20271374","education":"school","addr:subdistrict":"Semplak","addr:province":null,"addr:district":"Bogor Barat","swing_gate:type":null,"entrance":null,"religion":null,"grades":null,"email":null,"phone":null,"name:en":null,"wheelchair":null,"building:structure":null,"building:roof":null,"building:material":null,"building:condition":null,"access:roof":null,"building":null,"operator":"Swasta","opening_hours":null,"addr:postcode":null,"school:type_idn":null,"nspn":null,"isced:level":null,"website":null,"school":null,"fee":null,"contact:phone":null,"contact:fax":null,"contact:email":null,"addr:country":null,"local_ref":null,"natural":null,"wikipedia":null,"operator:type":null,"capacity":null,"building:levels":null,"addr:city":"Kota Bogor","wikidata":null,"jenjang":null,"alt_name":null,"addr:street":null,"addr:housenumber":null,"addr:housename":null,"name":"SMKS Ibnu Sina","addr:full":null,"barrier":null},"geometry":{"type":"Point","coordinates":[106.7637,-6.5537]}},
{"type":"Feature","properties":{"full_id":"n13438928679","osm_id":"13438928679","osm_type":"node","amenity":"school","ref":"20220587","education":"school","addr:subdistrict":"Semplak","addr:province":null,"addr:district":"Bogor Barat","swing_gate:type":null,"entrance":null,"religion":null,"grades":null,"email":null,"phone":null,"name:en":null,"wheelchair":null,"building:structure":null,"building:roof":null,"building:material":null,"building:condition":null,"access:roof":null,"building":null,"operator":"Negeri","opening_hours":null,"addr:postcode":null,"school:type_idn":null,"nspn":null,"isced:level":null,"website":null,"school":null,"fee":null,"contact:phone":null,"contact:fax":null,"contact:email":null,"addr:country":null,"local_ref":null,"natural":null,"wikipedia":null,"operator:type":null,"capacity":null,"building:levels":null,"addr:city":"Kota Bogor","wikidata":null,"jenjang":null,"alt_name":null,"addr:street":null,"addr:housenumber":null,"addr:housename":null,"name":"SD Negeri Semplak 2","addr:full":null,"barrier":null},"geometry":{"type":"Point","coordinates":[106.761,-6.5538]}},
{"type":"Feature","properties":{"full_id":"n13438928678","osm_id":"13438928678","osm_type":"node","amenity":"school","ref":"20238457","education":"school","addr:subdistrict":"Semplak","addr:province":null,"addr:district":"Bogor Barat","swing_gate:type":null,"entrance":null,"religion":null,"grades":null,"email":null,"phone":null,"name:en":null,"wheelchair":null,"building:structure":null,"building:roof":null,"building:material":null,"building:condition":null,"access:roof":null,"building":null,"operator":"Negeri","opening_hours":null,"addr:postcode":null,"school:type_idn":null,"nspn":null,"isced:level":null,"website":null,"school":null,"fee":null,"contact:phone":null,"contact:fax":null,"contact:email":null,"addr:country":null,"local_ref":null,"natural":null,"wikipedia":null,"operator:type":null,"capacity":null,"building:levels":null,"addr:city":"Kota Bogor","wikidata":null,"jenjang":null,"alt_name":null,"addr:street":null,"addr:housenumber":null,"addr:housename":null,"name":"SD Negeri Semplak 1","addr:full":null,"barrier":null},"geometry":{"type":"Point","coordinates":[106.7611,-6.5538]}},
{"type":"Feature","properties":{"full_id":"n13438928685","osm_id":"13438928685","osm_type":"node","amenity":"school","ref":"20220292","education":"school","addr:subdistrict":"Semplak","addr:province":null,"addr:district":"Bogor Barat","swing_gate:type":null,"entrance":null,"religion":null,"grades":null,"email":null,"phone":null,"name:en":null,"wheelchair":null,"building:structure":null,"building:roof":null,"building:material":null,"building:condition":null,"access:roof":null,"building":null,"operator":"Swasta","opening_hours":null,"addr:postcode":null,"school:type_idn":null,"nspn":null,"isced:level":null,"website":null,"school":null,"fee":null,"contact:phone":null,"contact:fax":null,"contact:email":null,"addr:country":null,"local_ref":null,"natural":null,"wikipedia":null,"operator:type":null,"capacity":null,"building:levels":null,"addr:city":"Kota Bogor","wikidata":null,"jenjang":null,"alt_name":null,"addr:street":null,"addr:housenumber":null,"addr:housename":null,"name":"SMKS Yktb 1 Bogor","addr:full":null,"barrier":null},"geometry":{"type":"Point","coordinates":[106.7639,-6.5625]}},
{"type":"Feature","properties":{"full_id":"n13438928684","osm_id":"13438928684","osm_type":"node","amenity":"school","ref":"20220371","education":"school","addr:subdistrict":"Semplak","addr:province":null,"addr:district":"Bogor Barat","swing_gate:type":null,"entrance":null,"religion":null,"grades":null,"email":null,"phone":null,"name:en":null,"wheelchair":null,"building:structure":null,"building:roof":null,"building:material":null,"building:condition":null,"access:roof":null,"building":null,"operator":"Swasta","opening_hours":null,"addr:postcode":null,"school:type_idn":null,"nspn":null,"isced:level":null,"website":null,"school":null,"fee":null,"contact:phone":null,"contact:fax":null,"contact:email":null,"addr:country":null,"local_ref":null,"natural":null,"wikipedia":null,"operator:type":null,"capacity":null,"building:levels":null,"addr:city":"Kota Bogor","wikidata":null,"jenjang":null,"alt_name":null,"addr:street":null,"addr:housenumber":null,"addr:housename":null,"name":"SMP Taman Cahaya","addr:full":null,"barrier":null},"geometry":{"type":"Point","coordinates":[106.7652,-6.5658]}},
{"type":"Feature","properties":{"full_id":"n13438928683","osm_id":"13438928683","osm_type":"node","amenity":"school","ref":"20238452","education":"school","addr:subdistrict":"Semplak","addr:province":null,"addr:district":"Bogor Barat","swing_gate:type":null,"entrance":null,"religion":null,"grades":null,"email":null,"phone":null,"name:en":null,"wheelchair":null,"building:structure":null,"building:roof":null,"building:material":null,"building:condition":null,"access:roof":null,"building":null,"operator":"Negeri","opening_hours":null,"addr:postcode":null,"school:type_idn":null,"nspn":null,"isced:level":null,"website":null,"school":null,"fee":null,"contact:phone":null,"contact:fax":null,"contact:email":null,"addr:country":null,"local_ref":null,"natural":null,"wikipedia":null,"operator:type":null,"capacity":null,"building:levels":null,"addr:city":"Kota Bogor","wikidata":null,"jenjang":null,"alt_name":null,"addr:street":null,"addr:housenumber":null,"addr:housename":null,"name":"SD Negeri Neglasari Bogor","addr:full":null,"barrier":null},"geometry":{"type":"Point","coordinates":[106.762,-6.5515]}},
{"type":"Feature","properties":{"full_id":"n13438928682","osm_id":"13438928682","osm_type":"node","amenity":"school","ref":"69932818","education":"school","addr:subdistrict":"Semplak","addr:province":null,"addr:district":"Bogor Barat","swing_gate:type":null,"entrance":null,"religion":null,"grades":null,"email":null,"phone":null,"name:en":null,"wheelchair":null,"building:structure":null,"building:roof":null,"building:material":null,"building:condition":null,"access:roof":null,"building":null,"operator":"Swasta","opening_hours":null,"addr:postcode":null,"school:type_idn":null,"nspn":null,"isced:level":null,"website":null,"school":null,"fee":null,"contact:phone":null,"contact:fax":null,"contact:email":null,"addr:country":null,"local_ref":null,"natural":null,"wikipedia":null,"operator:type":null,"capacity":null,"building:levels":null,"addr:city":"Kota Bogor","wikidata":null,"jenjang":null,"alt_name":null,"addr:street":null,"addr:housenumber":null,"addr:housename":null,"name":"SMK Plus Dawatul Quran Bogor","addr:full":null,"barrier":null},"geometry":{"type":"Point","coordinates":[106.7637989,-6.5641399]}},
{"type":"Feature","properties":{"full_id":"n13438935631","osm_id":"13438935631","osm_type":"node","amenity":"school","ref":"20269475","education":"school","addr:subdistrict":"Kencana","addr:province":null,"addr:district":"Tanah Sareal","swing_gate:type":null,"entrance":null,"religion":null,"grades":null,"email":null,"phone":null,"name:en":null,"wheelchair":null,"building:structure":null,"building:roof":null,"building:material":null,"building:condition":null,"access:roof":null,"building":null,"operator":"Swasta","opening_hours":null,"addr:postcode":null,"school:type_idn":null,"nspn":null,"isced:level":null,"website":null,"school":null,"fee":null,"contact:phone":null,"contact:fax":null,"contact:email":null,"addr:country":null,"local_ref":null,"natural":null,"wikipedia":null,"operator:type":null,"capacity":null,"building:levels":null,"addr:city":"Kota Bogor","wikidata":null,"jenjang":null,"alt_name":null,"addr:street":null,"addr:housenumber":null,"addr:housename":null,"name":"SDIT Ar Rohmaniyah","addr:full":null,"barrier":null},"geometry":{"type":"Point","coordinates":[106.7837,-6.5232]}},
{"type":"Feature","properties":{"full_id":"n13438935630","osm_id":"13438935630","osm_type":"node","amenity":"school","ref":"69976694","education":"school","addr:subdistrict":"Kencana","addr:province":null,"addr:district":"Tanah Sareal","swing_gate:type":null,"entrance":null,"religion":null,"grades":null,"email":null,"phone":null,"name:en":null,"wheelchair":null,"building:structure":null,"building:roof":null,"building:material":null,"building:condition":null,"access:roof":null,"building":null,"operator":"Swasta","opening_hours":null,"addr:postcode":null,"school:type_idn":null,"nspn":null,"isced:level":null,"website":null,"school":null,"fee":null,"contact:phone":null,"contact:fax":null,"contact:email":null,"addr:country":null,"local_ref":null,"natural":null,"wikipedia":null,"operator:type":null,"capacity":null,"building:levels":null,"addr:city":"Kota Bogor","wikidata":null,"jenjang":null,"alt_name":null,"addr:street":null,"addr:housenumber":null,"addr:housename":null,"name":"SDIT Al-akhyar","addr:full":null,"barrier":null},"geometry":{"type":"Point","coordinates":[106.7934,-6.5324]}},
{"type":"Feature","properties":{"full_id":"n13438935629","osm_id":"13438935629","osm_type":"node","amenity":"school","ref":"69992158","education":"school","addr:subdistrict":"Kencana","addr:province":null,"addr:district":"Tanah Sareal","swing_gate:type":null,"entrance":null,"religion":null,"grades":null,"email":null,"phone":null,"name:en":null,"wheelchair":null,"building:structure":null,"building:roof":null,"building:material":null,"building:condition":null,"access:roof":null,"building":null,"operator":"Swasta","opening_hours":null,"addr:postcode":null,"school:type_idn":null,"nspn":null,"isced:level":null,"website":null,"school":null,"fee":null,"contact:phone":null,"contact:fax":null,"contact:email":null,"addr:country":null,"local_ref":null,"natural":null,"wikipedia":null,"operator:type":null,"capacity":null,"building:levels":null,"addr:city":"Kota Bogor","wikidata":null,"jenjang":null,"alt_name":null,"addr:street":null,"addr:housenumber":null,"addr:housename":null,"name":"SDIT Utsmanil Hakim","addr:full":null,"barrier":null},"geometry":{"type":"Point","coordinates":[106.7842,-6.5211]}},
{"type":"Feature","properties":{"full_id":"n13438935628","osm_id":"13438935628","osm_type":"node","amenity":"school","ref":"20272054","education":"school","addr:subdistrict":"Kencana","addr:province":null,"addr:district":"Tanah Sareal","swing_gate:type":null,"entrance":null,"religion":null,"grades":null,"email":null,"phone":null,"name:en":null,"wheelchair":null,"building:structure":null,"building:roof":null,"building:material":null,"building:condition":null,"access:roof":null,"building":null,"operator":"Swasta","opening_hours":null,"addr:postcode":null,"school:type_idn":null,"nspn":null,"isced:level":null,"website":null,"school":null,"fee":null,"contact:phone":null,"contact:fax":null,"contact:email":null,"addr:country":null,"local_ref":null,"natural":null,"wikipedia":null,"operator:type":null,"capacity":null,"building:levels":null,"addr:city":"Kota Bogor","wikidata":null,"jenjang":null,"alt_name":null,"addr:street":null,"addr:housenumber":null,"addr:housename":null,"name":"SMK Nu Global Madani","addr:full":null,"barrier":null},"geometry":{"type":"Point","coordinates":[106.7908,-6.529]}},
{"type":"Feature","properties":{"full_id":"n13438935635","osm_id":"13438935635","osm_type":"node","amenity":"school","ref":"20220507","education":"school","addr:subdistrict":"Kencana","addr:province":null,"addr:district":"Tanah Sareal","swing_gate:type":null,"entrance":null,"religion":null,"grades":null,"email":null,"phone":null,"name:en":null,"wheelchair":null,"building:structure":null,"building:roof":null,"building:material":null,"building:condition":null,"access:roof":null,"building":null,"operator":"Negeri","opening_hours":null,"addr:postcode":null,"school:type_idn":null,"nspn":null,"isced:level":null,"website":null,"school":null,"fee":null,"contact:phone":null,"contact:fax":null,"contact:email":null,"addr:country":null,"local_ref":null,"natural":null,"wikipedia":null,"operator:type":null,"capacity":null,"building:levels":null,"addr:city":"Kota Bogor","wikidata":null,"jenjang":null,"alt_name":null,"addr:street":null,"addr:housenumber":null,"addr:housename":null,"name":"SD Negeri Kencana 2","addr:full":null,"barrier":null},"geometry":{"type":"Point","coordinates":[106.7845,-6.5301]}},
{"type":"Feature","properties":{"full_id":"n13438935634","osm_id":"13438935634","osm_type":"node","amenity":"school","ref":"69831562","education":"school","addr:subdistrict":"Kencana","addr:province":null,"addr:district":"Tanah Sareal","swing_gate:type":null,"entrance":null,"religion":null,"grades":null,"email":null,"phone":null,"name:en":null,"wheelchair":null,"building:structure":null,"building:roof":null,"building:material":null,"building:condition":null,"access:roof":null,"building":null,"operator":"Swasta","opening_hours":null,"addr:postcode":null,"school:type_idn":null,"nspn":null,"isced:level":null,"website":null,"school":null,"fee":null,"contact:phone":null,"contact:fax":null,"contact:email":null,"addr:country":null,"local_ref":null,"natural":null,"wikipedia":null,"operator:type":null,"capacity":null,"building:levels":null,"addr:city":"Kota Bogor","wikidata":null,"jenjang":null,"alt_name":null,"addr:street":null,"addr:housenumber":null,"addr:housename":null,"name":"SMK Intelektual Bangsa","addr:full":null,"barrier":null},"geometry":{"type":"Point","coordinates":[106.78339,-6.528539]}},
{"type":"Feature","properties":{"full_id":"n13438935633","osm_id":"13438935633","osm_type":"node","amenity":"school","ref":"20230669","education":"school","addr:subdistrict":"Kencana","addr:province":null,"addr:district":"Tanah Sareal","swing_gate:type":null,"entrance":null,"religion":null,"grades":null,"email":null,"phone":null,"name:en":null,"wheelchair":null,"building:structure":null,"building:roof":null,"building:material":null,"building:condition":null,"access:roof":null,"building":null,"operator":"Swasta","opening_hours":null,"addr:postcode":null,"school:type_idn":null,"nspn":null,"isced:level":null,"website":null,"school":null,"fee":null,"contact:phone":null,"contact:fax":null,"contact:email":null,"addr:country":null,"local_ref":null,"natural":null,"wikipedia":null,"operator:type":null,"capacity":null,"building:levels":null,"addr:city":"Kota Bogor","wikidata":null,"jenjang":null,"alt_name":null,"addr:street":null,"addr:housenumber":null,"addr:housename":null,"name":"SDS It Sabiilul Huda","addr:full":null,"barrier":null},"geometry":{"type":"Point","coordinates":[106.7909,-6.529]}},
{"type":"Feature","properties":{"full_id":"n13438935632","osm_id":"13438935632","osm_type":"node","amenity":"school","ref":"69987584","education":"school","addr:subdistrict":"Kencana","addr:province":null,"addr:district":"Tanah Sareal","swing_gate:type":null,"entrance":null,"religion":null,"grades":null,"email":null,"phone":null,"name:en":null,"wheelchair":null,"building:structure":null,"building:roof":null,"building:material":null,"building:condition":null,"access:roof":null,"building":null,"operator":"Swasta","opening_hours":null,"addr:postcode":null,"school:type_idn":null,"nspn":null,"isced:level":null,"website":null,"school":null,"fee":null,"contact:phone":null,"contact:fax":null,"contact:email":null,"addr:country":null,"local_ref":null,"natural":null,"wikipedia":null,"operator:type":null,"capacity":null,"building:levels":null,"addr:city":"Kota Bogor","wikidata":null,"jenjang":null,"alt_name":null,"addr:street":null,"addr:housenumber":null,"addr:housename":null,"name":"SMP Kreativa","addr:full":null,"barrier":null},"geometry":{"type":"Point","coordinates":[106.7900292,-6.5288037]}},
{"type":"Feature","properties":{"full_id":"n13438935639","osm_id":"13438935639","osm_type":"node","amenity":"school","ref":"20238536","education":"school","addr:subdistrict":"Kedung Halang","addr:province":null,"addr:district":"Bogor Utara","swing_gate:type":null,"entrance":null,"religion":null,"grades":null,"email":null,"phone":null,"name:en":null,"wheelchair":null,"building:structure":null,"building:roof":null,"building:material":null,"building:condition":null,"access:roof":null,"building":null,"operator":"Swasta","opening_hours":null,"addr:postcode":null,"school:type_idn":null,"nspn":null,"isced:level":null,"website":null,"school":null,"fee":null,"contact:phone":null,"contact:fax":null,"contact:email":null,"addr:country":null,"local_ref":null,"natural":null,"wikipedia":null,"operator:type":null,"capacity":null,"building:levels":null,"addr:city":"Kota Bogor","wikidata":null,"jenjang":null,"alt_name":null,"addr:street":null,"addr:housenumber":null,"addr:housename":null,"name":"SMKS PGRI 3 Bogor","addr:full":null,"barrier":null},"geometry":{"type":"Point","coordinates":[106.8155,-6.5524]}},
{"type":"Feature","properties":{"full_id":"n13438935638","osm_id":"13438935638","osm_type":"node","amenity":"school","ref":"20220021","education":"school","addr:subdistrict":"Kedung Halang","addr:province":null,"addr:district":"Bogor Utara","swing_gate:type":null,"entrance":null,"religion":null,"grades":null,"email":null,"phone":null,"name:en":null,"wheelchair":null,"building:structure":null,"building:roof":null,"building:material":null,"building:condition":null,"access:roof":null,"building":null,"operator":"Negeri","opening_hours":null,"addr:postcode":null,"school:type_idn":null,"nspn":null,"isced:level":null,"website":null,"school":null,"fee":null,"contact:phone":null,"contact:fax":null,"contact:email":null,"addr:country":null,"local_ref":null,"natural":null,"wikipedia":null,"operator:type":null,"capacity":null,"building:levels":null,"addr:city":"Kota Bogor","wikidata":null,"jenjang":null,"alt_name":null,"addr:street":null,"addr:housenumber":null,"addr:housename":null,"name":"SD Negeri Kedung Badak 2","addr:full":null,"barrier":null},"geometry":{"type":"Point","coordinates":[106.8069,-6.55]}},
{"type":"Feature","properties":{"full_id":"n13438935637","osm_id":"13438935637","osm_type":"node","amenity":"school","ref":"20220502","education":"school","addr:subdistrict":"Kedung Halang","addr:province":null,"addr:district":"Bogor Utara","swing_gate:type":null,"entrance":null,"religion":null,"grades":null,"email":null,"phone":null,"name:en":null,"wheelchair":null,"building:structure":null,"building:roof":null,"building:material":null,"building:condition":null,"access:roof":null,"building":null,"operator":"Negeri","opening_hours":null,"addr:postcode":null,"school:type_idn":null,"nspn":null,"isced:level":null,"website":null,"school":null,"fee":null,"contact:phone":null,"contact:fax":null,"contact:email":null,"addr:country":null,"local_ref":null,"natural":null,"wikipedia":null,"operator:type":null,"capacity":null,"building:levels":null,"addr:city":"Kota Bogor","wikidata":null,"jenjang":null,"alt_name":null,"addr:street":null,"addr:housenumber":null,"addr:housename":null,"name":"SD Negeri Kedung Halang 5","addr:full":null,"barrier":null},"geometry":{"type":"Point","coordinates":[106.8028,-6.55]}},
{"type":"Feature","properties":{"full_id":"n13438935636","osm_id":"13438935636","osm_type":"node","amenity":"school","ref":"20271493","education":"school","addr:subdistrict":"Kencana","addr:province":null,"addr:district":"Tanah Sareal","swing_gate:type":null,"entrance":null,"religion":null,"grades":null,"email":null,"phone":null,"name:en":null,"wheelchair":null,"building:structure":null,"building:roof":null,"building:material":null,"building:condition":null,"access:roof":null,"building":null,"operator":"Swasta","opening_hours":null,"addr:postcode":null,"school:type_idn":null,"nspn":null,"isced:level":null,"website":null,"school":null,"fee":null,"contact:phone":null,"contact:fax":null,"contact:email":null,"addr:country":null,"local_ref":null,"natural":null,"wikipedia":null,"operator:type":null,"capacity":null,"building:levels":null,"addr:city":"Kota Bogor","wikidata":null,"jenjang":null,"alt_name":null,"addr:street":null,"addr:housenumber":null,"addr:housename":null,"name":"SMKS Yak 1","addr:full":null,"barrier":null},"geometry":{"type":"Point","coordinates":[106.7936,-6.5322]}},
{"type":"Feature","properties":{"full_id":"n13438935643","osm_id":"13438935643","osm_type":"node","amenity":"school","ref":"20220500","education":"school","addr:subdistrict":"Kedung Halang","addr:province":null,"addr:district":"Bogor Utara","swing_gate:type":null,"entrance":null,"religion":null,"grades":null,"email":null,"phone":null,"name:en":null,"wheelchair":null,"building:structure":null,"building:roof":null,"building:material":null,"building:condition":null,"access:roof":null,"building":null,"operator":"Negeri","opening_hours":null,"addr:postcode":null,"school:type_idn":null,"nspn":null,"isced:level":null,"website":null,"school":null,"fee":null,"contact:phone":null,"contact:fax":null,"contact:email":null,"addr:country":null,"local_ref":null,"natural":null,"wikipedia":null,"operator:type":null,"capacity":null,"building:levels":null,"addr:city":"Kota Bogor","wikidata":null,"jenjang":null,"alt_name":null,"addr:street":null,"addr:housenumber":null,"addr:housename":null,"name":"SD Negeri Kedunghalang 3","addr:full":null,"barrier":null},"geometry":{"type":"Point","coordinates":[106.8115,-6.5516]}},
{"type":"Feature","properties":{"full_id":"n13438935642","osm_id":"13438935642","osm_type":"node","amenity":"school","ref":"20220375","education":"school","addr:subdistrict":"Kedung Halang","addr:province":null,"addr:district":"Bogor Utara","swing_gate:type":null,"entrance":null,"religion":null,"grades":null,"email":null,"phone":null,"name:en":null,"wheelchair":null,"building:structure":null,"building:roof":null,"building:material":null,"building:condition":null,"access:roof":null,"building":null,"operator":"Negeri","opening_hours":null,"addr:postcode":null,"school:type_idn":null,"nspn":null,"isced:level":null,"website":null,"school":null,"fee":null,"contact:phone":null,"contact:fax":null,"contact:email":null,"addr:country":null,"local_ref":null,"natural":null,"wikipedia":null,"operator:type":null,"capacity":null,"building:levels":null,"addr:city":"Kota Bogor","wikidata":null,"jenjang":null,"alt_name":null,"addr:street":null,"addr:housenumber":null,"addr:housename":null,"name":"SMP Negeri 19 Bogor","addr:full":null,"barrier":null},"geometry":{"type":"Point","coordinates":[106.81,-6.5465]}},
{"type":"Feature","properties":{"full_id":"n13438935641","osm_id":"13438935641","osm_type":"node","amenity":"school","ref":"20238450","education":"school","addr:subdistrict":"Kedung Halang","addr:province":null,"addr:district":"Bogor Utara","swing_gate:type":null,"entrance":null,"religion":null,"grades":null,"email":null,"phone":null,"name:en":null,"wheelchair":null,"building:structure":null,"building:roof":null,"building:material":null,"building:condition":null,"access:roof":null,"building":null,"operator":"Negeri","opening_hours":null,"addr:postcode":null,"school:type_idn":null,"nspn":null,"isced:level":null,"website":null,"school":null,"fee":null,"contact:phone":null,"contact:fax":null,"contact:email":null,"addr:country":null,"local_ref":null,"natural":null,"wikipedia":null,"operator:type":null,"capacity":null,"building:levels":null,"addr:city":"Kota Bogor","wikidata":null,"jenjang":null,"alt_name":null,"addr:street":null,"addr:housenumber":null,"addr:housename":null,"name":"SD Negeri Kedung Halang 2","addr:full":null,"barrier":null},"geometry":{"type":"Point","coordinates":[106.8115,-6.5522]}},
{"type":"Feature","properties":{"full_id":"n13438935640","osm_id":"13438935640","osm_type":"node","amenity":"school","ref":"20220550","education":"school","addr:subdistrict":"Kedung Halang","addr:province":null,"addr:district":"Bogor Utara","swing_gate:type":null,"entrance":null,"religion":null,"grades":null,"email":null,"phone":null,"name:en":null,"wheelchair":null,"building:structure":null,"building:roof":null,"building:material":null,"building:condition":null,"access:roof":null,"building":null,"operator":"Negeri","opening_hours":null,"addr:postcode":null,"school:type_idn":null,"nspn":null,"isced:level":null,"website":null,"school":null,"fee":null,"contact:phone":null,"contact:fax":null,"contact:email":null,"addr:country":null,"local_ref":null,"natural":null,"wikipedia":null,"operator:type":null,"capacity":null,"building:levels":null,"addr:city":"Kota Bogor","wikidata":null,"jenjang":null,"alt_name":null,"addr:street":null,"addr:housenumber":null,"addr:housename":null,"name":"SD Negeri Tunggilis","addr:full":null,"barrier":null},"geometry":{"type":"Point","coordinates":[106.8038,-6.5444]}},
{"type":"Feature","properties":{"full_id":"n13438935655","osm_id":"13438935655","osm_type":"node","amenity":"school","ref":"69986335","education":"school","addr:subdistrict":"Kedung Jaya","addr:province":null,"addr:district":"Tanah Sareal","swing_gate:type":null,"entrance":null,"religion":null,"grades":null,"email":null,"phone":null,"name:en":null,"wheelchair":null,"building:structure":null,"building:roof":null,"building:material":null,"building:condition":null,"access:roof":null,"building":null,"operator":"Swasta","opening_hours":null,"addr:postcode":null,"school:type_idn":null,"nspn":null,"isced:level":null,"website":null,"school":null,"fee":null,"contact:phone":null,"contact:fax":null,"contact:email":null,"addr:country":null,"local_ref":null,"natural":null,"wikipedia":null,"operator:type":null,"capacity":null,"building:levels":null,"addr:city":"Kota Bogor","wikidata":null,"jenjang":null,"alt_name":null,"addr:street":null,"addr:housenumber":null,"addr:housename":null,"name":"SMAIT At Taufiq","addr:full":null,"barrier":null},"geometry":{"type":"Point","coordinates":[106.787242,-6.562761]}},
{"type":"Feature","properties":{"full_id":"n13438935654","osm_id":"13438935654","osm_type":"node","amenity":"school","ref":"20267941;20238468","education":"school","addr:subdistrict":"Kedung Jaya","addr:province":null,"addr:district":"Tanah Sareal","swing_gate:type":null,"entrance":null,"religion":null,"grades":null,"email":null,"phone":null,"name:en":null,"wheelchair":null,"building:structure":null,"building:roof":null,"building:material":null,"building:condition":null,"access:roof":null,"building":null,"operator":"Swasta","opening_hours":null,"addr:postcode":null,"school:type_idn":null,"nspn":null,"isced:level":null,"website":null,"school":null,"fee":null,"contact:phone":null,"contact:fax":null,"contact:email":null,"addr:country":null,"local_ref":null,"natural":null,"wikipedia":null,"operator:type":null,"capacity":null,"building:levels":null,"addr:city":"Kota Bogor","wikidata":null,"jenjang":null,"alt_name":null,"addr:street":null,"addr:housenumber":null,"addr:housename":null,"name":"SMPIT At Taufiq;SDI Terpadu At Taufiq","addr:full":null,"barrier":null},"geometry":{"type":"Point","coordinates":[106.7871,-6.5637]}},
{"type":"Feature","properties":{"full_id":"n13438935653","osm_id":"13438935653","osm_type":"node","amenity":"school","ref":"70012869","education":"school","addr:subdistrict":"Kedung Jaya","addr:province":null,"addr:district":"Tanah Sareal","swing_gate:type":null,"entrance":null,"religion":null,"grades":null,"email":null,"phone":null,"name:en":null,"wheelchair":null,"building:structure":null,"building:roof":null,"building:material":null,"building:condition":null,"access:roof":null,"building":null,"operator":"Swasta","opening_hours":null,"addr:postcode":null,"school:type_idn":null,"nspn":null,"isced:level":null,"website":null,"school":null,"fee":null,"contact:phone":null,"contact:fax":null,"contact:email":null,"addr:country":null,"local_ref":null,"natural":null,"wikipedia":null,"operator:type":null,"capacity":null,"building:levels":null,"addr:city":"Kota Bogor","wikidata":null,"jenjang":null,"alt_name":null,"addr:street":null,"addr:housenumber":null,"addr:housename":null,"name":"SMP Bintang Pelajar Islamic Boarding School","addr:full":null,"barrier":null},"geometry":{"type":"Point","coordinates":[106.7879134,-6.5610232]}},
{"type":"Feature","properties":{"full_id":"n13438935644","osm_id":"13438935644","osm_type":"node","amenity":"school","ref":"20220508","education":"school","addr:subdistrict":"Kedung Halang","addr:province":null,"addr:district":"Bogor Utara","swing_gate:type":null,"entrance":null,"religion":null,"grades":null,"email":null,"phone":null,"name:en":null,"wheelchair":null,"building:structure":null,"building:roof":null,"building:material":null,"building:condition":null,"access:roof":null,"building":null,"operator":"Negeri","opening_hours":null,"addr:postcode":null,"school:type_idn":null,"nspn":null,"isced:level":null,"website":null,"school":null,"fee":null,"contact:phone":null,"contact:fax":null,"contact:email":null,"addr:country":null,"local_ref":null,"natural":null,"wikipedia":null,"operator:type":null,"capacity":null,"building:levels":null,"addr:city":"Kota Bogor","wikidata":null,"jenjang":null,"alt_name":null,"addr:street":null,"addr:housenumber":null,"addr:housename":null,"name":"SD Negeri Kedung Halang 1","addr:full":null,"barrier":null},"geometry":{"type":"Point","coordinates":[106.8132,-6.5578]}},
{"type":"Feature","properties":{"full_id":"n13438935659","osm_id":"13438935659","osm_type":"node","amenity":"school","ref":"20270429","education":"school","addr:subdistrict":"Kedung Jaya","addr:province":null,"addr:district":"Tanah Sareal","swing_gate:type":null,"entrance":null,"religion":null,"grades":null,"email":null,"phone":null,"name:en":null,"wheelchair":null,"building:structure":null,"building:roof":null,"building:material":null,"building:condition":null,"access:roof":null,"building":null,"operator":"Swasta","opening_hours":null,"addr:postcode":null,"school:type_idn":null,"nspn":null,"isced:level":null,"website":null,"school":null,"fee":null,"contact:phone":null,"contact:fax":null,"contact:email":null,"addr:country":null,"local_ref":null,"natural":null,"wikipedia":null,"operator:type":null,"capacity":null,"building:levels":null,"addr:city":"Kota Bogor","wikidata":null,"jenjang":null,"alt_name":null,"addr:street":null,"addr:housenumber":null,"addr:housename":null,"name":"SDS Bina Tunas Cemerlang","addr:full":null,"barrier":null},"geometry":{"type":"Point","coordinates":[106.7829,-6.5605]}},
{"type":"Feature","properties":{"full_id":"n13438935658","osm_id":"13438935658","osm_type":"node","amenity":"school","ref":"69942577","education":"school","addr:subdistrict":"Kedung Jaya","addr:province":null,"addr:district":"Tanah Sareal","swing_gate:type":null,"entrance":null,"religion":null,"grades":null,"email":null,"phone":null,"name:en":null,"wheelchair":null,"building:structure":null,"building:roof":null,"building:material":null,"building:condition":null,"access:roof":null,"building":null,"operator":"Swasta","opening_hours":null,"addr:postcode":null,"school:type_idn":null,"nspn":null,"isced:level":null,"website":null,"school":null,"fee":null,"contact:phone":null,"contact:fax":null,"contact:email":null,"addr:country":null,"local_ref":null,"natural":null,"wikipedia":null,"operator:type":null,"capacity":null,"building:levels":null,"addr:city":"Kota Bogor","wikidata":null,"jenjang":null,"alt_name":null,"addr:street":null,"addr:housenumber":null,"addr:housename":null,"name":"SMP Modern Al- Alawiyah","addr:full":null,"barrier":null},"geometry":{"type":"Point","coordinates":[106.7895595,-6.5645791]}},
{"type":"Feature","properties":{"full_id":"n13438935657","osm_id":"13438935657","osm_type":"node","amenity":"school","ref":"20220504;20220503","education":"school","addr:subdistrict":"Kedung Jaya","addr:province":null,"addr:district":"Tanah Sareal","swing_gate:type":null,"entrance":null,"religion":null,"grades":null,"email":null,"phone":null,"name:en":null,"wheelchair":null,"building:structure":null,"building:roof":null,"building:material":null,"building:condition":null,"access:roof":null,"building":null,"operator":"Negeri","opening_hours":null,"addr:postcode":null,"school:type_idn":null,"nspn":null,"isced:level":null,"website":null,"school":null,"fee":null,"contact:phone":null,"contact:fax":null,"contact:email":null,"addr:country":null,"local_ref":null,"natural":null,"wikipedia":null,"operator:type":null,"capacity":null,"building:levels":null,"addr:city":"Kota Bogor","wikidata":null,"jenjang":null,"alt_name":null,"addr:street":null,"addr:housenumber":null,"addr:housename":null,"name":"SD Negeri Kedung Jaya 1;SD Negeri Kedung Jaya 2","addr:full":null,"barrier":null},"geometry":{"type":"Point","coordinates":[106.7871,-6.5639]}},
{"type":"Feature","properties":{"full_id":"n13438935656","osm_id":"13438935656","osm_type":"node","amenity":"school","ref":"20220307","education":"school","addr:subdistrict":"Kedung Jaya","addr:province":null,"addr:district":"Tanah Sareal","swing_gate:type":null,"entrance":null,"religion":null,"grades":null,"email":null,"phone":null,"name:en":null,"wheelchair":null,"building:structure":null,"building:roof":null,"building:material":null,"building:condition":null,"access:roof":null,"building":null,"operator":"Swasta","opening_hours":null,"addr:postcode":null,"school:type_idn":null,"nspn":null,"isced:level":null,"website":null,"school":null,"fee":null,"contact:phone":null,"contact:fax":null,"contact:email":null,"addr:country":null,"local_ref":null,"natural":null,"wikipedia":null,"operator:type":null,"capacity":null,"building:levels":null,"addr:city":"Kota Bogor","wikidata":null,"jenjang":null,"alt_name":null,"addr:street":null,"addr:housenumber":null,"addr:housename":null,"name":"SMKS Tri Dharma 3 Bogor","addr:full":null,"barrier":null},"geometry":{"type":"Point","coordinates":[106.7859,-6.5609]}},
{"type":"Feature","properties":{"full_id":"n13438935663","osm_id":"13438935663","osm_type":"node","amenity":"school","ref":"20220061","education":"school","addr:subdistrict":"Kebon Pedes","addr:province":null,"addr:district":"Tanah Sareal","swing_gate:type":null,"entrance":null,"religion":null,"grades":null,"email":null,"phone":null,"name:en":null,"wheelchair":null,"building:structure":null,"building:roof":null,"building:material":null,"building:condition":null,"access:roof":null,"building":null,"operator":"Negeri","opening_hours":null,"addr:postcode":null,"school:type_idn":null,"nspn":null,"isced:level":null,"website":null,"school":null,"fee":null,"contact:phone":null,"contact:fax":null,"contact:email":null,"addr:country":null,"local_ref":null,"natural":null,"wikipedia":null,"operator:type":null,"capacity":null,"building:levels":null,"addr:city":"Kota Bogor","wikidata":null,"jenjang":null,"alt_name":null,"addr:street":null,"addr:housenumber":null,"addr:housename":null,"name":"SD Negeri Bubulak","addr:full":null,"barrier":null},"geometry":{"type":"Point","coordinates":[106.7927,-6.5792]}},
{"type":"Feature","properties":{"full_id":"n13438935662","osm_id":"13438935662","osm_type":"node","amenity":"school","ref":"20220514","education":"school","addr:subdistrict":"Kebon Pedes","addr:province":null,"addr:district":"Tanah Sareal","swing_gate:type":null,"entrance":null,"religion":null,"grades":null,"email":null,"phone":null,"name:en":null,"wheelchair":null,"building:structure":null,"building:roof":null,"building:material":null,"building:condition":null,"access:roof":null,"building":null,"operator":"Negeri","opening_hours":null,"addr:postcode":null,"school:type_idn":null,"nspn":null,"isced:level":null,"website":null,"school":null,"fee":null,"contact:phone":null,"contact:fax":null,"contact:email":null,"addr:country":null,"local_ref":null,"natural":null,"wikipedia":null,"operator:type":null,"capacity":null,"building:levels":null,"addr:city":"Kota Bogor","wikidata":null,"jenjang":null,"alt_name":null,"addr:street":null,"addr:housenumber":null,"addr:housename":null,"name":"SD Negeri Kebon Pedes 5","addr:full":null,"barrier":null},"geometry":{"type":"Point","coordinates":[106.8002,-6.5679]}},
{"type":"Feature","properties":{"full_id":"n13438935661","osm_id":"13438935661","osm_type":"node","amenity":"school","ref":"20220594","education":"school","addr:subdistrict":"Kebon Pedes","addr:province":null,"addr:district":"Tanah Sareal","swing_gate:type":null,"entrance":null,"religion":null,"grades":null,"email":null,"phone":null,"name:en":null,"wheelchair":null,"building:structure":null,"building:roof":null,"building:material":null,"building:condition":null,"access:roof":null,"building":null,"operator":"Negeri","opening_hours":null,"addr:postcode":null,"school:type_idn":null,"nspn":null,"isced:level":null,"website":null,"school":null,"fee":null,"contact:phone":null,"contact:fax":null,"contact:email":null,"addr:country":null,"local_ref":null,"natural":null,"wikipedia":null,"operator:type":null,"capacity":null,"building:levels":null,"addr:city":"Kota Bogor","wikidata":null,"jenjang":null,"alt_name":null,"addr:street":null,"addr:housenumber":null,"addr:housename":null,"name":"SD Negeri Pondok Rumput","addr:full":null,"barrier":null},"geometry":{"type":"Point","coordinates":[106.7939,-6.5708]}},
{"type":"Feature","properties":{"full_id":"n13438935660","osm_id":"13438935660","osm_type":"node","amenity":"school","ref":"70037404","education":"school","addr:subdistrict":"Kedung Jaya","addr:province":null,"addr:district":"Tanah Sareal","swing_gate:type":null,"entrance":null,"religion":null,"grades":null,"email":null,"phone":null,"name:en":null,"wheelchair":null,"building:structure":null,"building:roof":null,"building:material":null,"building:condition":null,"access:roof":null,"building":null,"operator":"Swasta","opening_hours":null,"addr:postcode":null,"school:type_idn":null,"nspn":null,"isced:level":null,"website":null,"school":null,"fee":null,"contact:phone":null,"contact:fax":null,"contact:email":null,"addr:country":null,"local_ref":null,"natural":null,"wikipedia":null,"operator:type":null,"capacity":null,"building:levels":null,"addr:city":"Kota Bogor","wikidata":null,"jenjang":null,"alt_name":null,"addr:street":null,"addr:housenumber":null,"addr:housename":null,"name":"SMA Bintang Pelajar Islamic Boarding School","addr:full":null,"barrier":null},"geometry":{"type":"Point","coordinates":[106.7879,-6.5609]}},
{"type":"Feature","properties":{"full_id":"n13438935668","osm_id":"13438935668","osm_type":"node","amenity":"school","ref":"20220305","education":"school","addr:subdistrict":"Kebon Pedes","addr:province":null,"addr:district":"Tanah Sareal","swing_gate:type":null,"entrance":null,"religion":null,"grades":null,"email":null,"phone":null,"name:en":null,"wheelchair":null,"building:structure":null,"building:roof":null,"building:material":null,"building:condition":null,"access:roof":null,"building":null,"operator":"Swasta","opening_hours":null,"addr:postcode":null,"school:type_idn":null,"nspn":null,"isced:level":null,"website":null,"school":null,"fee":null,"contact:phone":null,"contact:fax":null,"contact:email":null,"addr:country":null,"local_ref":null,"natural":null,"wikipedia":null,"operator:type":null,"capacity":null,"building:levels":null,"addr:city":"Kota Bogor","wikidata":null,"jenjang":null,"alt_name":null,"addr:street":null,"addr:housenumber":null,"addr:housename":null,"name":"SMKS Tri Dharma 1 Bogor","addr:full":null,"barrier":null},"geometry":{"type":"Point","coordinates":[106.7987,-6.5661]}},
{"type":"Feature","properties":{"full_id":"n13438935667","osm_id":"13438935667","osm_type":"node","amenity":"school","ref":"20220518","education":"school","addr:subdistrict":"Kebon Pedes","addr:province":null,"addr:district":"Tanah Sareal","swing_gate:type":null,"entrance":null,"religion":null,"grades":null,"email":null,"phone":null,"name:en":null,"wheelchair":null,"building:structure":null,"building:roof":null,"building:material":null,"building:condition":null,"access:roof":null,"building":null,"operator":"Negeri","opening_hours":null,"addr:postcode":null,"school:type_idn":null,"nspn":null,"isced:level":null,"website":null,"school":null,"fee":null,"contact:phone":null,"contact:fax":null,"contact:email":null,"addr:country":null,"local_ref":null,"natural":null,"wikipedia":null,"operator:type":null,"capacity":null,"building:levels":null,"addr:city":"Kota Bogor","wikidata":null,"jenjang":null,"alt_name":null,"addr:street":null,"addr:housenumber":null,"addr:housename":null,"name":"SD Negeri Kebon Pedes 7","addr:full":null,"barrier":null},"geometry":{"type":"Point","coordinates":[106.7951,-6.569]}},
{"type":"Feature","properties":{"full_id":"n13438935666","osm_id":"13438935666","osm_type":"node","amenity":"school","ref":"20220513","education":"school","addr:subdistrict":"Kebon Pedes","addr:province":null,"addr:district":"Tanah Sareal","swing_gate:type":null,"entrance":null,"religion":null,"grades":null,"email":null,"phone":null,"name:en":null,"wheelchair":null,"building:structure":null,"building:roof":null,"building:material":null,"building:condition":null,"access:roof":null,"building":null,"operator":"Negeri","opening_hours":null,"addr:postcode":null,"school:type_idn":null,"nspn":null,"isced:level":null,"website":null,"school":null,"fee":null,"contact:phone":null,"contact:fax":null,"contact:email":null,"addr:country":null,"local_ref":null,"natural":null,"wikipedia":null,"operator:type":null,"capacity":null,"building:levels":null,"addr:city":"Kota Bogor","wikidata":null,"jenjang":null,"alt_name":null,"addr:street":null,"addr:housenumber":null,"addr:housename":null,"name":"SD Negeri Kebon Pedes 3","addr:full":null,"barrier":null},"geometry":{"type":"Point","coordinates":[106.8003,-6.5676]}},
{"type":"Feature","properties":{"full_id":"n13438935665","osm_id":"13438935665","osm_type":"node","amenity":"school","ref":"20220512","education":"school","addr:subdistrict":"Kebon Pedes","addr:province":null,"addr:district":"Tanah Sareal","swing_gate:type":null,"entrance":null,"religion":null,"grades":null,"email":null,"phone":null,"name:en":null,"wheelchair":null,"building:structure":null,"building:roof":null,"building:material":null,"building:condition":null,"access:roof":null,"building":null,"operator":"Negeri","opening_hours":null,"addr:postcode":null,"school:type_idn":null,"nspn":null,"isced:level":null,"website":null,"school":null,"fee":null,"contact:phone":null,"contact:fax":null,"contact:email":null,"addr:country":null,"local_ref":null,"natural":null,"wikipedia":null,"operator:type":null,"capacity":null,"building:levels":null,"addr:city":"Kota Bogor","wikidata":null,"jenjang":null,"alt_name":null,"addr:street":null,"addr:housenumber":null,"addr:housename":null,"name":"SD Negeri Kebon Pedes 1","addr:full":null,"barrier":null},"geometry":{"type":"Point","coordinates":[106.8018,-6.5654]}},
{"type":"Feature","properties":{"full_id":"n13438935672","osm_id":"13438935672","osm_type":"node","amenity":"school","ref":"69959365","education":"school","addr:subdistrict":"Kedung Badak","addr:province":null,"addr:district":"Tanah Sareal","swing_gate:type":null,"entrance":null,"religion":null,"grades":null,"email":null,"phone":null,"name:en":null,"wheelchair":null,"building:structure":null,"building:roof":null,"building:material":null,"building:condition":null,"access:roof":null,"building":null,"operator":"Swasta","opening_hours":null,"addr:postcode":null,"school:type_idn":null,"nspn":null,"isced:level":null,"website":null,"school":null,"fee":null,"contact:phone":null,"contact:fax":null,"contact:email":null,"addr:country":null,"local_ref":null,"natural":null,"wikipedia":null,"operator:type":null,"capacity":null,"building:levels":null,"addr:city":"Kota Bogor","wikidata":null,"jenjang":null,"alt_name":null,"addr:street":null,"addr:housenumber":null,"addr:housename":null,"name":"SMP Daar En Nisa Islamic School","addr:full":null,"barrier":null},"geometry":{"type":"Point","coordinates":[106.7923,-6.5577]}},
{"type":"Feature","properties":{"full_id":"n13438935671","osm_id":"13438935671","osm_type":"node","amenity":"school","ref":"20238477","education":"school","addr:subdistrict":"Kedung Badak","addr:province":null,"addr:district":"Tanah Sareal","swing_gate:type":null,"entrance":null,"religion":null,"grades":null,"email":null,"phone":null,"name:en":null,"wheelchair":null,"building:structure":null,"building:roof":null,"building:material":null,"building:condition":null,"access:roof":null,"building":null,"operator":"Swasta","opening_hours":null,"addr:postcode":null,"school:type_idn":null,"nspn":null,"isced:level":null,"website":null,"school":null,"fee":null,"contact:phone":null,"contact:fax":null,"contact:email":null,"addr:country":null,"local_ref":null,"natural":null,"wikipedia":null,"operator:type":null,"capacity":null,"building:levels":null,"addr:city":"Kota Bogor","wikidata":null,"jenjang":null,"alt_name":null,"addr:street":null,"addr:housenumber":null,"addr:housename":null,"name":"SLB Bina Mandiri","addr:full":null,"barrier":null},"geometry":{"type":"Point","coordinates":[106.8006,-6.5622]}},
{"type":"Feature","properties":{"full_id":"n13438935670","osm_id":"13438935670","osm_type":"node","amenity":"school","ref":"20220366","education":"school","addr:subdistrict":"Kedung Badak","addr:province":null,"addr:district":"Tanah Sareal","swing_gate:type":null,"entrance":null,"religion":null,"grades":null,"email":null,"phone":null,"name:en":null,"wheelchair":null,"building:structure":null,"building:roof":null,"building:material":null,"building:condition":null,"access:roof":null,"building":null,"operator":"Swasta","opening_hours":null,"addr:postcode":null,"school:type_idn":null,"nspn":null,"isced:level":null,"website":null,"school":null,"fee":null,"contact:phone":null,"contact:fax":null,"contact:email":null,"addr:country":null,"local_ref":null,"natural":null,"wikipedia":null,"operator:type":null,"capacity":null,"building:levels":null,"addr:city":"Kota Bogor","wikidata":null,"jenjang":null,"alt_name":null,"addr:street":null,"addr:housenumber":null,"addr:housename":null,"name":"SMP PGRI 9","addr:full":null,"barrier":null},"geometry":{"type":"Point","coordinates":[106.7939,-6.5592]}},
{"type":"Feature","properties":{"full_id":"n13438935669","osm_id":"13438935669","osm_type":"node","amenity":"school","ref":"69949664","education":"school","addr:subdistrict":"Kedung Badak","addr:province":null,"addr:district":"Tanah Sareal","swing_gate:type":null,"entrance":null,"religion":null,"grades":null,"email":null,"phone":null,"name:en":null,"wheelchair":null,"building:structure":null,"building:roof":null,"building:material":null,"building:condition":null,"access:roof":null,"building":null,"operator":"Swasta","opening_hours":null,"addr:postcode":null,"school:type_idn":null,"nspn":null,"isced:level":null,"website":null,"school":null,"fee":null,"contact:phone":null,"contact:fax":null,"contact:email":null,"addr:country":null,"local_ref":null,"natural":null,"wikipedia":null,"operator:type":null,"capacity":null,"building:levels":null,"addr:city":"Kota Bogor","wikidata":null,"jenjang":null,"alt_name":null,"addr:street":null,"addr:housenumber":null,"addr:housename":null,"name":"SMA Daar En Nisa Islamic School Bogor","addr:full":null,"barrier":null},"geometry":{"type":"Point","coordinates":[106.7921,-6.5587]}},
{"type":"Feature","properties":{"full_id":"n13438935676","osm_id":"13438935676","osm_type":"node","amenity":"school","ref":"20220517","education":"school","addr:subdistrict":"Kedung Badak","addr:province":null,"addr:district":"Tanah Sareal","swing_gate:type":null,"entrance":null,"religion":null,"grades":null,"email":null,"phone":null,"name:en":null,"wheelchair":null,"building:structure":null,"building:roof":null,"building:material":null,"building:condition":null,"access:roof":null,"building":null,"operator":"Negeri","opening_hours":null,"addr:postcode":null,"school:type_idn":null,"nspn":null,"isced:level":null,"website":null,"school":null,"fee":null,"contact:phone":null,"contact:fax":null,"contact:email":null,"addr:country":null,"local_ref":null,"natural":null,"wikipedia":null,"operator:type":null,"capacity":null,"building:levels":null,"addr:city":"Kota Bogor","wikidata":null,"jenjang":null,"alt_name":null,"addr:street":null,"addr:housenumber":null,"addr:housename":null,"name":"SD Negeri Kedung Badak 3","addr:full":null,"barrier":null},"geometry":{"type":"Point","coordinates":[106.8079,-6.5589]}},
{"type":"Feature","properties":{"full_id":"n13438935675","osm_id":"13438935675","osm_type":"node","amenity":"school","ref":"20220515","education":"school","addr:subdistrict":"Kedung Badak","addr:province":null,"addr:district":"Tanah Sareal","swing_gate:type":null,"entrance":null,"religion":null,"grades":null,"email":null,"phone":null,"name:en":null,"wheelchair":null,"building:structure":null,"building:roof":null,"building:material":null,"building:condition":null,"access:roof":null,"building":null,"operator":"Negeri","opening_hours":null,"addr:postcode":null,"school:type_idn":null,"nspn":null,"isced:level":null,"website":null,"school":null,"fee":null,"contact:phone":null,"contact:fax":null,"contact:email":null,"addr:country":null,"local_ref":null,"natural":null,"wikipedia":null,"operator:type":null,"capacity":null,"building:levels":null,"addr:city":"Kota Bogor","wikidata":null,"jenjang":null,"alt_name":null,"addr:street":null,"addr:housenumber":null,"addr:housename":null,"name":"SD Negeri Kedung Badak 1","addr:full":null,"barrier":null},"geometry":{"type":"Point","coordinates":[106.8048,-6.5643]}},
{"type":"Feature","properties":{"full_id":"n13438935674","osm_id":"13438935674","osm_type":"node","amenity":"school","ref":"20220370","education":"school","addr:subdistrict":"Kedung Badak","addr:province":null,"addr:district":"Tanah Sareal","swing_gate:type":null,"entrance":null,"religion":null,"grades":null,"email":null,"phone":null,"name:en":null,"wheelchair":null,"building:structure":null,"building:roof":null,"building:material":null,"building:condition":null,"access:roof":null,"building":null,"operator":"Swasta","opening_hours":null,"addr:postcode":null,"school:type_idn":null,"nspn":null,"isced:level":null,"website":null,"school":null,"fee":null,"contact:phone":null,"contact:fax":null,"contact:email":null,"addr:country":null,"local_ref":null,"natural":null,"wikipedia":null,"operator:type":null,"capacity":null,"building:levels":null,"addr:city":"Kota Bogor","wikidata":null,"jenjang":null,"alt_name":null,"addr:street":null,"addr:housenumber":null,"addr:housename":null,"name":"SMP Siliwangi Bogor","addr:full":null,"barrier":null},"geometry":{"type":"Point","coordinates":[106.8063,-6.5671]}},
{"type":"Feature","properties":{"full_id":"n13438935673","osm_id":"13438935673","osm_type":"node","amenity":"school","ref":"20220318","education":"school","addr:subdistrict":"Kedung Badak","addr:province":null,"addr:district":"Tanah Sareal","swing_gate:type":null,"entrance":null,"religion":null,"grades":null,"email":null,"phone":null,"name:en":null,"wheelchair":null,"building:structure":null,"building:roof":null,"building:material":null,"building:condition":null,"access:roof":null,"building":null,"operator":"Swasta","opening_hours":null,"addr:postcode":null,"school:type_idn":null,"nspn":null,"isced:level":null,"website":null,"school":null,"fee":null,"contact:phone":null,"contact:fax":null,"contact:email":null,"addr:country":null,"local_ref":null,"natural":null,"wikipedia":null,"operator:type":null,"capacity":null,"building:levels":null,"addr:city":"Kota Bogor","wikidata":null,"jenjang":null,"alt_name":null,"addr:street":null,"addr:housenumber":null,"addr:housename":null,"name":"SMAS PGRI 3","addr:full":null,"barrier":null},"geometry":{"type":"Point","coordinates":[106.7941,-6.5597]}},
{"type":"Feature","properties":{"full_id":"n13438935680","osm_id":"13438935680","osm_type":"node","amenity":"school","ref":"20220346","education":"school","addr:subdistrict":"Kedung Badak","addr:province":null,"addr:district":"Tanah Sareal","swing_gate:type":null,"entrance":null,"religion":null,"grades":null,"email":null,"phone":null,"name:en":null,"wheelchair":null,"building:structure":null,"building:roof":null,"building:material":null,"building:condition":null,"access:roof":null,"building":null,"operator":"Swasta","opening_hours":null,"addr:postcode":null,"school:type_idn":null,"nspn":null,"isced:level":null,"website":null,"school":null,"fee":null,"contact:phone":null,"contact:fax":null,"contact:email":null,"addr:country":null,"local_ref":null,"natural":null,"wikipedia":null,"operator:type":null,"capacity":null,"building:levels":null,"addr:city":"Kota Bogor","wikidata":null,"jenjang":null,"alt_name":null,"addr:street":null,"addr:housenumber":null,"addr:housename":null,"name":"SMAS Siliwangi","addr:full":null,"barrier":null},"geometry":{"type":"Point","coordinates":[106.8066,-6.567]}},
{"type":"Feature","properties":{"full_id":"n13438935679","osm_id":"13438935679","osm_type":"node","amenity":"school","ref":"69862422","education":"school","addr:subdistrict":"Kedung Badak","addr:province":null,"addr:district":"Tanah Sareal","swing_gate:type":null,"entrance":null,"religion":null,"grades":null,"email":null,"phone":null,"name:en":null,"wheelchair":null,"building:structure":null,"building:roof":null,"building:material":null,"building:condition":null,"access:roof":null,"building":null,"operator":"Swasta","opening_hours":null,"addr:postcode":null,"school:type_idn":null,"nspn":null,"isced:level":null,"website":null,"school":null,"fee":null,"contact:phone":null,"contact:fax":null,"contact:email":null,"addr:country":null,"local_ref":null,"natural":null,"wikipedia":null,"operator:type":null,"capacity":null,"building:levels":null,"addr:city":"Kota Bogor","wikidata":null,"jenjang":null,"alt_name":null,"addr:street":null,"addr:housenumber":null,"addr:housename":null,"name":"SDITa El Mamur","addr:full":null,"barrier":null},"geometry":{"type":"Point","coordinates":[106.791,-6.5707]}},
{"type":"Feature","properties":{"full_id":"n13438935678","osm_id":"13438935678","osm_type":"node","amenity":"school","ref":"20220308","education":"school","addr:subdistrict":"Kedung Badak","addr:province":null,"addr:district":"Tanah Sareal","swing_gate:type":null,"entrance":null,"religion":null,"grades":null,"email":null,"phone":null,"name:en":null,"wheelchair":null,"building:structure":null,"building:roof":null,"building:material":null,"building:condition":null,"access:roof":null,"building":null,"operator":"Swasta","opening_hours":null,"addr:postcode":null,"school:type_idn":null,"nspn":null,"isced:level":null,"website":null,"school":null,"fee":null,"contact:phone":null,"contact:fax":null,"contact:email":null,"addr:country":null,"local_ref":null,"natural":null,"wikipedia":null,"operator:type":null,"capacity":null,"building:levels":null,"addr:city":"Kota Bogor","wikidata":null,"jenjang":null,"alt_name":null,"addr:street":null,"addr:housenumber":null,"addr:housename":null,"name":"SMKS Tri Dharma 4 Bogor","addr:full":null,"barrier":null},"geometry":{"type":"Point","coordinates":[106.796,-6.5633]}},
{"type":"Feature","properties":{"full_id":"n13438935677","osm_id":"13438935677","osm_type":"node","amenity":"school","ref":"20220509","education":"school","addr:subdistrict":"Kedung Badak","addr:province":null,"addr:district":"Tanah Sareal","swing_gate:type":null,"entrance":null,"religion":null,"grades":null,"email":null,"phone":null,"name:en":null,"wheelchair":null,"building:structure":null,"building:roof":null,"building:material":null,"building:condition":null,"access:roof":null,"building":null,"operator":"Negeri","opening_hours":null,"addr:postcode":null,"school:type_idn":null,"nspn":null,"isced:level":null,"website":null,"school":null,"fee":null,"contact:phone":null,"contact:fax":null,"contact:email":null,"addr:country":null,"local_ref":null,"natural":null,"wikipedia":null,"operator:type":null,"capacity":null,"building:levels":null,"addr:city":"Kota Bogor","wikidata":null,"jenjang":null,"alt_name":null,"addr:street":null,"addr:housenumber":null,"addr:housename":null,"name":"SD Negeri Kedung Badak 4","addr:full":null,"barrier":null},"geometry":{"type":"Point","coordinates":[106.792,-6.5625]}},
{"type":"Feature","properties":{"full_id":"n13438935684","osm_id":"13438935684","osm_type":"node","amenity":"school","ref":"20220487","education":"school","addr:subdistrict":"Kayu Manis","addr:province":null,"addr:district":"Tanah Sareal","swing_gate:type":null,"entrance":null,"religion":null,"grades":null,"email":null,"phone":null,"name:en":null,"wheelchair":null,"building:structure":null,"building:roof":null,"building:material":null,"building:condition":null,"access:roof":null,"building":null,"operator":"Negeri","opening_hours":null,"addr:postcode":null,"school:type_idn":null,"nspn":null,"isced:level":null,"website":null,"school":null,"fee":null,"contact:phone":null,"contact:fax":null,"contact:email":null,"addr:country":null,"local_ref":null,"natural":null,"wikipedia":null,"operator:type":null,"capacity":null,"building:levels":null,"addr:city":"Kota Bogor","wikidata":null,"jenjang":null,"alt_name":null,"addr:street":null,"addr:housenumber":null,"addr:housename":null,"name":"SD Negeri Kayumanis 2","addr:full":null,"barrier":null},"geometry":{"type":"Point","coordinates":[106.7694,-6.5168]}},
{"type":"Feature","properties":{"full_id":"n13438935683","osm_id":"13438935683","osm_type":"node","amenity":"school","ref":"20238523","education":"school","addr:subdistrict":"Kayu Manis","addr:province":null,"addr:district":"Tanah Sareal","swing_gate:type":null,"entrance":null,"religion":null,"grades":null,"email":null,"phone":null,"name:en":null,"wheelchair":null,"building:structure":null,"building:roof":null,"building:material":null,"building:condition":null,"access:roof":null,"building":null,"operator":"Swasta","opening_hours":null,"addr:postcode":null,"school:type_idn":null,"nspn":null,"isced:level":null,"website":null,"school":null,"fee":null,"contact:phone":null,"contact:fax":null,"contact:email":null,"addr:country":null,"local_ref":null,"natural":null,"wikipedia":null,"operator:type":null,"capacity":null,"building:levels":null,"addr:city":"Kota Bogor","wikidata":null,"jenjang":null,"alt_name":null,"addr:street":null,"addr:housenumber":null,"addr:housename":null,"name":"SMKS Permata 1","addr:full":null,"barrier":null},"geometry":{"type":"Point","coordinates":[106.7665,-6.5336]}},
{"type":"Feature","properties":{"full_id":"n13438935682","osm_id":"13438935682","osm_type":"node","amenity":"school","ref":"20220271","education":"school","addr:subdistrict":"Kedung Badak","addr:province":null,"addr:district":"Tanah Sareal","swing_gate:type":null,"entrance":null,"religion":null,"grades":null,"email":null,"phone":null,"name:en":null,"wheelchair":null,"building:structure":null,"building:roof":null,"building:material":null,"building:condition":null,"access:roof":null,"building":null,"operator":"Swasta","opening_hours":null,"addr:postcode":null,"school:type_idn":null,"nspn":null,"isced:level":null,"website":null,"school":null,"fee":null,"contact:phone":null,"contact:fax":null,"contact:email":null,"addr:country":null,"local_ref":null,"natural":null,"wikipedia":null,"operator:type":null,"capacity":null,"building:levels":null,"addr:city":"Kota Bogor","wikidata":null,"jenjang":null,"alt_name":null,"addr:street":null,"addr:housenumber":null,"addr:housename":null,"name":"SMKS Mekanika Bogor","addr:full":null,"barrier":null},"geometry":{"type":"Point","coordinates":[106.8056,-6.5671]}},
{"type":"Feature","properties":{"full_id":"n13438935681","osm_id":"13438935681","osm_type":"node","amenity":"school","ref":"20268863","education":"school","addr:subdistrict":"Kedung Badak","addr:province":null,"addr:district":"Tanah Sareal","swing_gate:type":null,"entrance":null,"religion":null,"grades":null,"email":null,"phone":null,"name:en":null,"wheelchair":null,"building:structure":null,"building:roof":null,"building:material":null,"building:condition":null,"access:roof":null,"building":null,"operator":"Swasta","opening_hours":null,"addr:postcode":null,"school:type_idn":null,"nspn":null,"isced:level":null,"website":null,"school":null,"fee":null,"contact:phone":null,"contact:fax":null,"contact:email":null,"addr:country":null,"local_ref":null,"natural":null,"wikipedia":null,"operator:type":null,"capacity":null,"building:levels":null,"addr:city":"Kota Bogor","wikidata":null,"jenjang":null,"alt_name":null,"addr:street":null,"addr:housenumber":null,"addr:housename":null,"name":"SMPIT Al Ma Mur","addr:full":null,"barrier":null},"geometry":{"type":"Point","coordinates":[106.7908,-6.5708]}},
{"type":"Feature","properties":{"full_id":"n13438935688","osm_id":"13438935688","osm_type":"node","amenity":"school","ref":"69758182","education":"school","addr:subdistrict":"Kayu Manis","addr:province":null,"addr:district":"Tanah Sareal","swing_gate:type":null,"entrance":null,"religion":null,"grades":null,"email":null,"phone":null,"name:en":null,"wheelchair":null,"building:structure":null,"building:roof":null,"building:material":null,"building:condition":null,"access:roof":null,"building":null,"operator":"Swasta","opening_hours":null,"addr:postcode":null,"school:type_idn":null,"nspn":null,"isced:level":null,"website":null,"school":null,"fee":null,"contact:phone":null,"contact:fax":null,"contact:email":null,"addr:country":null,"local_ref":null,"natural":null,"wikipedia":null,"operator:type":null,"capacity":null,"building:levels":null,"addr:city":"Kota Bogor","wikidata":null,"jenjang":null,"alt_name":null,"addr:street":null,"addr:housenumber":null,"addr:housename":null,"name":"SMKS Dwi Putri Husada","addr:full":null,"barrier":null},"geometry":{"type":"Point","coordinates":[106.7661,-6.5306]}},
{"type":"Feature","properties":{"full_id":"n13438935687","osm_id":"13438935687","osm_type":"node","amenity":"school","ref":"69775444","education":"school","addr:subdistrict":"Kayu Manis","addr:province":null,"addr:district":"Tanah Sareal","swing_gate:type":null,"entrance":null,"religion":null,"grades":null,"email":null,"phone":null,"name:en":null,"wheelchair":null,"building:structure":null,"building:roof":null,"building:material":null,"building:condition":null,"access:roof":null,"building":null,"operator":"Swasta","opening_hours":null,"addr:postcode":null,"school:type_idn":null,"nspn":null,"isced:level":null,"website":null,"school":null,"fee":null,"contact:phone":null,"contact:fax":null,"contact:email":null,"addr:country":null,"local_ref":null,"natural":null,"wikipedia":null,"operator:type":null,"capacity":null,"building:levels":null,"addr:city":"Kota Bogor","wikidata":null,"jenjang":null,"alt_name":null,"addr:street":null,"addr:housenumber":null,"addr:housename":null,"name":"SMAS It Ummul Quro","addr:full":null,"barrier":null},"geometry":{"type":"Point","coordinates":[106.7719,-6.5283]}},
{"type":"Feature","properties":{"full_id":"n13438935686","osm_id":"13438935686","osm_type":"node","amenity":"school","ref":"20220278","education":"school","addr:subdistrict":"Kayu Manis","addr:province":null,"addr:district":"Tanah Sareal","swing_gate:type":null,"entrance":null,"religion":null,"grades":null,"email":null,"phone":null,"name:en":null,"wheelchair":null,"building:structure":null,"building:roof":null,"building:material":null,"building:condition":null,"access:roof":null,"building":null,"operator":"Swasta","opening_hours":null,"addr:postcode":null,"school:type_idn":null,"nspn":null,"isced:level":null,"website":null,"school":null,"fee":null,"contact:phone":null,"contact:fax":null,"contact:email":null,"addr:country":null,"local_ref":null,"natural":null,"wikipedia":null,"operator:type":null,"capacity":null,"building:levels":null,"addr:city":"Kota Bogor","wikidata":null,"jenjang":null,"alt_name":null,"addr:street":null,"addr:housenumber":null,"addr:housename":null,"name":"SMKS Permata 2 Bogor","addr:full":null,"barrier":null},"geometry":{"type":"Point","coordinates":[106.7664,-6.5336]}},
{"type":"Feature","properties":{"full_id":"n13438935685","osm_id":"13438935685","osm_type":"node","amenity":"school","ref":"69727268","education":"school","addr:subdistrict":"Kayu Manis","addr:province":null,"addr:district":"Tanah Sareal","swing_gate:type":null,"entrance":null,"religion":null,"grades":null,"email":null,"phone":null,"name:en":null,"wheelchair":null,"building:structure":null,"building:roof":null,"building:material":null,"building:condition":null,"access:roof":null,"building":null,"operator":"Swasta","opening_hours":null,"addr:postcode":null,"school:type_idn":null,"nspn":null,"isced:level":null,"website":null,"school":null,"fee":null,"contact:phone":null,"contact:fax":null,"contact:email":null,"addr:country":null,"local_ref":null,"natural":null,"wikipedia":null,"operator:type":null,"capacity":null,"building:levels":null,"addr:city":"Kota Bogor","wikidata":null,"jenjang":null,"alt_name":null,"addr:street":null,"addr:housenumber":null,"addr:housename":null,"name":"SMKS Nusa Widya Mandiri","addr:full":null,"barrier":null},"geometry":{"type":"Point","coordinates":[106.7679,-6.5225]}},
{"type":"Feature","properties":{"full_id":"n13438935696","osm_id":"13438935696","osm_type":"node","amenity":"school","ref":"20220297","education":"school","addr:subdistrict":"Kebon Kalapa","addr:province":null,"addr:district":"Bogor Tengah","swing_gate:type":null,"entrance":null,"religion":null,"grades":null,"email":null,"phone":null,"name:en":null,"wheelchair":null,"building:structure":null,"building:roof":null,"building:material":null,"building:condition":null,"access:roof":null,"building":null,"operator":"Swasta","opening_hours":null,"addr:postcode":null,"school:type_idn":null,"nspn":null,"isced:level":null,"website":null,"school":null,"fee":null,"contact:phone":null,"contact:fax":null,"contact:email":null,"addr:country":null,"local_ref":null,"natural":null,"wikipedia":null,"operator:type":null,"capacity":null,"building:levels":null,"addr:city":"Kota Bogor","wikidata":null,"jenjang":null,"alt_name":null,"addr:street":null,"addr:housenumber":null,"addr:housename":null,"name":"SMKS Yza 4 Bogor","addr:full":null,"barrier":null},"geometry":{"type":"Point","coordinates":[106.7842,-6.5876]}},
{"type":"Feature","properties":{"full_id":"n13438935691","osm_id":"13438935691","osm_type":"node","amenity":"school","ref":"20220486","education":"school","addr:subdistrict":"Kayu Manis","addr:province":null,"addr:district":"Tanah Sareal","swing_gate:type":null,"entrance":null,"religion":null,"grades":null,"email":null,"phone":null,"name:en":null,"wheelchair":null,"building:structure":null,"building:roof":null,"building:material":null,"building:condition":null,"access:roof":null,"building":null,"operator":"Negeri","opening_hours":null,"addr:postcode":null,"school:type_idn":null,"nspn":null,"isced:level":null,"website":null,"school":null,"fee":null,"contact:phone":null,"contact:fax":null,"contact:email":null,"addr:country":null,"local_ref":null,"natural":null,"wikipedia":null,"operator:type":null,"capacity":null,"building:levels":null,"addr:city":"Kota Bogor","wikidata":null,"jenjang":null,"alt_name":null,"addr:street":null,"addr:housenumber":null,"addr:housename":null,"name":"SD Negeri Kayumanis 1","addr:full":null,"barrier":null},"geometry":{"type":"Point","coordinates":[106.7692,-6.53]}},
{"type":"Feature","properties":{"full_id":"n13438935690","osm_id":"13438935690","osm_type":"node","amenity":"school","ref":"60726273","education":"school","addr:subdistrict":"Kayu Manis","addr:province":null,"addr:district":"Tanah Sareal","swing_gate:type":null,"entrance":null,"religion":null,"grades":null,"email":null,"phone":null,"name:en":null,"wheelchair":null,"building:structure":null,"building:roof":null,"building:material":null,"building:condition":null,"access:roof":null,"building":null,"operator":"Swasta","opening_hours":null,"addr:postcode":null,"school:type_idn":null,"nspn":null,"isced:level":null,"website":null,"school":null,"fee":null,"contact:phone":null,"contact:fax":null,"contact:email":null,"addr:country":null,"local_ref":null,"natural":null,"wikipedia":null,"operator:type":null,"capacity":null,"building:levels":null,"addr:city":"Kota Bogor","wikidata":null,"jenjang":null,"alt_name":null,"addr:street":null,"addr:housenumber":null,"addr:housename":null,"name":"SDIT Zaid Bin Tsabit","addr:full":null,"barrier":null},"geometry":{"type":"Point","coordinates":[106.7702,-6.5282]}},
{"type":"Feature","properties":{"full_id":"n13438935689","osm_id":"13438935689","osm_type":"node","amenity":"school","ref":"20220392","education":"school","addr:subdistrict":"Kayu Manis","addr:province":null,"addr:district":"Tanah Sareal","swing_gate:type":null,"entrance":null,"religion":null,"grades":null,"email":null,"phone":null,"name:en":null,"wheelchair":null,"building:structure":null,"building:roof":null,"building:material":null,"building:condition":null,"access:roof":null,"building":null,"operator":"Negeri","opening_hours":null,"addr:postcode":null,"school:type_idn":null,"nspn":null,"isced:level":null,"website":null,"school":null,"fee":null,"contact:phone":null,"contact:fax":null,"contact:email":null,"addr:country":null,"local_ref":null,"natural":null,"wikipedia":null,"operator:type":null,"capacity":null,"building:levels":null,"addr:city":"Kota Bogor","wikidata":null,"jenjang":null,"alt_name":null,"addr:street":null,"addr:housenumber":null,"addr:housename":null,"name":"SMP Negeri 16","addr:full":null,"barrier":null},"geometry":{"type":"Point","coordinates":[106.773,-6.5328]}},
{"type":"Feature","properties":{"full_id":"n13438935700","osm_id":"13438935700","osm_type":"node","amenity":"school","ref":"20220498","education":"school","addr:subdistrict":"Kebon Kalapa","addr:province":null,"addr:district":"Bogor Tengah","swing_gate:type":null,"entrance":null,"religion":null,"grades":null,"email":null,"phone":null,"name:en":null,"wheelchair":null,"building:structure":null,"building:roof":null,"building:material":null,"building:condition":null,"access:roof":null,"building":null,"operator":"Negeri","opening_hours":null,"addr:postcode":null,"school:type_idn":null,"nspn":null,"isced:level":null,"website":null,"school":null,"fee":null,"contact:phone":null,"contact:fax":null,"contact:email":null,"addr:country":null,"local_ref":null,"natural":null,"wikipedia":null,"operator:type":null,"capacity":null,"building:levels":null,"addr:city":"Kota Bogor","wikidata":null,"jenjang":null,"alt_name":null,"addr:street":null,"addr:housenumber":null,"addr:housename":null,"name":"SD Negeri Kebon Kopi","addr:full":null,"barrier":null},"geometry":{"type":"Point","coordinates":[106.7823,-6.5907]}},
{"type":"Feature","properties":{"full_id":"n13438935699","osm_id":"13438935699","osm_type":"node","amenity":"school","ref":"20220364","education":"school","addr:subdistrict":"Kebon Kalapa","addr:province":null,"addr:district":"Bogor Tengah","swing_gate:type":null,"entrance":null,"religion":null,"grades":null,"email":null,"phone":null,"name:en":null,"wheelchair":null,"building:structure":null,"building:roof":null,"building:material":null,"building:condition":null,"access:roof":null,"building":null,"operator":"Swasta","opening_hours":null,"addr:postcode":null,"school:type_idn":null,"nspn":null,"isced:level":null,"website":null,"school":null,"fee":null,"contact:phone":null,"contact:fax":null,"contact:email":null,"addr:country":null,"local_ref":null,"natural":null,"wikipedia":null,"operator:type":null,"capacity":null,"building:levels":null,"addr:city":"Kota Bogor","wikidata":null,"jenjang":null,"alt_name":null,"addr:street":null,"addr:housenumber":null,"addr:housename":null,"name":"SMP Taruna Andigha","addr:full":null,"barrier":null},"geometry":{"type":"Point","coordinates":[106.7857,-6.595]}},
{"type":"Feature","properties":{"full_id":"n13438935698","osm_id":"13438935698","osm_type":"node","amenity":"school","ref":"20220286","education":"school","addr:subdistrict":"Kebon Kalapa","addr:province":null,"addr:district":"Bogor Tengah","swing_gate:type":null,"entrance":null,"religion":null,"grades":null,"email":null,"phone":null,"name:en":null,"wheelchair":null,"building:structure":null,"building:roof":null,"building:material":null,"building:condition":null,"access:roof":null,"building":null,"operator":"Swasta","opening_hours":null,"addr:postcode":null,"school:type_idn":null,"nspn":null,"isced:level":null,"website":null,"school":null,"fee":null,"contact:phone":null,"contact:fax":null,"contact:email":null,"addr:country":null,"local_ref":null,"natural":null,"wikipedia":null,"operator:type":null,"capacity":null,"building:levels":null,"addr:city":"Kota Bogor","wikidata":null,"jenjang":null,"alt_name":null,"addr:street":null,"addr:housenumber":null,"addr:housename":null,"name":"SMKS Bina Sejahtera 2 Kota Bogor","addr:full":null,"barrier":null},"geometry":{"type":"Point","coordinates":[106.7811,-6.5898]}},
{"type":"Feature","properties":{"full_id":"n13438935697","osm_id":"13438935697","osm_type":"node","amenity":"school","ref":"20279947","education":"school","addr:subdistrict":"Kebon Kalapa","addr:province":null,"addr:district":"Bogor Tengah","swing_gate:type":null,"entrance":null,"religion":null,"grades":null,"email":null,"phone":null,"name:en":null,"wheelchair":null,"building:structure":null,"building:roof":null,"building:material":null,"building:condition":null,"access:roof":null,"building":null,"operator":"Swasta","opening_hours":null,"addr:postcode":null,"school:type_idn":null,"nspn":null,"isced:level":null,"website":null,"school":null,"fee":null,"contact:phone":null,"contact:fax":null,"contact:email":null,"addr:country":null,"local_ref":null,"natural":null,"wikipedia":null,"operator:type":null,"capacity":null,"building:levels":null,"addr:city":"Kota Bogor","wikidata":null,"jenjang":null,"alt_name":null,"addr:street":null,"addr:housenumber":null,"addr:housename":null,"name":"SMKS Al Ghazaly","addr:full":null,"barrier":null},"geometry":{"type":"Point","coordinates":[106.7849,-6.5898]}},
{"type":"Feature","properties":{"full_id":"n13438936143","osm_id":"13438936143","osm_type":"node","amenity":"school","ref":"69786551","education":"school","addr:subdistrict":"Curug Mekar","addr:province":null,"addr:district":"Bogor Barat","swing_gate:type":null,"entrance":null,"religion":null,"grades":null,"email":null,"phone":null,"name:en":null,"wheelchair":null,"building:structure":null,"building:roof":null,"building:material":null,"building:condition":null,"access:roof":null,"building":null,"operator":"Swasta","opening_hours":null,"addr:postcode":null,"school:type_idn":null,"nspn":null,"isced:level":null,"website":null,"school":null,"fee":null,"contact:phone":null,"contact:fax":null,"contact:email":null,"addr:country":null,"local_ref":null,"natural":null,"wikipedia":null,"operator:type":null,"capacity":null,"building:levels":null,"addr:city":"Kota Bogor","wikidata":null,"jenjang":null,"alt_name":null,"addr:street":null,"addr:housenumber":null,"addr:housename":null,"name":"SMPS Yktb","addr:full":null,"barrier":null},"geometry":{"type":"Point","coordinates":[106.7682,-6.5646]}},
{"type":"Feature","properties":{"full_id":"n13438936142","osm_id":"13438936142","osm_type":"node","amenity":"school","ref":"20220341","education":"school","addr:subdistrict":"Curug Mekar","addr:province":null,"addr:district":"Bogor Barat","swing_gate:type":null,"entrance":null,"religion":null,"grades":null,"email":null,"phone":null,"name:en":null,"wheelchair":null,"building:structure":null,"building:roof":null,"building:material":null,"building:condition":null,"access:roof":null,"building":null,"operator":"Negeri","opening_hours":null,"addr:postcode":null,"school:type_idn":null,"nspn":null,"isced:level":null,"website":null,"school":null,"fee":null,"contact:phone":null,"contact:fax":null,"contact:email":null,"addr:country":null,"local_ref":null,"natural":null,"wikipedia":null,"operator:type":null,"capacity":null,"building:levels":null,"addr:city":"Kota Bogor","wikidata":null,"jenjang":null,"alt_name":null,"addr:street":null,"addr:housenumber":null,"addr:housename":null,"name":"SMA Negeri 10 Bogor","addr:full":null,"barrier":null},"geometry":{"type":"Point","coordinates":[106.7653,-6.5598]}},
{"type":"Feature","properties":{"full_id":"n13438936141","osm_id":"13438936141","osm_type":"node","amenity":"school","ref":"20220030","education":"school","addr:subdistrict":"Curug Mekar","addr:province":null,"addr:district":"Bogor Barat","swing_gate:type":null,"entrance":null,"religion":null,"grades":null,"email":null,"phone":null,"name:en":null,"wheelchair":null,"building:structure":null,"building:roof":null,"building:material":null,"building:condition":null,"access:roof":null,"building":null,"operator":"Negeri","opening_hours":null,"addr:postcode":null,"school:type_idn":null,"nspn":null,"isced:level":null,"website":null,"school":null,"fee":null,"contact:phone":null,"contact:fax":null,"contact:email":null,"addr:country":null,"local_ref":null,"natural":null,"wikipedia":null,"operator:type":null,"capacity":null,"building:levels":null,"addr:city":"Kota Bogor","wikidata":null,"jenjang":null,"alt_name":null,"addr:street":null,"addr:housenumber":null,"addr:housename":null,"name":"SD Negeri Curug 3","addr:full":null,"barrier":null},"geometry":{"type":"Point","coordinates":[106.7664,-6.5563]}},
{"type":"Feature","properties":{"full_id":"n13438936140","osm_id":"13438936140","osm_type":"node","amenity":"school","ref":"20220400","education":"school","addr:subdistrict":"Curug Mekar","addr:province":null,"addr:district":"Bogor Barat","swing_gate:type":null,"entrance":null,"religion":null,"grades":null,"email":null,"phone":null,"name:en":null,"wheelchair":null,"building:structure":null,"building:roof":null,"building:material":null,"building:condition":null,"access:roof":null,"building":null,"operator":"Swasta","opening_hours":null,"addr:postcode":null,"school:type_idn":null,"nspn":null,"isced:level":null,"website":null,"school":null,"fee":null,"contact:phone":null,"contact:fax":null,"contact:email":null,"addr:country":null,"local_ref":null,"natural":null,"wikipedia":null,"operator:type":null,"capacity":null,"building:levels":null,"addr:city":"Kota Bogor","wikidata":null,"jenjang":null,"alt_name":null,"addr:street":null,"addr:housenumber":null,"addr:housename":null,"name":"SMP Harapan Siswa","addr:full":null,"barrier":null},"geometry":{"type":"Point","coordinates":[106.7658,-6.5551]}},
{"type":"Feature","properties":{"full_id":"n13438936155","osm_id":"13438936155","osm_type":"node","amenity":"school","ref":"60726805","education":"school","addr:subdistrict":"Curug","addr:province":null,"addr:district":"Bogor Barat","swing_gate:type":null,"entrance":null,"religion":null,"grades":null,"email":null,"phone":null,"name:en":null,"wheelchair":null,"building:structure":null,"building:roof":null,"building:material":null,"building:condition":null,"access:roof":null,"building":null,"operator":"Swasta","opening_hours":null,"addr:postcode":null,"school:type_idn":null,"nspn":null,"isced:level":null,"website":null,"school":null,"fee":null,"contact:phone":null,"contact:fax":null,"contact:email":null,"addr:country":null,"local_ref":null,"natural":null,"wikipedia":null,"operator:type":null,"capacity":null,"building:levels":null,"addr:city":"Kota Bogor","wikidata":null,"jenjang":null,"alt_name":null,"addr:street":null,"addr:housenumber":null,"addr:housename":null,"name":"SMKS Harapan Siswa","addr:full":null,"barrier":null},"geometry":{"type":"Point","coordinates":[106.7697,-6.5556]}},
{"type":"Feature","properties":{"full_id":"n13438936154","osm_id":"13438936154","osm_type":"node","amenity":"school","ref":"69995701","education":"school","addr:subdistrict":"Curug","addr:province":null,"addr:district":"Bogor Barat","swing_gate:type":null,"entrance":null,"religion":null,"grades":null,"email":null,"phone":null,"name:en":null,"wheelchair":null,"building:structure":null,"building:roof":null,"building:material":null,"building:condition":null,"access:roof":null,"building":null,"operator":"Swasta","opening_hours":null,"addr:postcode":null,"school:type_idn":null,"nspn":null,"isced:level":null,"website":null,"school":null,"fee":null,"contact:phone":null,"contact:fax":null,"contact:email":null,"addr:country":null,"local_ref":null,"natural":null,"wikipedia":null,"operator:type":null,"capacity":null,"building:levels":null,"addr:city":"Kota Bogor","wikidata":null,"jenjang":null,"alt_name":null,"addr:street":null,"addr:housenumber":null,"addr:housename":null,"name":"SDIT Qa Baitussalaam","addr:full":null,"barrier":null},"geometry":{"type":"Point","coordinates":[106.771,-6.55]}},
{"type":"Feature","properties":{"full_id":"n13438936153","osm_id":"13438936153","osm_type":"node","amenity":"school","ref":"20238446","education":"school","addr:subdistrict":"Curug","addr:province":null,"addr:district":"Bogor Barat","swing_gate:type":null,"entrance":null,"religion":null,"grades":null,"email":null,"phone":null,"name:en":null,"wheelchair":null,"building:structure":null,"building:roof":null,"building:material":null,"building:condition":null,"access:roof":null,"building":null,"operator":"Negeri","opening_hours":null,"addr:postcode":null,"school:type_idn":null,"nspn":null,"isced:level":null,"website":null,"school":null,"fee":null,"contact:phone":null,"contact:fax":null,"contact:email":null,"addr:country":null,"local_ref":null,"natural":null,"wikipedia":null,"operator:type":null,"capacity":null,"building:levels":null,"addr:city":"Kota Bogor","wikidata":null,"jenjang":null,"alt_name":null,"addr:street":null,"addr:housenumber":null,"addr:housename":null,"name":"SD Negeri Curug 1","addr:full":null,"barrier":null},"geometry":{"type":"Point","coordinates":[106.7682,-6.5527]}},
{"type":"Feature","properties":{"full_id":"n13438936144","osm_id":"13438936144","osm_type":"node","amenity":"school","ref":"20220075","education":"school","addr:subdistrict":"Curug Mekar","addr:province":null,"addr:district":"Bogor Barat","swing_gate:type":null,"entrance":null,"religion":null,"grades":null,"email":null,"phone":null,"name:en":null,"wheelchair":null,"building:structure":null,"building:roof":null,"building:material":null,"building:condition":null,"access:roof":null,"building":null,"operator":"Negeri","opening_hours":null,"addr:postcode":null,"school:type_idn":null,"nspn":null,"isced:level":null,"website":null,"school":null,"fee":null,"contact:phone":null,"contact:fax":null,"contact:email":null,"addr:country":null,"local_ref":null,"natural":null,"wikipedia":null,"operator:type":null,"capacity":null,"building:levels":null,"addr:city":"Kota Bogor","wikidata":null,"jenjang":null,"alt_name":null,"addr:street":null,"addr:housenumber":null,"addr:housename":null,"name":"SD Negeri Cijahe Curug","addr:full":null,"barrier":null},"geometry":{"type":"Point","coordinates":[106.7704,-6.561]}},
{"type":"Feature","properties":{"full_id":"n13438936167","osm_id":"13438936167","osm_type":"node","amenity":"school","ref":"20238533","education":"school","addr:subdistrict":"Ciparigi","addr:province":null,"addr:district":"Bogor Utara","swing_gate:type":null,"entrance":null,"religion":null,"grades":null,"email":null,"phone":null,"name:en":null,"wheelchair":null,"building:structure":null,"building:roof":null,"building:material":null,"building:condition":null,"access:roof":null,"building":null,"operator":"Swasta","opening_hours":null,"addr:postcode":null,"school:type_idn":null,"nspn":null,"isced:level":null,"website":null,"school":null,"fee":null,"contact:phone":null,"contact:fax":null,"contact:email":null,"addr:country":null,"local_ref":null,"natural":null,"wikipedia":null,"operator:type":null,"capacity":null,"building:levels":null,"addr:city":"Kota Bogor","wikidata":null,"jenjang":null,"alt_name":null,"addr:street":null,"addr:housenumber":null,"addr:housename":null,"name":"SMKS Karya Nugraha Bogor","addr:full":null,"barrier":null},"geometry":{"type":"Point","coordinates":[106.8229,-6.5464]}},
{"type":"Feature","properties":{"full_id":"n13438936166","osm_id":"13438936166","osm_type":"node","amenity":"school","ref":"20220018","education":"school","addr:subdistrict":"Ciparigi","addr:province":null,"addr:district":"Bogor Utara","swing_gate:type":null,"entrance":null,"religion":null,"grades":null,"email":null,"phone":null,"name:en":null,"wheelchair":null,"building:structure":null,"building:roof":null,"building:material":null,"building:condition":null,"access:roof":null,"building":null,"operator":"Negeri","opening_hours":null,"addr:postcode":null,"school:type_idn":null,"nspn":null,"isced:level":null,"website":null,"school":null,"fee":null,"contact:phone":null,"contact:fax":null,"contact:email":null,"addr:country":null,"local_ref":null,"natural":null,"wikipedia":null,"operator:type":null,"capacity":null,"building:levels":null,"addr:city":"Kota Bogor","wikidata":null,"jenjang":null,"alt_name":null,"addr:street":null,"addr:housenumber":null,"addr:housename":null,"name":"SD Negeri Ciparigi","addr:full":null,"barrier":null},"geometry":{"type":"Point","coordinates":[106.8137,-6.5462]}},
{"type":"Feature","properties":{"full_id":"n13438936157","osm_id":"13438936157","osm_type":"node","amenity":"school","ref":"69975528","education":"school","addr:subdistrict":"Curug","addr:province":null,"addr:district":"Bogor Barat","swing_gate:type":null,"entrance":null,"religion":null,"grades":null,"email":null,"phone":null,"name:en":null,"wheelchair":null,"building:structure":null,"building:roof":null,"building:material":null,"building:condition":null,"access:roof":null,"building":null,"operator":"Swasta","opening_hours":null,"addr:postcode":null,"school:type_idn":null,"nspn":null,"isced:level":null,"website":null,"school":null,"fee":null,"contact:phone":null,"contact:fax":null,"contact:email":null,"addr:country":null,"local_ref":null,"natural":null,"wikipedia":null,"operator:type":null,"capacity":null,"building:levels":null,"addr:city":"Kota Bogor","wikidata":null,"jenjang":null,"alt_name":null,"addr:street":null,"addr:housenumber":null,"addr:housename":null,"name":"SD Alam Al Giva","addr:full":null,"barrier":null},"geometry":{"type":"Point","coordinates":[106.76631,-6.541337]}},
{"type":"Feature","properties":{"full_id":"n13438936156","osm_id":"13438936156","osm_type":"node","amenity":"school","ref":"69991798","education":"school","addr:subdistrict":"Curug","addr:province":null,"addr:district":"Bogor Barat","swing_gate:type":null,"entrance":null,"religion":null,"grades":null,"email":null,"phone":null,"name:en":null,"wheelchair":null,"building:structure":null,"building:roof":null,"building:material":null,"building:condition":null,"access:roof":null,"building":null,"operator":"Swasta","opening_hours":null,"addr:postcode":null,"school:type_idn":null,"nspn":null,"isced:level":null,"website":null,"school":null,"fee":null,"contact:phone":null,"contact:fax":null,"contact:email":null,"addr:country":null,"local_ref":null,"natural":null,"wikipedia":null,"operator:type":null,"capacity":null,"building:levels":null,"addr:city":"Kota Bogor","wikidata":null,"jenjang":null,"alt_name":null,"addr:street":null,"addr:housenumber":null,"addr:housename":null,"name":"SMPIT Zaid Bin Tsabit","addr:full":null,"barrier":null},"geometry":{"type":"Point","coordinates":[106.7672,-6.5414]}},
{"type":"Feature","properties":{"full_id":"n13438936171","osm_id":"13438936171","osm_type":"node","amenity":"school","ref":"20220090","education":"school","addr:subdistrict":"Ciparigi","addr:province":null,"addr:district":"Bogor Utara","swing_gate:type":null,"entrance":null,"religion":null,"grades":null,"email":null,"phone":null,"name:en":null,"wheelchair":null,"building:structure":null,"building:roof":null,"building:material":null,"building:condition":null,"access:roof":null,"building":null,"operator":"Negeri","opening_hours":null,"addr:postcode":null,"school:type_idn":null,"nspn":null,"isced:level":null,"website":null,"school":null,"fee":null,"contact:phone":null,"contact:fax":null,"contact:email":null,"addr:country":null,"local_ref":null,"natural":null,"wikipedia":null,"operator:type":null,"capacity":null,"building:levels":null,"addr:city":"Kota Bogor","wikidata":null,"jenjang":null,"alt_name":null,"addr:street":null,"addr:housenumber":null,"addr:housename":null,"name":"SD Negeri Cibuluh 3","addr:full":null,"barrier":null},"geometry":{"type":"Point","coordinates":[106.8203,-6.5434]}},
{"type":"Feature","properties":{"full_id":"n13438936170","osm_id":"13438936170","osm_type":"node","amenity":"school","ref":"20238441","education":"school","addr:subdistrict":"Ciparigi","addr:province":null,"addr:district":"Bogor Utara","swing_gate:type":null,"entrance":null,"religion":null,"grades":null,"email":null,"phone":null,"name:en":null,"wheelchair":null,"building:structure":null,"building:roof":null,"building:material":null,"building:condition":null,"access:roof":null,"building":null,"operator":"Negeri","opening_hours":null,"addr:postcode":null,"school:type_idn":null,"nspn":null,"isced:level":null,"website":null,"school":null,"fee":null,"contact:phone":null,"contact:fax":null,"contact:email":null,"addr:country":null,"local_ref":null,"natural":null,"wikipedia":null,"operator:type":null,"capacity":null,"building:levels":null,"addr:city":"Kota Bogor","wikidata":null,"jenjang":null,"alt_name":null,"addr:street":null,"addr:housenumber":null,"addr:housename":null,"name":"SD Negeri Cibuluh 2","addr:full":null,"barrier":null},"geometry":{"type":"Point","coordinates":[106.819,-6.5536]}},
{"type":"Feature","properties":{"full_id":"n13438936169","osm_id":"13438936169","osm_type":"node","amenity":"school","ref":"20220337","education":"school","addr:subdistrict":"Ciparigi","addr:province":null,"addr:district":"Bogor Utara","swing_gate:type":null,"entrance":null,"religion":null,"grades":null,"email":null,"phone":null,"name:en":null,"wheelchair":null,"building:structure":null,"building:roof":null,"building:material":null,"building:condition":null,"access:roof":null,"building":null,"operator":"Negeri","opening_hours":null,"addr:postcode":null,"school:type_idn":null,"nspn":null,"isced:level":null,"website":null,"school":null,"fee":null,"contact:phone":null,"contact:fax":null,"contact:email":null,"addr:country":null,"local_ref":null,"natural":null,"wikipedia":null,"operator:type":null,"capacity":null,"building:levels":null,"addr:city":"Kota Bogor","wikidata":null,"jenjang":null,"alt_name":null,"addr:street":null,"addr:housenumber":null,"addr:housename":null,"name":"SMA Negeri 8 Bogor","addr:full":null,"barrier":null},"geometry":{"type":"Point","coordinates":[106.82,-6.5448]}},
{"type":"Feature","properties":{"full_id":"n13438936168","osm_id":"13438936168","osm_type":"node","amenity":"school","ref":"20220391","education":"school","addr:subdistrict":"Ciparigi","addr:province":null,"addr:district":"Bogor Utara","swing_gate:type":null,"entrance":null,"religion":null,"grades":null,"email":null,"phone":null,"name:en":null,"wheelchair":null,"building:structure":null,"building:roof":null,"building:material":null,"building:condition":null,"access:roof":null,"building":null,"operator":"Negeri","opening_hours":null,"addr:postcode":null,"school:type_idn":null,"nspn":null,"isced:level":null,"website":null,"school":null,"fee":null,"contact:phone":null,"contact:fax":null,"contact:email":null,"addr:country":null,"local_ref":null,"natural":null,"wikipedia":null,"operator:type":null,"capacity":null,"building:levels":null,"addr:city":"Kota Bogor","wikidata":null,"jenjang":null,"alt_name":null,"addr:street":null,"addr:housenumber":null,"addr:housename":null,"name":"SMP Negeri 15 Bogor","addr:full":null,"barrier":null},"geometry":{"type":"Point","coordinates":[106.8221,-6.547]}},
{"type":"Feature","properties":{"full_id":"n13438936187","osm_id":"13438936187","osm_type":"node","amenity":"school","ref":"20220347","education":"school","addr:subdistrict":"Ciwaringin","addr:province":null,"addr:district":"Bogor Tengah","swing_gate:type":null,"entrance":null,"religion":null,"grades":null,"email":null,"phone":null,"name:en":null,"wheelchair":null,"building:structure":null,"building:roof":null,"building:material":null,"building:condition":null,"access:roof":null,"building":null,"operator":"Swasta","opening_hours":null,"addr:postcode":null,"school:type_idn":null,"nspn":null,"isced:level":null,"website":null,"school":null,"fee":null,"contact:phone":null,"contact:fax":null,"contact:email":null,"addr:country":null,"local_ref":null,"natural":null,"wikipedia":null,"operator:type":null,"capacity":null,"building:levels":null,"addr:city":"Kota Bogor","wikidata":null,"jenjang":null,"alt_name":null,"addr:street":null,"addr:housenumber":null,"addr:housename":null,"name":"SMAS Taman Siswa Bogor Tengah","addr:full":null,"barrier":null},"geometry":{"type":"Point","coordinates":[106.7884,-6.5829]}},
{"type":"Feature","properties":{"full_id":"n13438936186","osm_id":"13438936186","osm_type":"node","amenity":"school","ref":"20219916","education":"school","addr:subdistrict":"Ciwaringin","addr:province":null,"addr:district":"Bogor Tengah","swing_gate:type":null,"entrance":null,"religion":null,"grades":null,"email":null,"phone":null,"name:en":null,"wheelchair":null,"building:structure":null,"building:roof":null,"building:material":null,"building:condition":null,"access:roof":null,"building":null,"operator":"Swasta","opening_hours":null,"addr:postcode":null,"school:type_idn":null,"nspn":null,"isced:level":null,"website":null,"school":null,"fee":null,"contact:phone":null,"contact:fax":null,"contact:email":null,"addr:country":null,"local_ref":null,"natural":null,"wikipedia":null,"operator:type":null,"capacity":null,"building:levels":null,"addr:city":"Kota Bogor","wikidata":null,"jenjang":null,"alt_name":null,"addr:street":null,"addr:housenumber":null,"addr:housename":null,"name":"SD Tamansiswa","addr:full":null,"barrier":null},"geometry":{"type":"Point","coordinates":[106.7881,-6.5831]}},
{"type":"Feature","properties":{"full_id":"n13438936185","osm_id":"13438936185","osm_type":"node","amenity":"school","ref":"20220468","education":"school","addr:subdistrict":"Ciwaringin","addr:province":null,"addr:district":"Bogor Tengah","swing_gate:type":null,"entrance":null,"religion":null,"grades":null,"email":null,"phone":null,"name:en":null,"wheelchair":null,"building:structure":null,"building:roof":null,"building:material":null,"building:condition":null,"access:roof":null,"building":null,"operator":"Negeri","opening_hours":null,"addr:postcode":null,"school:type_idn":null,"nspn":null,"isced:level":null,"website":null,"school":null,"fee":null,"contact:phone":null,"contact:fax":null,"contact:email":null,"addr:country":null,"local_ref":null,"natural":null,"wikipedia":null,"operator:type":null,"capacity":null,"building:levels":null,"addr:city":"Kota Bogor","wikidata":null,"jenjang":null,"alt_name":null,"addr:street":null,"addr:housenumber":null,"addr:housename":null,"name":"SD Negeri Pabrik Es I","addr:full":null,"barrier":null},"geometry":{"type":"Point","coordinates":[106.7901,-6.587]}},
{"type":"Feature","properties":{"full_id":"n13438936172","osm_id":"13438936172","osm_type":"node","amenity":"school","ref":"20220082","education":"school","addr:subdistrict":"Ciparigi","addr:province":null,"addr:district":"Bogor Utara","swing_gate:type":null,"entrance":null,"religion":null,"grades":null,"email":null,"phone":null,"name:en":null,"wheelchair":null,"building:structure":null,"building:roof":null,"building:material":null,"building:condition":null,"access:roof":null,"building":null,"operator":"Negeri","opening_hours":null,"addr:postcode":null,"school:type_idn":null,"nspn":null,"isced:level":null,"website":null,"school":null,"fee":null,"contact:phone":null,"contact:fax":null,"contact:email":null,"addr:country":null,"local_ref":null,"natural":null,"wikipedia":null,"operator:type":null,"capacity":null,"building:levels":null,"addr:city":"Kota Bogor","wikidata":null,"jenjang":null,"alt_name":null,"addr:street":null,"addr:housenumber":null,"addr:housename":null,"name":"SD Negeri Cibuluh 4","addr:full":null,"barrier":null},"geometry":{"type":"Point","coordinates":[106.814,-6.5466]}},
{"type":"Feature","properties":{"full_id":"n13438936191","osm_id":"13438936191","osm_type":"node","amenity":"school","ref":"20220378","education":"school","addr:subdistrict":"Ciwaringin","addr:province":null,"addr:district":"Bogor Tengah","swing_gate:type":null,"entrance":null,"religion":null,"grades":null,"email":null,"phone":null,"name:en":null,"wheelchair":null,"building:structure":null,"building:roof":null,"building:material":null,"building:condition":null,"access:roof":null,"building":null,"operator":"Negeri","opening_hours":null,"addr:postcode":null,"school:type_idn":null,"nspn":null,"isced:level":null,"website":null,"school":null,"fee":null,"contact:phone":null,"contact:fax":null,"contact:email":null,"addr:country":null,"local_ref":null,"natural":null,"wikipedia":null,"operator:type":null,"capacity":null,"building:levels":null,"addr:city":"Kota Bogor","wikidata":null,"jenjang":null,"alt_name":null,"addr:street":null,"addr:housenumber":null,"addr:housename":null,"name":"SMP Negeri 4 Bogor","addr:full":null,"barrier":null},"geometry":{"type":"Point","coordinates":[106.7885,-6.5916]}},
{"type":"Feature","properties":{"full_id":"n13438936190","osm_id":"13438936190","osm_type":"node","amenity":"school","ref":"20220013","education":"school","addr:subdistrict":"Ciwaringin","addr:province":null,"addr:district":"Bogor Tengah","swing_gate:type":null,"entrance":null,"religion":null,"grades":null,"email":null,"phone":null,"name:en":null,"wheelchair":null,"building:structure":null,"building:roof":null,"building:material":null,"building:condition":null,"access:roof":null,"building":null,"operator":"Negeri","opening_hours":null,"addr:postcode":null,"school:type_idn":null,"nspn":null,"isced:level":null,"website":null,"school":null,"fee":null,"contact:phone":null,"contact:fax":null,"contact:email":null,"addr:country":null,"local_ref":null,"natural":null,"wikipedia":null,"operator:type":null,"capacity":null,"building:levels":null,"addr:city":"Kota Bogor","wikidata":null,"jenjang":null,"alt_name":null,"addr:street":null,"addr:housenumber":null,"addr:housename":null,"name":"SD Negeri Cimanggu Kecil","addr:full":null,"barrier":null},"geometry":{"type":"Point","coordinates":[106.7905,-6.5761]}},
{"type":"Feature","properties":{"full_id":"n13438936189","osm_id":"13438936189","osm_type":"node","amenity":"school","ref":"20220338","education":"school","addr:subdistrict":"Ciwaringin","addr:province":null,"addr:district":"Bogor Tengah","swing_gate:type":null,"entrance":null,"religion":null,"grades":null,"email":null,"phone":null,"name:en":null,"wheelchair":null,"building:structure":null,"building:roof":null,"building:material":null,"building:condition":null,"access:roof":null,"building":null,"operator":"Negeri","opening_hours":null,"addr:postcode":null,"school:type_idn":null,"nspn":null,"isced:level":null,"website":null,"school":null,"fee":null,"contact:phone":null,"contact:fax":null,"contact:email":null,"addr:country":null,"local_ref":null,"natural":null,"wikipedia":null,"operator:type":null,"capacity":null,"building:levels":null,"addr:city":"Kota Bogor","wikidata":null,"jenjang":null,"alt_name":null,"addr:street":null,"addr:housenumber":null,"addr:housename":null,"name":"SMA Negeri 9 Bogor","addr:full":null,"barrier":null},"geometry":{"type":"Point","coordinates":[106.7884,-6.5926]}},
{"type":"Feature","properties":{"full_id":"n13438936188","osm_id":"13438936188","osm_type":"node","amenity":"school","ref":"20268774","education":"school","addr:subdistrict":"Ciwaringin","addr:province":null,"addr:district":"Bogor Tengah","swing_gate:type":null,"entrance":null,"religion":null,"grades":null,"email":null,"phone":null,"name:en":null,"wheelchair":null,"building:structure":null,"building:roof":null,"building:material":null,"building:condition":null,"access:roof":null,"building":null,"operator":"Swasta","opening_hours":null,"addr:postcode":null,"school:type_idn":null,"nspn":null,"isced:level":null,"website":null,"school":null,"fee":null,"contact:phone":null,"contact:fax":null,"contact:email":null,"addr:country":null,"local_ref":null,"natural":null,"wikipedia":null,"operator:type":null,"capacity":null,"building:levels":null,"addr:city":"Kota Bogor","wikidata":null,"jenjang":null,"alt_name":null,"addr:street":null,"addr:housenumber":null,"addr:housename":null,"name":"SMP Mutiara Kartini","addr:full":null,"barrier":null},"geometry":{"type":"Point","coordinates":[106.7904772,-6.575849]}},
{"type":"Feature","properties":{"full_id":"n13438936195","osm_id":"13438936195","osm_type":"node","amenity":"school","ref":"20220427","education":"school","addr:subdistrict":"Ciwaringin","addr:province":null,"addr:district":"Bogor Tengah","swing_gate:type":null,"entrance":null,"religion":null,"grades":null,"email":null,"phone":null,"name:en":null,"wheelchair":null,"building:structure":null,"building:roof":null,"building:material":null,"building:condition":null,"access:roof":null,"building":null,"operator":"Swasta","opening_hours":null,"addr:postcode":null,"school:type_idn":null,"nspn":null,"isced:level":null,"website":null,"school":null,"fee":null,"contact:phone":null,"contact:fax":null,"contact:email":null,"addr:country":null,"local_ref":null,"natural":null,"wikipedia":null,"operator:type":null,"capacity":null,"building:levels":null,"addr:city":"Kota Bogor","wikidata":null,"jenjang":null,"alt_name":null,"addr:street":null,"addr:housenumber":null,"addr:housename":null,"name":"SMP Kristen Ypk Satu Bakti","addr:full":null,"barrier":null},"geometry":{"type":"Point","coordinates":[106.7884,-6.5922]}},
{"type":"Feature","properties":{"full_id":"n13438936194","osm_id":"13438936194","osm_type":"node","amenity":"school","ref":"20219949","education":"school","addr:subdistrict":"Ciwaringin","addr:province":null,"addr:district":"Bogor Tengah","swing_gate:type":null,"entrance":null,"religion":null,"grades":null,"email":null,"phone":null,"name:en":null,"wheelchair":null,"building:structure":null,"building:roof":null,"building:material":null,"building:condition":null,"access:roof":null,"building":null,"operator":"Swasta","opening_hours":null,"addr:postcode":null,"school:type_idn":null,"nspn":null,"isced:level":null,"website":null,"school":null,"fee":null,"contact:phone":null,"contact:fax":null,"contact:email":null,"addr:country":null,"local_ref":null,"natural":null,"wikipedia":null,"operator:type":null,"capacity":null,"building:levels":null,"addr:city":"Kota Bogor","wikidata":null,"jenjang":null,"alt_name":null,"addr:street":null,"addr:housenumber":null,"addr:housename":null,"name":"SD Kristen Satu Bakti","addr:full":null,"barrier":null},"geometry":{"type":"Point","coordinates":[106.7885,-6.5923]}},
{"type":"Feature","properties":{"full_id":"n13438936193","osm_id":"13438936193","osm_type":"node","amenity":"school","ref":"20220320","education":"school","addr:subdistrict":"Ciwaringin","addr:province":null,"addr:district":"Bogor Tengah","swing_gate:type":null,"entrance":null,"religion":null,"grades":null,"email":null,"phone":null,"name:en":null,"wheelchair":null,"building:structure":null,"building:roof":null,"building:material":null,"building:condition":null,"access:roof":null,"building":null,"operator":"Swasta","opening_hours":null,"addr:postcode":null,"school:type_idn":null,"nspn":null,"isced:level":null,"website":null,"school":null,"fee":null,"contact:phone":null,"contact:fax":null,"contact:email":null,"addr:country":null,"local_ref":null,"natural":null,"wikipedia":null,"operator:type":null,"capacity":null,"building:levels":null,"addr:city":"Kota Bogor","wikidata":null,"jenjang":null,"alt_name":null,"addr:street":null,"addr:housenumber":null,"addr:housename":null,"name":"SMAS Kristen Ypk Satu Bakti","addr:full":null,"barrier":null},"geometry":{"type":"Point","coordinates":[106.7885,-6.592]}},
{"type":"Feature","properties":{"full_id":"n13438936192","osm_id":"13438936192","osm_type":"node","amenity":"school","ref":"20220372","education":"school","addr:subdistrict":"Ciwaringin","addr:province":null,"addr:district":"Bogor Tengah","swing_gate:type":null,"entrance":null,"religion":null,"grades":null,"email":null,"phone":null,"name:en":null,"wheelchair":null,"building:structure":null,"building:roof":null,"building:material":null,"building:condition":null,"access:roof":null,"building":null,"operator":"Swasta","opening_hours":null,"addr:postcode":null,"school:type_idn":null,"nspn":null,"isced:level":null,"website":null,"school":null,"fee":null,"contact:phone":null,"contact:fax":null,"contact:email":null,"addr:country":null,"local_ref":null,"natural":null,"wikipedia":null,"operator:type":null,"capacity":null,"building:levels":null,"addr:city":"Kota Bogor","wikidata":null,"jenjang":null,"alt_name":null,"addr:street":null,"addr:housenumber":null,"addr:housename":null,"name":"SMP Tamansiswa (taman Dewasa)","addr:full":null,"barrier":null},"geometry":{"type":"Point","coordinates":[106.7882,-6.5831]}},
{"type":"Feature","properties":{"full_id":"n13438936208","osm_id":"13438936208","osm_type":"node","amenity":"school","ref":"20220027","education":"school","addr:subdistrict":"Cimahpar","addr:province":null,"addr:district":"Bogor Utara","swing_gate:type":null,"entrance":null,"religion":null,"grades":null,"email":null,"phone":null,"name:en":null,"wheelchair":null,"building:structure":null,"building:roof":null,"building:material":null,"building:condition":null,"access:roof":null,"building":null,"operator":"Negeri","opening_hours":null,"addr:postcode":null,"school:type_idn":null,"nspn":null,"isced:level":null,"website":null,"school":null,"fee":null,"contact:phone":null,"contact:fax":null,"contact:email":null,"addr:country":null,"local_ref":null,"natural":null,"wikipedia":null,"operator:type":null,"capacity":null,"building:levels":null,"addr:city":"Kota Bogor","wikidata":null,"jenjang":null,"alt_name":null,"addr:street":null,"addr:housenumber":null,"addr:housename":null,"name":"SD Negeri Cimahpar 3","addr:full":null,"barrier":null},"geometry":{"type":"Point","coordinates":[106.8327,-6.5884]}},
{"type":"Feature","properties":{"full_id":"n13438936207","osm_id":"13438936207","osm_type":"node","amenity":"school","ref":"20220026","education":"school","addr:subdistrict":"Cimahpar","addr:province":null,"addr:district":"Bogor Utara","swing_gate:type":null,"entrance":null,"religion":null,"grades":null,"email":null,"phone":null,"name:en":null,"wheelchair":null,"building:structure":null,"building:roof":null,"building:material":null,"building:condition":null,"access:roof":null,"building":null,"operator":"Negeri","opening_hours":null,"addr:postcode":null,"school:type_idn":null,"nspn":null,"isced:level":null,"website":null,"school":null,"fee":null,"contact:phone":null,"contact:fax":null,"contact:email":null,"addr:country":null,"local_ref":null,"natural":null,"wikipedia":null,"operator:type":null,"capacity":null,"building:levels":null,"addr:city":"Kota Bogor","wikidata":null,"jenjang":null,"alt_name":null,"addr:street":null,"addr:housenumber":null,"addr:housename":null,"name":"SD Negeri Cimahpar 2","addr:full":null,"barrier":null},"geometry":{"type":"Point","coordinates":[106.8246,-6.5891]}},
{"type":"Feature","properties":{"full_id":"n13438936206","osm_id":"13438936206","osm_type":"node","amenity":"school","ref":"20220025","education":"school","addr:subdistrict":"Cimahpar","addr:province":null,"addr:district":"Bogor Utara","swing_gate:type":null,"entrance":null,"religion":null,"grades":null,"email":null,"phone":null,"name:en":null,"wheelchair":null,"building:structure":null,"building:roof":null,"building:material":null,"building:condition":null,"access:roof":null,"building":null,"operator":"Negeri","opening_hours":null,"addr:postcode":null,"school:type_idn":null,"nspn":null,"isced:level":null,"website":null,"school":null,"fee":null,"contact:phone":null,"contact:fax":null,"contact:email":null,"addr:country":null,"local_ref":null,"natural":null,"wikipedia":null,"operator:type":null,"capacity":null,"building:levels":null,"addr:city":"Kota Bogor","wikidata":null,"jenjang":null,"alt_name":null,"addr:street":null,"addr:housenumber":null,"addr:housename":null,"name":"SD Negeri Cimahpar 1","addr:full":null,"barrier":null},"geometry":{"type":"Point","coordinates":[106.8244,-6.5891]}},
{"type":"Feature","properties":{"full_id":"n13438936196","osm_id":"13438936196","osm_type":"node","amenity":"school","ref":"20220314","education":"school","addr:subdistrict":"Ciwaringin","addr:province":null,"addr:district":"Bogor Tengah","swing_gate:type":null,"entrance":null,"religion":null,"grades":null,"email":null,"phone":null,"name:en":null,"wheelchair":null,"building:structure":null,"building:roof":null,"building:material":null,"building:condition":null,"access:roof":null,"building":null,"operator":"Swasta","opening_hours":null,"addr:postcode":null,"school:type_idn":null,"nspn":null,"isced:level":null,"website":null,"school":null,"fee":null,"contact:phone":null,"contact:fax":null,"contact:email":null,"addr:country":null,"local_ref":null,"natural":null,"wikipedia":null,"operator:type":null,"capacity":null,"building:levels":null,"addr:city":"Kota Bogor","wikidata":null,"jenjang":null,"alt_name":null,"addr:street":null,"addr:housenumber":null,"addr:housename":null,"name":"SMAS Muhammadiyah","addr:full":null,"barrier":null},"geometry":{"type":"Point","coordinates":[106.7883,-6.5881]}},
{"type":"Feature","properties":{"full_id":"n13438936212","osm_id":"13438936212","osm_type":"node","amenity":"school","ref":"69767590","education":"school","addr:subdistrict":"Cimahpar","addr:province":null,"addr:district":"Bogor Utara","swing_gate:type":null,"entrance":null,"religion":null,"grades":null,"email":null,"phone":null,"name:en":null,"wheelchair":null,"building:structure":null,"building:roof":null,"building:material":null,"building:condition":null,"access:roof":null,"building":null,"operator":"Swasta","opening_hours":null,"addr:postcode":null,"school:type_idn":null,"nspn":null,"isced:level":null,"website":null,"school":null,"fee":null,"contact:phone":null,"contact:fax":null,"contact:email":null,"addr:country":null,"local_ref":null,"natural":null,"wikipedia":null,"operator:type":null,"capacity":null,"building:levels":null,"addr:city":"Kota Bogor","wikidata":null,"jenjang":null,"alt_name":null,"addr:street":null,"addr:housenumber":null,"addr:housename":null,"name":"SDIT Anak Shalih Bogor Islamic School","addr:full":null,"barrier":null},"geometry":{"type":"Point","coordinates":[106.8303,-6.5917]}},
{"type":"Feature","properties":{"full_id":"n13438936211","osm_id":"13438936211","osm_type":"node","amenity":"school","ref":"69991233","education":"school","addr:subdistrict":"Cimahpar","addr:province":null,"addr:district":"Bogor Utara","swing_gate:type":null,"entrance":null,"religion":null,"grades":null,"email":null,"phone":null,"name:en":null,"wheelchair":null,"building:structure":null,"building:roof":null,"building:material":null,"building:condition":null,"access:roof":null,"building":null,"operator":"Swasta","opening_hours":null,"addr:postcode":null,"school:type_idn":null,"nspn":null,"isced:level":null,"website":null,"school":null,"fee":null,"contact:phone":null,"contact:fax":null,"contact:email":null,"addr:country":null,"local_ref":null,"natural":null,"wikipedia":null,"operator:type":null,"capacity":null,"building:levels":null,"addr:city":"Kota Bogor","wikidata":null,"jenjang":null,"alt_name":null,"addr:street":null,"addr:housenumber":null,"addr:housename":null,"name":"SMA Nuraida Islamic Boarding School","addr:full":null,"barrier":null},"geometry":{"type":"Point","coordinates":[106.823723,-6.5861375]}},
{"type":"Feature","properties":{"full_id":"n13438936210","osm_id":"13438936210","osm_type":"node","amenity":"school","ref":"20220029","education":"school","addr:subdistrict":"Cimahpar","addr:province":null,"addr:district":"Bogor Utara","swing_gate:type":null,"entrance":null,"religion":null,"grades":null,"email":null,"phone":null,"name:en":null,"wheelchair":null,"building:structure":null,"building:roof":null,"building:material":null,"building:condition":null,"access:roof":null,"building":null,"operator":"Negeri","opening_hours":null,"addr:postcode":null,"school:type_idn":null,"nspn":null,"isced:level":null,"website":null,"school":null,"fee":null,"contact:phone":null,"contact:fax":null,"contact:email":null,"addr:country":null,"local_ref":null,"natural":null,"wikipedia":null,"operator:type":null,"capacity":null,"building:levels":null,"addr:city":"Kota Bogor","wikidata":null,"jenjang":null,"alt_name":null,"addr:street":null,"addr:housenumber":null,"addr:housename":null,"name":"SD Negeri Cimahpar 5","addr:full":null,"barrier":null},"geometry":{"type":"Point","coordinates":[106.8318,-6.5818]}},
{"type":"Feature","properties":{"full_id":"n13438936209","osm_id":"13438936209","osm_type":"node","amenity":"school","ref":"20220028","education":"school","addr:subdistrict":"Cimahpar","addr:province":null,"addr:district":"Bogor Utara","swing_gate:type":null,"entrance":null,"religion":null,"grades":null,"email":null,"phone":null,"name:en":null,"wheelchair":null,"building:structure":null,"building:roof":null,"building:material":null,"building:condition":null,"access:roof":null,"building":null,"operator":"Negeri","opening_hours":null,"addr:postcode":null,"school:type_idn":null,"nspn":null,"isced:level":null,"website":null,"school":null,"fee":null,"contact:phone":null,"contact:fax":null,"contact:email":null,"addr:country":null,"local_ref":null,"natural":null,"wikipedia":null,"operator:type":null,"capacity":null,"building:levels":null,"addr:city":"Kota Bogor","wikidata":null,"jenjang":null,"alt_name":null,"addr:street":null,"addr:housenumber":null,"addr:housename":null,"name":"SD Negeri Cimahpar 4","addr:full":null,"barrier":null},"geometry":{"type":"Point","coordinates":[106.8247,-6.5661]}},
{"type":"Feature","properties":{"full_id":"n13438936304","osm_id":"13438936304","osm_type":"node","amenity":"school","ref":"20220065","education":"school","addr:subdistrict":"Cibuluh","addr:province":null,"addr:district":"Bogor Utara","swing_gate:type":null,"entrance":null,"religion":null,"grades":null,"email":null,"phone":null,"name:en":null,"wheelchair":null,"building:structure":null,"building:roof":null,"building:material":null,"building:condition":null,"access:roof":null,"building":null,"operator":"Negeri","opening_hours":null,"addr:postcode":null,"school:type_idn":null,"nspn":null,"isced:level":null,"website":null,"school":null,"fee":null,"contact:phone":null,"contact:fax":null,"contact:email":null,"addr:country":null,"local_ref":null,"natural":null,"wikipedia":null,"operator:type":null,"capacity":null,"building:levels":null,"addr:city":"Kota Bogor","wikidata":null,"jenjang":null,"alt_name":null,"addr:street":null,"addr:housenumber":null,"addr:housename":null,"name":"SD Negeri Bhayangkari","addr:full":null,"barrier":null},"geometry":{"type":"Point","coordinates":[106.8188,-6.5631]}},
{"type":"Feature","properties":{"full_id":"n13438936303","osm_id":"13438936303","osm_type":"node","amenity":"school","ref":"20220408","education":"school","addr:subdistrict":"Cibuluh","addr:province":null,"addr:district":"Bogor Utara","swing_gate:type":null,"entrance":null,"religion":null,"grades":null,"email":null,"phone":null,"name:en":null,"wheelchair":null,"building:structure":null,"building:roof":null,"building:material":null,"building:condition":null,"access:roof":null,"building":null,"operator":"Swasta","opening_hours":null,"addr:postcode":null,"school:type_idn":null,"nspn":null,"isced:level":null,"website":null,"school":null,"fee":null,"contact:phone":null,"contact:fax":null,"contact:email":null,"addr:country":null,"local_ref":null,"natural":null,"wikipedia":null,"operator:type":null,"capacity":null,"building:levels":null,"addr:city":"Kota Bogor","wikidata":null,"jenjang":null,"alt_name":null,"addr:street":null,"addr:housenumber":null,"addr:housename":null,"name":"SMP Bahrul Ulum","addr:full":null,"barrier":null},"geometry":{"type":"Point","coordinates":[106.8219,-6.5518]}},
{"type":"Feature","properties":{"full_id":"n13438936214","osm_id":"13438936214","osm_type":"node","amenity":"school","ref":"69965013","education":"school","addr:subdistrict":"Cimahpar","addr:province":null,"addr:district":"Bogor Utara","swing_gate:type":null,"entrance":null,"religion":null,"grades":null,"email":null,"phone":null,"name:en":null,"wheelchair":null,"building:structure":null,"building:roof":null,"building:material":null,"building:condition":null,"access:roof":null,"building":null,"operator":"Swasta","opening_hours":null,"addr:postcode":null,"school:type_idn":null,"nspn":null,"isced:level":null,"website":null,"school":null,"fee":null,"contact:phone":null,"contact:fax":null,"contact:email":null,"addr:country":null,"local_ref":null,"natural":null,"wikipedia":null,"operator:type":null,"capacity":null,"building:levels":null,"addr:city":"Kota Bogor","wikidata":null,"jenjang":null,"alt_name":null,"addr:street":null,"addr:housenumber":null,"addr:housename":null,"name":"SMP Nuraida Islamic Boarding School","addr:full":null,"barrier":null},"geometry":{"type":"Point","coordinates":[106.8256,-6.5784]}},
{"type":"Feature","properties":{"full_id":"n13438936213","osm_id":"13438936213","osm_type":"node","amenity":"school","ref":"20256262","education":"school","addr:subdistrict":"Cimahpar","addr:province":null,"addr:district":"Bogor Utara","swing_gate:type":null,"entrance":null,"religion":null,"grades":null,"email":null,"phone":null,"name:en":null,"wheelchair":null,"building:structure":null,"building:roof":null,"building:material":null,"building:condition":null,"access:roof":null,"building":null,"operator":"Swasta","opening_hours":null,"addr:postcode":null,"school:type_idn":null,"nspn":null,"isced:level":null,"website":null,"school":null,"fee":null,"contact:phone":null,"contact:fax":null,"contact:email":null,"addr:country":null,"local_ref":null,"natural":null,"wikipedia":null,"operator:type":null,"capacity":null,"building:levels":null,"addr:city":"Kota Bogor","wikidata":null,"jenjang":null,"alt_name":null,"addr:street":null,"addr:housenumber":null,"addr:housename":null,"name":"SMKS PGRI 4 Kota Bogor","addr:full":null,"barrier":null},"geometry":{"type":"Point","coordinates":[106.8327,-6.5879]}},
{"type":"Feature","properties":{"full_id":"n13438936308","osm_id":"13438936308","osm_type":"node","amenity":"school","ref":"20238504","education":"school","addr:subdistrict":"Cibuluh","addr:province":null,"addr:district":"Bogor Utara","swing_gate:type":null,"entrance":null,"religion":null,"grades":null,"email":null,"phone":null,"name:en":null,"wheelchair":null,"building:structure":null,"building:roof":null,"building:material":null,"building:condition":null,"access:roof":null,"building":null,"operator":"Swasta","opening_hours":null,"addr:postcode":null,"school:type_idn":null,"nspn":null,"isced:level":null,"website":null,"school":null,"fee":null,"contact:phone":null,"contact:fax":null,"contact:email":null,"addr:country":null,"local_ref":null,"natural":null,"wikipedia":null,"operator:type":null,"capacity":null,"building:levels":null,"addr:city":"Kota Bogor","wikidata":null,"jenjang":null,"alt_name":null,"addr:street":null,"addr:housenumber":null,"addr:housename":null,"name":"SMP PGRI 7 Kota Bogor","addr:full":null,"barrier":null},"geometry":{"type":"Point","coordinates":[106.8163,-6.5582]}},
{"type":"Feature","properties":{"full_id":"n13438936307","osm_id":"13438936307","osm_type":"node","amenity":"school","ref":"60726063","education":"school","addr:subdistrict":"Cibuluh","addr:province":null,"addr:district":"Bogor Utara","swing_gate:type":null,"entrance":null,"religion":null,"grades":null,"email":null,"phone":null,"name:en":null,"wheelchair":null,"building:structure":null,"building:roof":null,"building:material":null,"building:condition":null,"access:roof":null,"building":null,"operator":"Swasta","opening_hours":null,"addr:postcode":null,"school:type_idn":null,"nspn":null,"isced:level":null,"website":null,"school":null,"fee":null,"contact:phone":null,"contact:fax":null,"contact:email":null,"addr:country":null,"local_ref":null,"natural":null,"wikipedia":null,"operator:type":null,"capacity":null,"building:levels":null,"addr:city":"Kota Bogor","wikidata":null,"jenjang":null,"alt_name":null,"addr:street":null,"addr:housenumber":null,"addr:housename":null,"name":"SMPS Sekolah Alam Bogor","addr:full":null,"barrier":null},"geometry":{"type":"Point","coordinates":[106.8162,-6.5637]}},
{"type":"Feature","properties":{"full_id":"n13438936306","osm_id":"13438936306","osm_type":"node","amenity":"school","ref":"20220024","education":"school","addr:subdistrict":"Cibuluh","addr:province":null,"addr:district":"Bogor Utara","swing_gate:type":null,"entrance":null,"religion":null,"grades":null,"email":null,"phone":null,"name:en":null,"wheelchair":null,"building:structure":null,"building:roof":null,"building:material":null,"building:condition":null,"access:roof":null,"building":null,"operator":"Negeri","opening_hours":null,"addr:postcode":null,"school:type_idn":null,"nspn":null,"isced:level":null,"website":null,"school":null,"fee":null,"contact:phone":null,"contact:fax":null,"contact:email":null,"addr:country":null,"local_ref":null,"natural":null,"wikipedia":null,"operator:type":null,"capacity":null,"building:levels":null,"addr:city":"Kota Bogor","wikidata":null,"jenjang":null,"alt_name":null,"addr:street":null,"addr:housenumber":null,"addr:housename":null,"name":"SD Negeri Ciluar 3","addr:full":null,"barrier":null},"geometry":{"type":"Point","coordinates":[106.8178,-6.5589]}},
{"type":"Feature","properties":{"full_id":"n13438936305","osm_id":"13438936305","osm_type":"node","amenity":"school","ref":"20220023","education":"school","addr:subdistrict":"Cibuluh","addr:province":null,"addr:district":"Bogor Utara","swing_gate:type":null,"entrance":null,"religion":null,"grades":null,"email":null,"phone":null,"name:en":null,"wheelchair":null,"building:structure":null,"building:roof":null,"building:material":null,"building:condition":null,"access:roof":null,"building":null,"operator":"Negeri","opening_hours":null,"addr:postcode":null,"school:type_idn":null,"nspn":null,"isced:level":null,"website":null,"school":null,"fee":null,"contact:phone":null,"contact:fax":null,"contact:email":null,"addr:country":null,"local_ref":null,"natural":null,"wikipedia":null,"operator:type":null,"capacity":null,"building:levels":null,"addr:city":"Kota Bogor","wikidata":null,"jenjang":null,"alt_name":null,"addr:street":null,"addr:housenumber":null,"addr:housename":null,"name":"SD Negeri Ciluar 2","addr:full":null,"barrier":null},"geometry":{"type":"Point","coordinates":[106.8178,-6.5587]}},
{"type":"Feature","properties":{"full_id":"n13438936312","osm_id":"13438936312","osm_type":"node","amenity":"school","ref":"20220480","education":"school","addr:subdistrict":"Cibuluh","addr:province":null,"addr:district":"Bogor Utara","swing_gate:type":null,"entrance":null,"religion":null,"grades":null,"email":null,"phone":null,"name:en":null,"wheelchair":null,"building:structure":null,"building:roof":null,"building:material":null,"building:condition":null,"access:roof":null,"building":null,"operator":"Negeri","opening_hours":null,"addr:postcode":null,"school:type_idn":null,"nspn":null,"isced:level":null,"website":null,"school":null,"fee":null,"contact:phone":null,"contact:fax":null,"contact:email":null,"addr:country":null,"local_ref":null,"natural":null,"wikipedia":null,"operator:type":null,"capacity":null,"building:levels":null,"addr:city":"Kota Bogor","wikidata":null,"jenjang":null,"alt_name":null,"addr:street":null,"addr:housenumber":null,"addr:housename":null,"name":"SD Negeri Kaumsari","addr:full":null,"barrier":null},"geometry":{"type":"Point","coordinates":[106.8156,-6.566]}},
{"type":"Feature","properties":{"full_id":"n13438936311","osm_id":"13438936311","osm_type":"node","amenity":"school","ref":"20220081","education":"school","addr:subdistrict":"Cibuluh","addr:province":null,"addr:district":"Bogor Utara","swing_gate:type":null,"entrance":null,"religion":null,"grades":null,"email":null,"phone":null,"name:en":null,"wheelchair":null,"building:structure":null,"building:roof":null,"building:material":null,"building:condition":null,"access:roof":null,"building":null,"operator":"Negeri","opening_hours":null,"addr:postcode":null,"school:type_idn":null,"nspn":null,"isced:level":null,"website":null,"school":null,"fee":null,"contact:phone":null,"contact:fax":null,"contact:email":null,"addr:country":null,"local_ref":null,"natural":null,"wikipedia":null,"operator:type":null,"capacity":null,"building:levels":null,"addr:city":"Kota Bogor","wikidata":null,"jenjang":null,"alt_name":null,"addr:street":null,"addr:housenumber":null,"addr:housename":null,"name":"SD Negeri Cibuluh 6","addr:full":null,"barrier":null},"geometry":{"type":"Point","coordinates":[106.8204,-6.5559]}},
{"type":"Feature","properties":{"full_id":"n13438936310","osm_id":"13438936310","osm_type":"node","amenity":"school","ref":"20238442","education":"school","addr:subdistrict":"Cibuluh","addr:province":null,"addr:district":"Bogor Utara","swing_gate:type":null,"entrance":null,"religion":null,"grades":null,"email":null,"phone":null,"name:en":null,"wheelchair":null,"building:structure":null,"building:roof":null,"building:material":null,"building:condition":null,"access:roof":null,"building":null,"operator":"Negeri","opening_hours":null,"addr:postcode":null,"school:type_idn":null,"nspn":null,"isced:level":null,"website":null,"school":null,"fee":null,"contact:phone":null,"contact:fax":null,"contact:email":null,"addr:country":null,"local_ref":null,"natural":null,"wikipedia":null,"operator:type":null,"capacity":null,"building:levels":null,"addr:city":"Kota Bogor","wikidata":null,"jenjang":null,"alt_name":null,"addr:street":null,"addr:housenumber":null,"addr:housename":null,"name":"SD Negeri Cibuluh 5","addr:full":null,"barrier":null},"geometry":{"type":"Point","coordinates":[106.8196,-6.556]}},
{"type":"Feature","properties":{"full_id":"n13438936309","osm_id":"13438936309","osm_type":"node","amenity":"school","ref":"20238440","education":"school","addr:subdistrict":"Cibuluh","addr:province":null,"addr:district":"Bogor Utara","swing_gate:type":null,"entrance":null,"religion":null,"grades":null,"email":null,"phone":null,"name:en":null,"wheelchair":null,"building:structure":null,"building:roof":null,"building:material":null,"building:condition":null,"access:roof":null,"building":null,"operator":"Negeri","opening_hours":null,"addr:postcode":null,"school:type_idn":null,"nspn":null,"isced:level":null,"website":null,"school":null,"fee":null,"contact:phone":null,"contact:fax":null,"contact:email":null,"addr:country":null,"local_ref":null,"natural":null,"wikipedia":null,"operator:type":null,"capacity":null,"building:levels":null,"addr:city":"Kota Bogor","wikidata":null,"jenjang":null,"alt_name":null,"addr:street":null,"addr:housenumber":null,"addr:housename":null,"name":"SD Negeri Cibuluh 1","addr:full":null,"barrier":null},"geometry":{"type":"Point","coordinates":[106.8212,-6.552]}},
{"type":"Feature","properties":{"full_id":"n13438936316","osm_id":"13438936316","osm_type":"node","amenity":"school","ref":"20220055","education":"school","addr:subdistrict":"Bubulak","addr:province":null,"addr:district":"Bogor Barat","swing_gate:type":null,"entrance":null,"religion":null,"grades":null,"email":null,"phone":null,"name:en":null,"wheelchair":null,"building:structure":null,"building:roof":null,"building:material":null,"building:condition":null,"access:roof":null,"building":null,"operator":"Negeri","opening_hours":null,"addr:postcode":null,"school:type_idn":null,"nspn":null,"isced:level":null,"website":null,"school":null,"fee":null,"contact:phone":null,"contact:fax":null,"contact:email":null,"addr:country":null,"local_ref":null,"natural":null,"wikipedia":null,"operator:type":null,"capacity":null,"building:levels":null,"addr:city":"Kota Bogor","wikidata":null,"jenjang":null,"alt_name":null,"addr:street":null,"addr:housenumber":null,"addr:housename":null,"name":"SD Negeri Bubulak 2","addr:full":null,"barrier":null},"geometry":{"type":"Point","coordinates":[106.7571,-6.5645]}},
{"type":"Feature","properties":{"full_id":"n13438936315","osm_id":"13438936315","osm_type":"node","amenity":"school","ref":"20219975","education":"school","addr:subdistrict":"Bubulak","addr:province":null,"addr:district":"Bogor Barat","swing_gate:type":null,"entrance":null,"religion":null,"grades":null,"email":null,"phone":null,"name:en":null,"wheelchair":null,"building:structure":null,"building:roof":null,"building:material":null,"building:condition":null,"access:roof":null,"building":null,"operator":"Swasta","opening_hours":null,"addr:postcode":null,"school:type_idn":null,"nspn":null,"isced:level":null,"website":null,"school":null,"fee":null,"contact:phone":null,"contact:fax":null,"contact:email":null,"addr:country":null,"local_ref":null,"natural":null,"wikipedia":null,"operator:type":null,"capacity":null,"building:levels":null,"addr:city":"Kota Bogor","wikidata":null,"jenjang":null,"alt_name":null,"addr:street":null,"addr:housenumber":null,"addr:housename":null,"name":"SDI Terpadu Aliya","addr:full":null,"barrier":null},"geometry":{"type":"Point","coordinates":[106.75,-6.5702]}},
{"type":"Feature","properties":{"full_id":"n13438936314","osm_id":"13438936314","osm_type":"node","amenity":"school","ref":"69775446","education":"school","addr:subdistrict":"Bubulak","addr:province":null,"addr:district":"Bogor Barat","swing_gate:type":null,"entrance":null,"religion":null,"grades":null,"email":null,"phone":null,"name:en":null,"wheelchair":null,"building:structure":null,"building:roof":null,"building:material":null,"building:condition":null,"access:roof":null,"building":null,"operator":"Swasta","opening_hours":null,"addr:postcode":null,"school:type_idn":null,"nspn":null,"isced:level":null,"website":null,"school":null,"fee":null,"contact:phone":null,"contact:fax":null,"contact:email":null,"addr:country":null,"local_ref":null,"natural":null,"wikipedia":null,"operator:type":null,"capacity":null,"building:levels":null,"addr:city":"Kota Bogor","wikidata":null,"jenjang":null,"alt_name":null,"addr:street":null,"addr:housenumber":null,"addr:housename":null,"name":"SMKS Telekomedika","addr:full":null,"barrier":null},"geometry":{"type":"Point","coordinates":[106.7519,-6.5653]}},
{"type":"Feature","properties":{"full_id":"n13438936313","osm_id":"13438936313","osm_type":"node","amenity":"school","ref":"20238480","education":"school","addr:subdistrict":"Cibuluh","addr:province":null,"addr:district":"Bogor Utara","swing_gate:type":null,"entrance":null,"religion":null,"grades":null,"email":null,"phone":null,"name:en":null,"wheelchair":null,"building:structure":null,"building:roof":null,"building:material":null,"building:condition":null,"access:roof":null,"building":null,"operator":"Swasta","opening_hours":null,"addr:postcode":null,"school:type_idn":null,"nspn":null,"isced:level":null,"website":null,"school":null,"fee":null,"contact:phone":null,"contact:fax":null,"contact:email":null,"addr:country":null,"local_ref":null,"natural":null,"wikipedia":null,"operator:type":null,"capacity":null,"building:levels":null,"addr:city":"Kota Bogor","wikidata":null,"jenjang":null,"alt_name":null,"addr:street":null,"addr:housenumber":null,"addr:housename":null,"name":"SLB Bc Mekar Sari 2","addr:full":null,"barrier":null},"geometry":{"type":"Point","coordinates":[106.8229,-6.5524]}},
{"type":"Feature","properties":{"full_id":"n13438936334","osm_id":"13438936334","osm_type":"node","amenity":"school","ref":"20220298","education":"school","addr:subdistrict":"Cibadak","addr:province":null,"addr:district":"Tanah Sareal","swing_gate:type":null,"entrance":null,"religion":null,"grades":null,"email":null,"phone":null,"name:en":null,"wheelchair":null,"building:structure":null,"building:roof":null,"building:material":null,"building:condition":null,"access:roof":null,"building":null,"operator":"Swasta","opening_hours":null,"addr:postcode":null,"school:type_idn":null,"nspn":null,"isced:level":null,"website":null,"school":null,"fee":null,"contact:phone":null,"contact:fax":null,"contact:email":null,"addr:country":null,"local_ref":null,"natural":null,"wikipedia":null,"operator:type":null,"capacity":null,"building:levels":null,"addr:city":"Kota Bogor","wikidata":null,"jenjang":null,"alt_name":null,"addr:street":null,"addr:housenumber":null,"addr:housename":null,"name":"SMP Al-fatah","addr:full":null,"barrier":null},"geometry":{"type":"Point","coordinates":[106.7731,-6.5488]}},
{"type":"Feature","properties":{"full_id":"n13438936319","osm_id":"13438936319","osm_type":"node","amenity":"school","ref":"20220056","education":"school","addr:subdistrict":"Bubulak","addr:province":null,"addr:district":"Bogor Barat","swing_gate:type":null,"entrance":null,"religion":null,"grades":null,"email":null,"phone":null,"name:en":null,"wheelchair":null,"building:structure":null,"building:roof":null,"building:material":null,"building:condition":null,"access:roof":null,"building":null,"operator":"Negeri","opening_hours":null,"addr:postcode":null,"school:type_idn":null,"nspn":null,"isced:level":null,"website":null,"school":null,"fee":null,"contact:phone":null,"contact:fax":null,"contact:email":null,"addr:country":null,"local_ref":null,"natural":null,"wikipedia":null,"operator:type":null,"capacity":null,"building:levels":null,"addr:city":"Kota Bogor","wikidata":null,"jenjang":null,"alt_name":null,"addr:street":null,"addr:housenumber":null,"addr:housename":null,"name":"SD Negeri Bubulak 3","addr:full":null,"barrier":null},"geometry":{"type":"Point","coordinates":[106.7515,-6.5694]}},
{"type":"Feature","properties":{"full_id":"n13438936318","osm_id":"13438936318","osm_type":"node","amenity":"school","ref":"20220053","education":"school","addr:subdistrict":"Bubulak","addr:province":null,"addr:district":"Bogor Barat","swing_gate:type":null,"entrance":null,"religion":null,"grades":null,"email":null,"phone":null,"name:en":null,"wheelchair":null,"building:structure":null,"building:roof":null,"building:material":null,"building:condition":null,"access:roof":null,"building":null,"operator":"Negeri","opening_hours":null,"addr:postcode":null,"school:type_idn":null,"nspn":null,"isced:level":null,"website":null,"school":null,"fee":null,"contact:phone":null,"contact:fax":null,"contact:email":null,"addr:country":null,"local_ref":null,"natural":null,"wikipedia":null,"operator:type":null,"capacity":null,"building:levels":null,"addr:city":"Kota Bogor","wikidata":null,"jenjang":null,"alt_name":null,"addr:street":null,"addr:housenumber":null,"addr:housename":null,"name":"SD Negeri Bubulak 1","addr:full":null,"barrier":null},"geometry":{"type":"Point","coordinates":[106.7551,-6.5578]}},
{"type":"Feature","properties":{"full_id":"n13438936317","osm_id":"13438936317","osm_type":"node","amenity":"school","ref":"69929445","education":"school","addr:subdistrict":"Bubulak","addr:province":null,"addr:district":"Bogor Barat","swing_gate:type":null,"entrance":null,"religion":null,"grades":null,"email":null,"phone":null,"name:en":null,"wheelchair":null,"building:structure":null,"building:roof":null,"building:material":null,"building:condition":null,"access:roof":null,"building":null,"operator":"Swasta","opening_hours":null,"addr:postcode":null,"school:type_idn":null,"nspn":null,"isced:level":null,"website":null,"school":null,"fee":null,"contact:phone":null,"contact:fax":null,"contact:email":null,"addr:country":null,"local_ref":null,"natural":null,"wikipedia":null,"operator:type":null,"capacity":null,"building:levels":null,"addr:city":"Kota Bogor","wikidata":null,"jenjang":null,"alt_name":null,"addr:street":null,"addr:housenumber":null,"addr:housename":null,"name":"SMKIT Yasiba","addr:full":null,"barrier":null},"geometry":{"type":"Point","coordinates":[106.7506,-6.5705]}},
{"type":"Feature","properties":{"full_id":"n13438936338","osm_id":"13438936338","osm_type":"node","amenity":"school","ref":"20220448","education":"school","addr:subdistrict":"Cibadak","addr:province":null,"addr:district":"Tanah Sareal","swing_gate:type":null,"entrance":null,"religion":null,"grades":null,"email":null,"phone":null,"name:en":null,"wheelchair":null,"building:structure":null,"building:roof":null,"building:material":null,"building:condition":null,"access:roof":null,"building":null,"operator":"Negeri","opening_hours":null,"addr:postcode":null,"school:type_idn":null,"nspn":null,"isced:level":null,"website":null,"school":null,"fee":null,"contact:phone":null,"contact:fax":null,"contact:email":null,"addr:country":null,"local_ref":null,"natural":null,"wikipedia":null,"operator:type":null,"capacity":null,"building:levels":null,"addr:city":"Kota Bogor","wikidata":null,"jenjang":null,"alt_name":null,"addr:street":null,"addr:housenumber":null,"addr:housename":null,"name":"SD Negeri Kukupu 2","addr:full":null,"barrier":null},"geometry":{"type":"Point","coordinates":[106.7782,-6.5514]}},
{"type":"Feature","properties":{"full_id":"n13438936337","osm_id":"13438936337","osm_type":"node","amenity":"school","ref":"20220060","education":"school","addr:subdistrict":"Cibadak","addr:province":null,"addr:district":"Tanah Sareal","swing_gate:type":null,"entrance":null,"religion":null,"grades":null,"email":null,"phone":null,"name:en":null,"wheelchair":null,"building:structure":null,"building:roof":null,"building:material":null,"building:condition":null,"access:roof":null,"building":null,"operator":"Negeri","opening_hours":null,"addr:postcode":null,"school:type_idn":null,"nspn":null,"isced:level":null,"website":null,"school":null,"fee":null,"contact:phone":null,"contact:fax":null,"contact:email":null,"addr:country":null,"local_ref":null,"natural":null,"wikipedia":null,"operator:type":null,"capacity":null,"building:levels":null,"addr:city":"Kota Bogor","wikidata":null,"jenjang":null,"alt_name":null,"addr:street":null,"addr:housenumber":null,"addr:housename":null,"name":"SD Negeri Cibadak","addr:full":null,"barrier":null},"geometry":{"type":"Point","coordinates":[106.7704,-6.5435]}},
{"type":"Feature","properties":{"full_id":"n13438936336","osm_id":"13438936336","osm_type":"node","amenity":"school","ref":"69990335","education":"school","addr:subdistrict":"Cibadak","addr:province":null,"addr:district":"Tanah Sareal","swing_gate:type":null,"entrance":null,"religion":null,"grades":null,"email":null,"phone":null,"name:en":null,"wheelchair":null,"building:structure":null,"building:roof":null,"building:material":null,"building:condition":null,"access:roof":null,"building":null,"operator":"Swasta","opening_hours":null,"addr:postcode":null,"school:type_idn":null,"nspn":null,"isced:level":null,"website":null,"school":null,"fee":null,"contact:phone":null,"contact:fax":null,"contact:email":null,"addr:country":null,"local_ref":null,"natural":null,"wikipedia":null,"operator:type":null,"capacity":null,"building:levels":null,"addr:city":"Kota Bogor","wikidata":null,"jenjang":null,"alt_name":null,"addr:street":null,"addr:housenumber":null,"addr:housename":null,"name":"SD Sinar Indonesia","addr:full":null,"barrier":null},"geometry":{"type":"Point","coordinates":[106.7812,-6.5532]}},
{"type":"Feature","properties":{"full_id":"n13438936335","osm_id":"13438936335","osm_type":"node","amenity":"school","ref":"70011550","education":"school","addr:subdistrict":"Cibadak","addr:province":null,"addr:district":"Tanah Sareal","swing_gate:type":null,"entrance":null,"religion":null,"grades":null,"email":null,"phone":null,"name:en":null,"wheelchair":null,"building:structure":null,"building:roof":null,"building:material":null,"building:condition":null,"access:roof":null,"building":null,"operator":"Swasta","opening_hours":null,"addr:postcode":null,"school:type_idn":null,"nspn":null,"isced:level":null,"website":null,"school":null,"fee":null,"contact:phone":null,"contact:fax":null,"contact:email":null,"addr:country":null,"local_ref":null,"natural":null,"wikipedia":null,"operator:type":null,"capacity":null,"building:levels":null,"addr:city":"Kota Bogor","wikidata":null,"jenjang":null,"alt_name":null,"addr:street":null,"addr:housenumber":null,"addr:housename":null,"name":"SDIT Al Ikhlas","addr:full":null,"barrier":null},"geometry":{"type":"Point","coordinates":[106.7773,-6.542]}},
{"type":"Feature","properties":{"full_id":"n13438936342","osm_id":"13438936342","osm_type":"node","amenity":"school","ref":"20238513","education":"school","addr:subdistrict":"Cibadak","addr:province":null,"addr:district":"Tanah Sareal","swing_gate:type":null,"entrance":null,"religion":null,"grades":null,"email":null,"phone":null,"name:en":null,"wheelchair":null,"building:structure":null,"building:roof":null,"building:material":null,"building:condition":null,"access:roof":null,"building":null,"operator":"Swasta","opening_hours":null,"addr:postcode":null,"school:type_idn":null,"nspn":null,"isced:level":null,"website":null,"school":null,"fee":null,"contact:phone":null,"contact:fax":null,"contact:email":null,"addr:country":null,"local_ref":null,"natural":null,"wikipedia":null,"operator:type":null,"capacity":null,"building:levels":null,"addr:city":"Kota Bogor","wikidata":null,"jenjang":null,"alt_name":null,"addr:street":null,"addr:housenumber":null,"addr:housename":null,"name":"SMP Windian Nugraha","addr:full":null,"barrier":null},"geometry":{"type":"Point","coordinates":[106.772,-6.5502]}},
{"type":"Feature","properties":{"full_id":"n13438936341","osm_id":"13438936341","osm_type":"node","amenity":"school","ref":"20220339","education":"school","addr:subdistrict":"Cibadak","addr:province":null,"addr:district":"Tanah Sareal","swing_gate:type":null,"entrance":null,"religion":null,"grades":null,"email":null,"phone":null,"name:en":null,"wheelchair":null,"building:structure":null,"building:roof":null,"building:material":null,"building:condition":null,"access:roof":null,"building":null,"operator":"Swasta","opening_hours":null,"addr:postcode":null,"school:type_idn":null,"nspn":null,"isced:level":null,"website":null,"school":null,"fee":null,"contact:phone":null,"contact:fax":null,"contact:email":null,"addr:country":null,"local_ref":null,"natural":null,"wikipedia":null,"operator:type":null,"capacity":null,"building:levels":null,"addr:city":"Kota Bogor","wikidata":null,"jenjang":null,"alt_name":null,"addr:street":null,"addr:housenumber":null,"addr:housename":null,"name":"SMKS Analis Kimia Nusa Bangsa Bogor","addr:full":null,"barrier":null},"geometry":{"type":"Point","coordinates":[106.7754,-6.5534]}},
{"type":"Feature","properties":{"full_id":"n13438936340","osm_id":"13438936340","osm_type":"node","amenity":"school","ref":"20220449","education":"school","addr:subdistrict":"Cibadak","addr:province":null,"addr:district":"Tanah Sareal","swing_gate:type":null,"entrance":null,"religion":null,"grades":null,"email":null,"phone":null,"name:en":null,"wheelchair":null,"building:structure":null,"building:roof":null,"building:material":null,"building:condition":null,"access:roof":null,"building":null,"operator":"Negeri","opening_hours":null,"addr:postcode":null,"school:type_idn":null,"nspn":null,"isced:level":null,"website":null,"school":null,"fee":null,"contact:phone":null,"contact:fax":null,"contact:email":null,"addr:country":null,"local_ref":null,"natural":null,"wikipedia":null,"operator:type":null,"capacity":null,"building:levels":null,"addr:city":"Kota Bogor","wikidata":null,"jenjang":null,"alt_name":null,"addr:street":null,"addr:housenumber":null,"addr:housename":null,"name":"SD Negeri Kukupu 3","addr:full":null,"barrier":null},"geometry":{"type":"Point","coordinates":[106.7835,-6.5527]}},
{"type":"Feature","properties":{"full_id":"n13438936339","osm_id":"13438936339","osm_type":"node","amenity":"school","ref":"20220477","education":"school","addr:subdistrict":"Cibadak","addr:province":null,"addr:district":"Tanah Sareal","swing_gate:type":null,"entrance":null,"religion":null,"grades":null,"email":null,"phone":null,"name:en":null,"wheelchair":null,"building:structure":null,"building:roof":null,"building:material":null,"building:condition":null,"access:roof":null,"building":null,"operator":"Negeri","opening_hours":null,"addr:postcode":null,"school:type_idn":null,"nspn":null,"isced:level":null,"website":null,"school":null,"fee":null,"contact:phone":null,"contact:fax":null,"contact:email":null,"addr:country":null,"local_ref":null,"natural":null,"wikipedia":null,"operator:type":null,"capacity":null,"building:levels":null,"addr:city":"Kota Bogor","wikidata":null,"jenjang":null,"alt_name":null,"addr:street":null,"addr:housenumber":null,"addr:housename":null,"name":"SD Negeri Kukupu 1","addr:full":null,"barrier":null},"geometry":{"type":"Point","coordinates":[106.7747,-6.5359]}},
{"type":"Feature","properties":{"full_id":"n13438936351","osm_id":"13438936351","osm_type":"node","amenity":"school","ref":"20220067","education":"school","addr:subdistrict":"Bojong Kerta","addr:province":null,"addr:district":"Bogor Selatan","swing_gate:type":null,"entrance":null,"religion":null,"grades":null,"email":null,"phone":null,"name:en":null,"wheelchair":null,"building:structure":null,"building:roof":null,"building:material":null,"building:condition":null,"access:roof":null,"building":null,"operator":"Negeri","opening_hours":null,"addr:postcode":null,"school:type_idn":null,"nspn":null,"isced:level":null,"website":null,"school":null,"fee":null,"contact:phone":null,"contact:fax":null,"contact:email":null,"addr:country":null,"local_ref":null,"natural":null,"wikipedia":null,"operator:type":null,"capacity":null,"building:levels":null,"addr:city":"Kota Bogor","wikidata":null,"jenjang":null,"alt_name":null,"addr:street":null,"addr:housenumber":null,"addr:housename":null,"name":"SD Negeri Bojong Kerta","addr:full":null,"barrier":null},"geometry":{"type":"Point","coordinates":[106.8376,-6.6664]}},
{"type":"Feature","properties":{"full_id":"n13438936350","osm_id":"13438936350","osm_type":"node","amenity":"school","ref":"20220398","education":"school","addr:subdistrict":"Bojong Kerta","addr:province":null,"addr:district":"Bogor Selatan","swing_gate:type":null,"entrance":null,"religion":null,"grades":null,"email":null,"phone":null,"name:en":null,"wheelchair":null,"building:structure":null,"building:roof":null,"building:material":null,"building:condition":null,"access:roof":null,"building":null,"operator":"Swasta","opening_hours":null,"addr:postcode":null,"school:type_idn":null,"nspn":null,"isced:level":null,"website":null,"school":null,"fee":null,"contact:phone":null,"contact:fax":null,"contact:email":null,"addr:country":null,"local_ref":null,"natural":null,"wikipedia":null,"operator:type":null,"capacity":null,"building:levels":null,"addr:city":"Kota Bogor","wikidata":null,"jenjang":null,"alt_name":null,"addr:street":null,"addr:housenumber":null,"addr:housename":null,"name":"SMP Darma Bakti","addr:full":null,"barrier":null},"geometry":{"type":"Point","coordinates":[106.8435867,-6.6682533]}},
{"type":"Feature","properties":{"full_id":"n13438936349","osm_id":"13438936349","osm_type":"node","amenity":"school","ref":"69943608","education":"school","addr:subdistrict":"Bojong Kerta","addr:province":null,"addr:district":"Bogor Selatan","swing_gate:type":null,"entrance":null,"religion":null,"grades":null,"email":null,"phone":null,"name:en":null,"wheelchair":null,"building:structure":null,"building:roof":null,"building:material":null,"building:condition":null,"access:roof":null,"building":null,"operator":"Swasta","opening_hours":null,"addr:postcode":null,"school:type_idn":null,"nspn":null,"isced:level":null,"website":null,"school":null,"fee":null,"contact:phone":null,"contact:fax":null,"contact:email":null,"addr:country":null,"local_ref":null,"natural":null,"wikipedia":null,"operator:type":null,"capacity":null,"building:levels":null,"addr:city":"Kota Bogor","wikidata":null,"jenjang":null,"alt_name":null,"addr:street":null,"addr:housenumber":null,"addr:housename":null,"name":"SMP Cahaya Rancamaya","addr:full":null,"barrier":null},"geometry":{"type":"Point","coordinates":[106.8353,-6.6656083]}},
{"type":"Feature","properties":{"full_id":"n13438936348","osm_id":"13438936348","osm_type":"node","amenity":"school","ref":"69971768","education":"school","addr:subdistrict":"Bojong Kerta","addr:province":null,"addr:district":"Bogor Selatan","swing_gate:type":null,"entrance":null,"religion":null,"grades":null,"email":null,"phone":null,"name:en":null,"wheelchair":null,"building:structure":null,"building:roof":null,"building:material":null,"building:condition":null,"access:roof":null,"building":null,"operator":"Swasta","opening_hours":null,"addr:postcode":null,"school:type_idn":null,"nspn":null,"isced:level":null,"website":null,"school":null,"fee":null,"contact:phone":null,"contact:fax":null,"contact:email":null,"addr:country":null,"local_ref":null,"natural":null,"wikipedia":null,"operator:type":null,"capacity":null,"building:levels":null,"addr:city":"Kota Bogor","wikidata":null,"jenjang":null,"alt_name":null,"addr:street":null,"addr:housenumber":null,"addr:housename":null,"name":"SD Highscope Indonesia Rancamaya","addr:full":null,"barrier":null},"geometry":{"type":"Point","coordinates":[106.8399,-6.6618]}},
{"type":"Feature","properties":{"full_id":"n13438936355","osm_id":"13438936355","osm_type":"node","amenity":"school","ref":"69883254","education":"school","addr:subdistrict":"Bojong Kerta","addr:province":null,"addr:district":"Bogor Selatan","swing_gate:type":null,"entrance":null,"religion":null,"grades":null,"email":null,"phone":null,"name:en":null,"wheelchair":null,"building:structure":null,"building:roof":null,"building:material":null,"building:condition":null,"access:roof":null,"building":null,"operator":"Swasta","opening_hours":null,"addr:postcode":null,"school:type_idn":null,"nspn":null,"isced:level":null,"website":null,"school":null,"fee":null,"contact:phone":null,"contact:fax":null,"contact:email":null,"addr:country":null,"local_ref":null,"natural":null,"wikipedia":null,"operator:type":null,"capacity":null,"building:levels":null,"addr:city":"Kota Bogor","wikidata":null,"jenjang":null,"alt_name":null,"addr:street":null,"addr:housenumber":null,"addr:housename":null,"name":"SMA Cahaya Rancamaya","addr:full":null,"barrier":null},"geometry":{"type":"Point","coordinates":[106.8354433,-6.6653167]}},
{"type":"Feature","properties":{"full_id":"n13438936354","osm_id":"13438936354","osm_type":"node","amenity":"school","ref":"69774752","education":"school","addr:subdistrict":"Bojong Kerta","addr:province":null,"addr:district":"Bogor Selatan","swing_gate:type":null,"entrance":null,"religion":null,"grades":null,"email":null,"phone":null,"name:en":null,"wheelchair":null,"building:structure":null,"building:roof":null,"building:material":null,"building:condition":null,"access:roof":null,"building":null,"operator":"Swasta","opening_hours":null,"addr:postcode":null,"school:type_idn":null,"nspn":null,"isced:level":null,"website":null,"school":null,"fee":null,"contact:phone":null,"contact:fax":null,"contact:email":null,"addr:country":null,"local_ref":null,"natural":null,"wikipedia":null,"operator:type":null,"capacity":null,"building:levels":null,"addr:city":"Kota Bogor","wikidata":null,"jenjang":null,"alt_name":null,"addr:street":null,"addr:housenumber":null,"addr:housename":null,"name":"SMKS Bina Insan Mandiri","addr:full":null,"barrier":null},"geometry":{"type":"Point","coordinates":[106.8413,-6.6788]}},
{"type":"Feature","properties":{"full_id":"n13438936353","osm_id":"13438936353","osm_type":"node","amenity":"school","ref":"20270667","education":"school","addr:subdistrict":"Bojong Kerta","addr:province":null,"addr:district":"Bogor Selatan","swing_gate:type":null,"entrance":null,"religion":null,"grades":null,"email":null,"phone":null,"name:en":null,"wheelchair":null,"building:structure":null,"building:roof":null,"building:material":null,"building:condition":null,"access:roof":null,"building":null,"operator":"Swasta","opening_hours":null,"addr:postcode":null,"school:type_idn":null,"nspn":null,"isced:level":null,"website":null,"school":null,"fee":null,"contact:phone":null,"contact:fax":null,"contact:email":null,"addr:country":null,"local_ref":null,"natural":null,"wikipedia":null,"operator:type":null,"capacity":null,"building:levels":null,"addr:city":"Kota Bogor","wikidata":null,"jenjang":null,"alt_name":null,"addr:street":null,"addr:housenumber":null,"addr:housename":null,"name":"SMKS Wijaya Plus 2","addr:full":null,"barrier":null},"geometry":{"type":"Point","coordinates":[106.8359,-6.6766]}},
{"type":"Feature","properties":{"full_id":"n13438936352","osm_id":"13438936352","osm_type":"node","amenity":"school","ref":"20220384","education":"school","addr:subdistrict":"Bojong Kerta","addr:province":null,"addr:district":"Bogor Selatan","swing_gate:type":null,"entrance":null,"religion":null,"grades":null,"email":null,"phone":null,"name:en":null,"wheelchair":null,"building:structure":null,"building:roof":null,"building:material":null,"building:condition":null,"access:roof":null,"building":null,"operator":"Negeri","opening_hours":null,"addr:postcode":null,"school:type_idn":null,"nspn":null,"isced:level":null,"website":null,"school":null,"fee":null,"contact:phone":null,"contact:fax":null,"contact:email":null,"addr:country":null,"local_ref":null,"natural":null,"wikipedia":null,"operator:type":null,"capacity":null,"building:levels":null,"addr:city":"Kota Bogor","wikidata":null,"jenjang":null,"alt_name":null,"addr:street":null,"addr:housenumber":null,"addr:housename":null,"name":"SMP Negeri 17 Bogor","addr:full":null,"barrier":null},"geometry":{"type":"Point","coordinates":[106.8408833,-6.6734067]}},
{"type":"Feature","properties":{"full_id":"n13438936362","osm_id":"13438936362","osm_type":"node","amenity":"school","ref":"20220313","education":"school","addr:subdistrict":"Bondongan","addr:province":null,"addr:district":"Bogor Selatan","swing_gate:type":null,"entrance":null,"religion":null,"grades":null,"email":null,"phone":null,"name:en":null,"wheelchair":null,"building:structure":null,"building:roof":null,"building:material":null,"building:condition":null,"access:roof":null,"building":null,"operator":"Swasta","opening_hours":null,"addr:postcode":null,"school:type_idn":null,"nspn":null,"isced:level":null,"website":null,"school":null,"fee":null,"contact:phone":null,"contact:fax":null,"contact:email":null,"addr:country":null,"local_ref":null,"natural":null,"wikipedia":null,"operator:type":null,"capacity":null,"building:levels":null,"addr:city":"Kota Bogor","wikidata":null,"jenjang":null,"alt_name":null,"addr:street":null,"addr:housenumber":null,"addr:housename":null,"name":"SMAS Mardi Yuana","addr:full":null,"barrier":null},"geometry":{"type":"Point","coordinates":[106.8082517,-6.614965]}},
{"type":"Feature","properties":{"full_id":"n13438936358","osm_id":"13438936358","osm_type":"node","amenity":"school","ref":"70005423","education":"school","addr:subdistrict":"Bojong Kerta","addr:province":null,"addr:district":"Bogor Selatan","swing_gate:type":null,"entrance":null,"religion":null,"grades":null,"email":null,"phone":null,"name:en":null,"wheelchair":null,"building:structure":null,"building:roof":null,"building:material":null,"building:condition":null,"access:roof":null,"building":null,"operator":"Swasta","opening_hours":null,"addr:postcode":null,"school:type_idn":null,"nspn":null,"isced:level":null,"website":null,"school":null,"fee":null,"contact:phone":null,"contact:fax":null,"contact:email":null,"addr:country":null,"local_ref":null,"natural":null,"wikipedia":null,"operator:type":null,"capacity":null,"building:levels":null,"addr:city":"Kota Bogor","wikidata":null,"jenjang":null,"alt_name":null,"addr:street":null,"addr:housenumber":null,"addr:housename":null,"name":"SD Kinderfield Bogor","addr:full":null,"barrier":null},"geometry":{"type":"Point","coordinates":[106.8430343,-6.6712936]}},
{"type":"Feature","properties":{"full_id":"n13438936357","osm_id":"13438936357","osm_type":"node","amenity":"school","ref":"69830649","education":"school","addr:subdistrict":"Bojong Kerta","addr:province":null,"addr:district":"Bogor Selatan","swing_gate:type":null,"entrance":null,"religion":null,"grades":null,"email":null,"phone":null,"name:en":null,"wheelchair":null,"building:structure":null,"building:roof":null,"building:material":null,"building:condition":null,"access:roof":null,"building":null,"operator":"Swasta","opening_hours":null,"addr:postcode":null,"school:type_idn":null,"nspn":null,"isced:level":null,"website":null,"school":null,"fee":null,"contact:phone":null,"contact:fax":null,"contact:email":null,"addr:country":null,"local_ref":null,"natural":null,"wikipedia":null,"operator:type":null,"capacity":null,"building:levels":null,"addr:city":"Kota Bogor","wikidata":null,"jenjang":null,"alt_name":null,"addr:street":null,"addr:housenumber":null,"addr:housename":null,"name":"SMK Insan Mutiara Awani Bangsa (imaba)","addr:full":null,"barrier":null},"geometry":{"type":"Point","coordinates":[106.8339099,-6.6693419]}},
{"type":"Feature","properties":{"full_id":"n13438936356","osm_id":"13438936356","osm_type":"node","amenity":"school","ref":"20271224","education":"school","addr:subdistrict":"Bojong Kerta","addr:province":null,"addr:district":"Bogor Selatan","swing_gate:type":null,"entrance":null,"religion":null,"grades":null,"email":null,"phone":null,"name:en":null,"wheelchair":null,"building:structure":null,"building:roof":null,"building:material":null,"building:condition":null,"access:roof":null,"building":null,"operator":"Swasta","opening_hours":null,"addr:postcode":null,"school:type_idn":null,"nspn":null,"isced:level":null,"website":null,"school":null,"fee":null,"contact:phone":null,"contact:fax":null,"contact:email":null,"addr:country":null,"local_ref":null,"natural":null,"wikipedia":null,"operator:type":null,"capacity":null,"building:levels":null,"addr:city":"Kota Bogor","wikidata":null,"jenjang":null,"alt_name":null,"addr:street":null,"addr:housenumber":null,"addr:housename":null,"name":"SMKS Yasbam","addr:full":null,"barrier":null},"geometry":{"type":"Point","coordinates":[106.842945,-6.6687967]}},
{"type":"Feature","properties":{"full_id":"n13438936366","osm_id":"13438936366","osm_type":"node","amenity":"school","ref":"20220429","education":"school","addr:subdistrict":"Bondongan","addr:province":null,"addr:district":"Bogor Selatan","swing_gate:type":null,"entrance":null,"religion":null,"grades":null,"email":null,"phone":null,"name:en":null,"wheelchair":null,"building:structure":null,"building:roof":null,"building:material":null,"building:condition":null,"access:roof":null,"building":null,"operator":"Swasta","opening_hours":null,"addr:postcode":null,"school:type_idn":null,"nspn":null,"isced:level":null,"website":null,"school":null,"fee":null,"contact:phone":null,"contact:fax":null,"contact:email":null,"addr:country":null,"local_ref":null,"natural":null,"wikipedia":null,"operator:type":null,"capacity":null,"building:levels":null,"addr:city":"Kota Bogor","wikidata":null,"jenjang":null,"alt_name":null,"addr:street":null,"addr:housenumber":null,"addr:housename":null,"name":"SMP Mardi Yuana","addr:full":null,"barrier":null},"geometry":{"type":"Point","coordinates":[106.8081,-6.615]}},
{"type":"Feature","properties":{"full_id":"n13438936365","osm_id":"13438936365","osm_type":"node","amenity":"school","ref":"20220331","education":"school","addr:subdistrict":"Bondongan","addr:province":null,"addr:district":"Bogor Selatan","swing_gate:type":null,"entrance":null,"religion":null,"grades":null,"email":null,"phone":null,"name:en":null,"wheelchair":null,"building:structure":null,"building:roof":null,"building:material":null,"building:condition":null,"access:roof":null,"building":null,"operator":"Swasta","opening_hours":null,"addr:postcode":null,"school:type_idn":null,"nspn":null,"isced:level":null,"website":null,"school":null,"fee":null,"contact:phone":null,"contact:fax":null,"contact:email":null,"addr:country":null,"local_ref":null,"natural":null,"wikipedia":null,"operator:type":null,"capacity":null,"building:levels":null,"addr:city":"Kota Bogor","wikidata":null,"jenjang":null,"alt_name":null,"addr:street":null,"addr:housenumber":null,"addr:housename":null,"name":"SMAS Pui","addr:full":null,"barrier":null},"geometry":{"type":"Point","coordinates":[106.806,-6.6163]}},
{"type":"Feature","properties":{"full_id":"n13438936364","osm_id":"13438936364","osm_type":"node","amenity":"school","ref":"20238537;20220424","education":"school","addr:subdistrict":"Bondongan","addr:province":null,"addr:district":"Bogor Selatan","swing_gate:type":null,"entrance":null,"religion":null,"grades":null,"email":null,"phone":null,"name:en":null,"wheelchair":null,"building:structure":null,"building:roof":null,"building:material":null,"building:condition":null,"access:roof":null,"building":null,"operator":"Swasta","opening_hours":null,"addr:postcode":null,"school:type_idn":null,"nspn":null,"isced:level":null,"website":null,"school":null,"fee":null,"contact:phone":null,"contact:fax":null,"contact:email":null,"addr:country":null,"local_ref":null,"natural":null,"wikipedia":null,"operator:type":null,"capacity":null,"building:levels":null,"addr:city":"Kota Bogor","wikidata":null,"jenjang":null,"alt_name":null,"addr:street":null,"addr:housenumber":null,"addr:housename":null,"name":"SMP Pui;SMKS Pui Kota Bogor","addr:full":null,"barrier":null},"geometry":{"type":"Point","coordinates":[106.80549,-6.6163267]}},
{"type":"Feature","properties":{"full_id":"n13438936363","osm_id":"13438936363","osm_type":"node","amenity":"school","ref":"20220068","education":"school","addr:subdistrict":"Bondongan","addr:province":null,"addr:district":"Bogor Selatan","swing_gate:type":null,"entrance":null,"religion":null,"grades":null,"email":null,"phone":null,"name:en":null,"wheelchair":null,"building:structure":null,"building:roof":null,"building:material":null,"building:condition":null,"access:roof":null,"building":null,"operator":"Negeri","opening_hours":null,"addr:postcode":null,"school:type_idn":null,"nspn":null,"isced:level":null,"website":null,"school":null,"fee":null,"contact:phone":null,"contact:fax":null,"contact:email":null,"addr:country":null,"local_ref":null,"natural":null,"wikipedia":null,"operator:type":null,"capacity":null,"building:levels":null,"addr:city":"Kota Bogor","wikidata":null,"jenjang":null,"alt_name":null,"addr:street":null,"addr:housenumber":null,"addr:housename":null,"name":"SD Negeri Bondongan","addr:full":null,"barrier":null},"geometry":{"type":"Point","coordinates":[106.80039,-6.61041]}},
{"type":"Feature","properties":{"full_id":"n13438936376","osm_id":"13438936376","osm_type":"node","amenity":"school","ref":"70041446","education":"school","addr:subdistrict":"Baranangsiang","addr:province":null,"addr:district":"Bogor Timur","swing_gate:type":null,"entrance":null,"religion":null,"grades":null,"email":null,"phone":null,"name:en":null,"wheelchair":null,"building:structure":null,"building:roof":null,"building:material":null,"building:condition":null,"access:roof":null,"building":null,"operator":"Swasta","opening_hours":null,"addr:postcode":null,"school:type_idn":null,"nspn":null,"isced:level":null,"website":null,"school":null,"fee":null,"contact:phone":null,"contact:fax":null,"contact:email":null,"addr:country":null,"local_ref":null,"natural":null,"wikipedia":null,"operator:type":null,"capacity":null,"building:levels":null,"addr:city":"Kota Bogor","wikidata":null,"jenjang":null,"alt_name":null,"addr:street":null,"addr:housenumber":null,"addr:housename":null,"name":"SMK Kesatuan Bogor","addr:full":null,"barrier":null},"geometry":{"type":"Point","coordinates":[106.8114818,-6.6138523]}},
{"type":"Feature","properties":{"full_id":"n13438936374","osm_id":"13438936374","osm_type":"node","amenity":"school","ref":"20220332","education":"school","addr:subdistrict":"Baranangsiang","addr:province":null,"addr:district":"Bogor Timur","swing_gate:type":null,"entrance":null,"religion":null,"grades":null,"email":null,"phone":null,"name:en":null,"wheelchair":null,"building:structure":null,"building:roof":null,"building:material":null,"building:condition":null,"access:roof":null,"building":null,"operator":"Negeri","opening_hours":null,"addr:postcode":null,"school:type_idn":null,"nspn":null,"isced:level":null,"website":null,"school":null,"fee":null,"contact:phone":null,"contact:fax":null,"contact:email":null,"addr:country":null,"local_ref":null,"natural":null,"wikipedia":null,"operator:type":null,"capacity":null,"building:levels":null,"addr:city":"Kota Bogor","wikidata":null,"jenjang":null,"alt_name":null,"addr:street":null,"addr:housenumber":null,"addr:housename":null,"name":"SMA Negeri 3 Bogor","addr:full":null,"barrier":null},"geometry":{"type":"Point","coordinates":[106.8109917,-6.6072333]}},
{"type":"Feature","properties":{"full_id":"n13438936368","osm_id":"13438936368","osm_type":"node","amenity":"school","ref":"20219920","education":"school","addr:subdistrict":"Bondongan","addr:province":null,"addr:district":"Bogor Selatan","swing_gate:type":null,"entrance":null,"religion":null,"grades":null,"email":null,"phone":null,"name:en":null,"wheelchair":null,"building:structure":null,"building:roof":null,"building:material":null,"building:condition":null,"access:roof":null,"building":null,"operator":"Swasta","opening_hours":null,"addr:postcode":null,"school:type_idn":null,"nspn":null,"isced:level":null,"website":null,"school":null,"fee":null,"contact:phone":null,"contact:fax":null,"contact:email":null,"addr:country":null,"local_ref":null,"natural":null,"wikipedia":null,"operator:type":null,"capacity":null,"building:levels":null,"addr:city":"Kota Bogor","wikidata":null,"jenjang":null,"alt_name":null,"addr:street":null,"addr:housenumber":null,"addr:housename":null,"name":"SDS Mardi Yuana","addr:full":null,"barrier":null},"geometry":{"type":"Point","coordinates":[106.8082117,-6.6147717]}},
{"type":"Feature","properties":{"full_id":"n13438936367","osm_id":"13438936367","osm_type":"node","amenity":"school","ref":"20220279","education":"school","addr:subdistrict":"Bondongan","addr:province":null,"addr:district":"Bogor Selatan","swing_gate:type":null,"entrance":null,"religion":null,"grades":null,"email":null,"phone":null,"name:en":null,"wheelchair":null,"building:structure":null,"building:roof":null,"building:material":null,"building:condition":null,"access:roof":null,"building":null,"operator":"Swasta","opening_hours":null,"addr:postcode":null,"school:type_idn":null,"nspn":null,"isced:level":null,"website":null,"school":null,"fee":null,"contact:phone":null,"contact:fax":null,"contact:email":null,"addr:country":null,"local_ref":null,"natural":null,"wikipedia":null,"operator:type":null,"capacity":null,"building:levels":null,"addr:city":"Kota Bogor","wikidata":null,"jenjang":null,"alt_name":null,"addr:street":null,"addr:housenumber":null,"addr:housename":null,"name":"SMKS Grafika Mardi Yuana Bogor","addr:full":null,"barrier":null},"geometry":{"type":"Point","coordinates":[106.8077367,-6.6147617]}},
{"type":"Feature","properties":{"full_id":"n13438936380","osm_id":"13438936380","osm_type":"node","amenity":"school","ref":"20238453","education":"school","addr:subdistrict":"Baranangsiang","addr:province":null,"addr:district":"Bogor Timur","swing_gate:type":null,"entrance":null,"religion":null,"grades":null,"email":null,"phone":null,"name:en":null,"wheelchair":null,"building:structure":null,"building:roof":null,"building:material":null,"building:condition":null,"access:roof":null,"building":null,"operator":"Negeri","opening_hours":null,"addr:postcode":null,"school:type_idn":null,"nspn":null,"isced:level":null,"website":null,"school":null,"fee":null,"contact:phone":null,"contact:fax":null,"contact:email":null,"addr:country":null,"local_ref":null,"natural":null,"wikipedia":null,"operator:type":null,"capacity":null,"building:levels":null,"addr:city":"Kota Bogor","wikidata":null,"jenjang":null,"alt_name":null,"addr:street":null,"addr:housenumber":null,"addr:housename":null,"name":"SD Negeri Otista","addr:full":null,"barrier":null},"geometry":{"type":"Point","coordinates":[106.8039,-6.6022]}},
{"type":"Feature","properties":{"full_id":"n13438936379","osm_id":"13438936379","osm_type":"node","amenity":"school","ref":"20220073","education":"school","addr:subdistrict":"Baranangsiang","addr:province":null,"addr:district":"Bogor Timur","swing_gate:type":null,"entrance":null,"religion":null,"grades":null,"email":null,"phone":null,"name:en":null,"wheelchair":null,"building:structure":null,"building:roof":null,"building:material":null,"building:condition":null,"access:roof":null,"building":null,"operator":"Negeri","opening_hours":null,"addr:postcode":null,"school:type_idn":null,"nspn":null,"isced:level":null,"website":null,"school":null,"fee":null,"contact:phone":null,"contact:fax":null,"contact:email":null,"addr:country":null,"local_ref":null,"natural":null,"wikipedia":null,"operator:type":null,"capacity":null,"building:levels":null,"addr:city":"Kota Bogor","wikidata":null,"jenjang":null,"alt_name":null,"addr:street":null,"addr:housenumber":null,"addr:housename":null,"name":"SD Negeri Ciheuleut 1","addr:full":null,"barrier":null},"geometry":{"type":"Point","coordinates":[106.813856,-6.602042]}},
{"type":"Feature","properties":{"full_id":"n13438936378","osm_id":"13438936378","osm_type":"node","amenity":"school","ref":"20220465","education":"school","addr:subdistrict":"Baranangsiang","addr:province":null,"addr:district":"Bogor Timur","swing_gate:type":null,"entrance":null,"religion":null,"grades":null,"email":null,"phone":null,"name:en":null,"wheelchair":null,"building:structure":null,"building:roof":null,"building:material":null,"building:condition":null,"access:roof":null,"building":null,"operator":"Negeri","opening_hours":null,"addr:postcode":null,"school:type_idn":null,"nspn":null,"isced:level":null,"website":null,"school":null,"fee":null,"contact:phone":null,"contact:fax":null,"contact:email":null,"addr:country":null,"local_ref":null,"natural":null,"wikipedia":null,"operator:type":null,"capacity":null,"building:levels":null,"addr:city":"Kota Bogor","wikidata":null,"jenjang":null,"alt_name":null,"addr:street":null,"addr:housenumber":null,"addr:housename":null,"name":"SD Negeri Pajajaran","addr:full":null,"barrier":null},"geometry":{"type":"Point","coordinates":[106.814,-6.6157]}},
{"type":"Feature","properties":{"full_id":"n13438936377","osm_id":"13438936377","osm_type":"node","amenity":"school","ref":"20219911","education":"school","addr:subdistrict":"Baranangsiang","addr:province":null,"addr:district":"Bogor Timur","swing_gate:type":null,"entrance":null,"religion":null,"grades":null,"email":null,"phone":null,"name:en":null,"wheelchair":null,"building:structure":null,"building:roof":null,"building:material":null,"building:condition":null,"access:roof":null,"building":null,"operator":"Negeri","opening_hours":null,"addr:postcode":null,"school:type_idn":null,"nspn":null,"isced:level":null,"website":null,"school":null,"fee":null,"contact:phone":null,"contact:fax":null,"contact:email":null,"addr:country":null,"local_ref":null,"natural":null,"wikipedia":null,"operator:type":null,"capacity":null,"building:levels":null,"addr:city":"Kota Bogor","wikidata":null,"jenjang":null,"alt_name":null,"addr:street":null,"addr:housenumber":null,"addr:housename":null,"name":"SD Negeri Babakan Asem","addr:full":null,"barrier":null},"geometry":{"type":"Point","coordinates":[106.81065,-6.6128317]}},
{"type":"Feature","properties":{"full_id":"n13438936384","osm_id":"13438936384","osm_type":"node","amenity":"school","ref":"20219977","education":"school","addr:subdistrict":"Baranangsiang","addr:province":null,"addr:district":"Bogor Timur","swing_gate:type":null,"entrance":null,"religion":null,"grades":null,"email":null,"phone":null,"name:en":null,"wheelchair":null,"building:structure":null,"building:roof":null,"building:material":null,"building:condition":null,"access:roof":null,"building":null,"operator":"Swasta","opening_hours":null,"addr:postcode":null,"school:type_idn":null,"nspn":null,"isced:level":null,"website":null,"school":null,"fee":null,"contact:phone":null,"contact:fax":null,"contact:email":null,"addr:country":null,"local_ref":null,"natural":null,"wikipedia":null,"operator:type":null,"capacity":null,"building:levels":null,"addr:city":"Kota Bogor","wikidata":null,"jenjang":null,"alt_name":null,"addr:street":null,"addr:housenumber":null,"addr:housename":null,"name":"SD Kesatuan","addr:full":null,"barrier":null},"geometry":{"type":"Point","coordinates":[106.8117,-6.6138]}},
{"type":"Feature","properties":{"full_id":"n13438936383","osm_id":"13438936383","osm_type":"node","amenity":"school","ref":"20220317","education":"school","addr:subdistrict":"Baranangsiang","addr:province":null,"addr:district":"Bogor Timur","swing_gate:type":null,"entrance":null,"religion":null,"grades":null,"email":null,"phone":null,"name:en":null,"wheelchair":null,"building:structure":null,"building:roof":null,"building:material":null,"building:condition":null,"access:roof":null,"building":null,"operator":"Swasta","opening_hours":null,"addr:postcode":null,"school:type_idn":null,"nspn":null,"isced:level":null,"website":null,"school":null,"fee":null,"contact:phone":null,"contact:fax":null,"contact:email":null,"addr:country":null,"local_ref":null,"natural":null,"wikipedia":null,"operator:type":null,"capacity":null,"building:levels":null,"addr:city":"Kota Bogor","wikidata":null,"jenjang":null,"alt_name":null,"addr:street":null,"addr:housenumber":null,"addr:housename":null,"name":"SMAS PGRI 1","addr:full":null,"barrier":null},"geometry":{"type":"Point","coordinates":[106.8117,-6.6021]}},
{"type":"Feature","properties":{"full_id":"n13438936382","osm_id":"13438936382","osm_type":"node","amenity":"school","ref":"20220426","education":"school","addr:subdistrict":"Baranangsiang","addr:province":null,"addr:district":"Bogor Timur","swing_gate:type":null,"entrance":null,"religion":null,"grades":null,"email":null,"phone":null,"name:en":null,"wheelchair":null,"building:structure":null,"building:roof":null,"building:material":null,"building:condition":null,"access:roof":null,"building":null,"operator":"Swasta","opening_hours":null,"addr:postcode":null,"school:type_idn":null,"nspn":null,"isced:level":null,"website":null,"school":null,"fee":null,"contact:phone":null,"contact:fax":null,"contact:email":null,"addr:country":null,"local_ref":null,"natural":null,"wikipedia":null,"operator:type":null,"capacity":null,"building:levels":null,"addr:city":"Kota Bogor","wikidata":null,"jenjang":null,"alt_name":null,"addr:street":null,"addr:housenumber":null,"addr:housename":null,"name":"SMP Kesatuan","addr:full":null,"barrier":null},"geometry":{"type":"Point","coordinates":[106.811646,-6.613588]}},
{"type":"Feature","properties":{"full_id":"n13438936381","osm_id":"13438936381","osm_type":"node","amenity":"school","ref":"20220045","education":"school","addr:subdistrict":"Baranangsiang","addr:province":null,"addr:district":"Bogor Timur","swing_gate:type":null,"entrance":null,"religion":null,"grades":null,"email":null,"phone":null,"name:en":null,"wheelchair":null,"building:structure":null,"building:roof":null,"building:material":null,"building:condition":null,"access:roof":null,"building":null,"operator":"Negeri","opening_hours":null,"addr:postcode":null,"school:type_idn":null,"nspn":null,"isced:level":null,"website":null,"school":null,"fee":null,"contact:phone":null,"contact:fax":null,"contact:email":null,"addr:country":null,"local_ref":null,"natural":null,"wikipedia":null,"operator:type":null,"capacity":null,"building:levels":null,"addr:city":"Kota Bogor","wikidata":null,"jenjang":null,"alt_name":null,"addr:street":null,"addr:housenumber":null,"addr:housename":null,"name":"SD Negeri Duta Pakuan","addr:full":null,"barrier":null},"geometry":{"type":"Point","coordinates":[106.8180767,-6.61309]}},
{"type":"Feature","properties":{"full_id":"n13438936388","osm_id":"13438936388","osm_type":"node","amenity":"school","ref":"20238525","education":"school","addr:subdistrict":"Baranangsiang","addr:province":null,"addr:district":"Bogor Timur","swing_gate:type":null,"entrance":null,"religion":null,"grades":null,"email":null,"phone":null,"name:en":null,"wheelchair":null,"building:structure":null,"building:roof":null,"building:material":null,"building:condition":null,"access:roof":null,"building":null,"operator":"Swasta","opening_hours":null,"addr:postcode":null,"school:type_idn":null,"nspn":null,"isced:level":null,"website":null,"school":null,"fee":null,"contact:phone":null,"contact:fax":null,"contact:email":null,"addr:country":null,"local_ref":null,"natural":null,"wikipedia":null,"operator:type":null,"capacity":null,"building:levels":null,"addr:city":"Kota Bogor","wikidata":null,"jenjang":null,"alt_name":null,"addr:street":null,"addr:housenumber":null,"addr:housename":null,"name":"SMKS Baranangsiang Bogor","addr:full":null,"barrier":null},"geometry":{"type":"Point","coordinates":[106.8071,-6.6053]}},
{"type":"Feature","properties":{"full_id":"n13438936387","osm_id":"13438936387","osm_type":"node","amenity":"school","ref":"20220329","education":"school","addr:subdistrict":"Baranangsiang","addr:province":null,"addr:district":"Bogor Timur","swing_gate:type":null,"entrance":null,"religion":null,"grades":null,"email":null,"phone":null,"name:en":null,"wheelchair":null,"building:structure":null,"building:roof":null,"building:material":null,"building:condition":null,"access:roof":null,"building":null,"operator":"Swasta","opening_hours":null,"addr:postcode":null,"school:type_idn":null,"nspn":null,"isced:level":null,"website":null,"school":null,"fee":null,"contact:phone":null,"contact:fax":null,"contact:email":null,"addr:country":null,"local_ref":null,"natural":null,"wikipedia":null,"operator:type":null,"capacity":null,"building:levels":null,"addr:city":"Kota Bogor","wikidata":null,"jenjang":null,"alt_name":null,"addr:street":null,"addr:housenumber":null,"addr:housename":null,"name":"SMAS Kesatuan","addr:full":null,"barrier":null},"geometry":{"type":"Point","coordinates":[106.8119467,-6.6139183]}},
{"type":"Feature","properties":{"full_id":"n13438936386","osm_id":"13438936386","osm_type":"node","amenity":"school","ref":"69760656","education":"school","addr:subdistrict":"Baranangsiang","addr:province":null,"addr:district":"Bogor Timur","swing_gate:type":null,"entrance":null,"religion":null,"grades":null,"email":null,"phone":null,"name:en":null,"wheelchair":null,"building:structure":null,"building:roof":null,"building:material":null,"building:condition":null,"access:roof":null,"building":null,"operator":"Swasta","opening_hours":null,"addr:postcode":null,"school:type_idn":null,"nspn":null,"isced:level":null,"website":null,"school":null,"fee":null,"contact:phone":null,"contact:fax":null,"contact:email":null,"addr:country":null,"local_ref":null,"natural":null,"wikipedia":null,"operator:type":null,"capacity":null,"building:levels":null,"addr:city":"Kota Bogor","wikidata":null,"jenjang":null,"alt_name":null,"addr:street":null,"addr:housenumber":null,"addr:housename":null,"name":"SMKS Gumati Mulya","addr:full":null,"barrier":null},"geometry":{"type":"Point","coordinates":[106.814881,-6.603791]}},
{"type":"Feature","properties":{"full_id":"n13438936385","osm_id":"13438936385","osm_type":"node","amenity":"school","ref":"20220074","education":"school","addr:subdistrict":"Baranangsiang","addr:province":null,"addr:district":"Bogor Timur","swing_gate:type":null,"entrance":null,"religion":null,"grades":null,"email":null,"phone":null,"name:en":null,"wheelchair":null,"building:structure":null,"building:roof":null,"building:material":null,"building:condition":null,"access:roof":null,"building":null,"operator":"Negeri","opening_hours":null,"addr:postcode":null,"school:type_idn":null,"nspn":null,"isced:level":null,"website":null,"school":null,"fee":null,"contact:phone":null,"contact:fax":null,"contact:email":null,"addr:country":null,"local_ref":null,"natural":null,"wikipedia":null,"operator:type":null,"capacity":null,"building:levels":null,"addr:city":"Kota Bogor","wikidata":null,"jenjang":null,"alt_name":null,"addr:street":null,"addr:housenumber":null,"addr:housename":null,"name":"SD Negeri Ciheuleut 2","addr:full":null,"barrier":null},"geometry":{"type":"Point","coordinates":[106.8136767,-6.6020817]}},
{"type":"Feature","properties":{"full_id":"n13438936392","osm_id":"13438936392","osm_type":"node","amenity":"school","ref":"20219941","education":"school","addr:subdistrict":"Baranangsiang","addr:province":null,"addr:district":"Bogor Timur","swing_gate:type":null,"entrance":null,"religion":null,"grades":null,"email":null,"phone":null,"name:en":null,"wheelchair":null,"building:structure":null,"building:roof":null,"building:material":null,"building:condition":null,"access:roof":null,"building":null,"operator":"Negeri","opening_hours":null,"addr:postcode":null,"school:type_idn":null,"nspn":null,"isced:level":null,"website":null,"school":null,"fee":null,"contact:phone":null,"contact:fax":null,"contact:email":null,"addr:country":null,"local_ref":null,"natural":null,"wikipedia":null,"operator:type":null,"capacity":null,"building:levels":null,"addr:city":"Kota Bogor","wikidata":null,"jenjang":null,"alt_name":null,"addr:street":null,"addr:housenumber":null,"addr:housename":null,"name":"SD Negeri Bantarkemang 2","addr:full":null,"barrier":null},"geometry":{"type":"Point","coordinates":[106.8183867,-6.615595]}},
{"type":"Feature","properties":{"full_id":"n13438936391","osm_id":"13438936391","osm_type":"node","amenity":"school","ref":"20219940","education":"school","addr:subdistrict":"Baranangsiang","addr:province":null,"addr:district":"Bogor Timur","swing_gate:type":null,"entrance":null,"religion":null,"grades":null,"email":null,"phone":null,"name:en":null,"wheelchair":null,"building:structure":null,"building:roof":null,"building:material":null,"building:condition":null,"access:roof":null,"building":null,"operator":"Negeri","opening_hours":null,"addr:postcode":null,"school:type_idn":null,"nspn":null,"isced:level":null,"website":null,"school":null,"fee":null,"contact:phone":null,"contact:fax":null,"contact:email":null,"addr:country":null,"local_ref":null,"natural":null,"wikipedia":null,"operator:type":null,"capacity":null,"building:levels":null,"addr:city":"Kota Bogor","wikidata":null,"jenjang":null,"alt_name":null,"addr:street":null,"addr:housenumber":null,"addr:housename":null,"name":"SD Negeri Bantarkemang 1","addr:full":null,"barrier":null},"geometry":{"type":"Point","coordinates":[106.81825,-6.615375]}},
{"type":"Feature","properties":{"full_id":"n13438936390","osm_id":"13438936390","osm_type":"node","amenity":"school","ref":"69982666","education":"school","addr:subdistrict":"Baranangsiang","addr:province":null,"addr:district":"Bogor Timur","swing_gate:type":null,"entrance":null,"religion":null,"grades":null,"email":null,"phone":null,"name:en":null,"wheelchair":null,"building:structure":null,"building:roof":null,"building:material":null,"building:condition":null,"access:roof":null,"building":null,"operator":"Swasta","opening_hours":null,"addr:postcode":null,"school:type_idn":null,"nspn":null,"isced:level":null,"website":null,"school":null,"fee":null,"contact:phone":null,"contact:fax":null,"contact:email":null,"addr:country":null,"local_ref":null,"natural":null,"wikipedia":null,"operator:type":null,"capacity":null,"building:levels":null,"addr:city":"Kota Bogor","wikidata":null,"jenjang":null,"alt_name":null,"addr:street":null,"addr:housenumber":null,"addr:housename":null,"name":"SMPIT Al Khairiyah","addr:full":null,"barrier":null},"geometry":{"type":"Point","coordinates":[106.817349,-6.600599]}},
{"type":"Feature","properties":{"full_id":"n13438936389","osm_id":"13438936389","osm_type":"node","amenity":"school","ref":"20258269","education":"school","addr:subdistrict":"Baranangsiang","addr:province":null,"addr:district":"Bogor Timur","swing_gate:type":null,"entrance":null,"religion":null,"grades":null,"email":null,"phone":null,"name:en":null,"wheelchair":null,"building:structure":null,"building:roof":null,"building:material":null,"building:condition":null,"access:roof":null,"building":null,"operator":"Swasta","opening_hours":null,"addr:postcode":null,"school:type_idn":null,"nspn":null,"isced:level":null,"website":null,"school":null,"fee":null,"contact:phone":null,"contact:fax":null,"contact:email":null,"addr:country":null,"local_ref":null,"natural":null,"wikipedia":null,"operator:type":null,"capacity":null,"building:levels":null,"addr:city":"Kota Bogor","wikidata":null,"jenjang":null,"alt_name":null,"addr:street":null,"addr:housenumber":null,"addr:housename":null,"name":"SDIT Al Khairiyah","addr:full":null,"barrier":null},"geometry":{"type":"Point","coordinates":[106.8173967,-6.60043]}},
{"type":"Feature","properties":{"full_id":"n13438936401","osm_id":"13438936401","osm_type":"node","amenity":"school","ref":"20220395","education":"school","addr:subdistrict":"Batu Tulis","addr:province":null,"addr:district":"Bogor Selatan","swing_gate:type":null,"entrance":null,"religion":null,"grades":null,"email":null,"phone":null,"name:en":null,"wheelchair":null,"building:structure":null,"building:roof":null,"building:material":null,"building:condition":null,"access:roof":null,"building":null,"operator":"Swasta","opening_hours":null,"addr:postcode":null,"school:type_idn":null,"nspn":null,"isced:level":null,"website":null,"school":null,"fee":null,"contact:phone":null,"contact:fax":null,"contact:email":null,"addr:country":null,"local_ref":null,"natural":null,"wikipedia":null,"operator:type":null,"capacity":null,"building:levels":null,"addr:city":"Kota Bogor","wikidata":null,"jenjang":null,"alt_name":null,"addr:street":null,"addr:housenumber":null,"addr:housename":null,"name":"SMP PGRI 4","addr:full":null,"barrier":null},"geometry":{"type":"Point","coordinates":[106.8067767,-6.6189067]}},
{"type":"Feature","properties":{"full_id":"n13438936395","osm_id":"13438936395","osm_type":"node","amenity":"school","ref":"20238524","education":"school","addr:subdistrict":"Baranangsiang","addr:province":null,"addr:district":"Bogor Timur","swing_gate:type":null,"entrance":null,"religion":null,"grades":null,"email":null,"phone":null,"name:en":null,"wheelchair":null,"building:structure":null,"building:roof":null,"building:material":null,"building:condition":null,"access:roof":null,"building":null,"operator":"Negeri","opening_hours":null,"addr:postcode":null,"school:type_idn":null,"nspn":null,"isced:level":null,"website":null,"school":null,"fee":null,"contact:phone":null,"contact:fax":null,"contact:email":null,"addr:country":null,"local_ref":null,"natural":null,"wikipedia":null,"operator:type":null,"capacity":null,"building:levels":null,"addr:city":"Kota Bogor","wikidata":null,"jenjang":null,"alt_name":null,"addr:street":null,"addr:housenumber":null,"addr:housename":null,"name":"SMK-smak Bogor","addr:full":null,"barrier":null},"geometry":{"type":"Point","coordinates":[106.8126267,-6.60156]}},
{"type":"Feature","properties":{"full_id":"n13438936394","osm_id":"13438936394","osm_type":"node","amenity":"school","ref":"20219945","education":"school","addr:subdistrict":"Baranangsiang","addr:province":null,"addr:district":"Bogor Timur","swing_gate:type":null,"entrance":null,"religion":null,"grades":null,"email":null,"phone":null,"name:en":null,"wheelchair":null,"building:structure":null,"building:roof":null,"building:material":null,"building:condition":null,"access:roof":null,"building":null,"operator":"Negeri","opening_hours":null,"addr:postcode":null,"school:type_idn":null,"nspn":null,"isced:level":null,"website":null,"school":null,"fee":null,"contact:phone":null,"contact:fax":null,"contact:email":null,"addr:country":null,"local_ref":null,"natural":null,"wikipedia":null,"operator:type":null,"capacity":null,"building:levels":null,"addr:city":"Kota Bogor","wikidata":null,"jenjang":null,"alt_name":null,"addr:street":null,"addr:housenumber":null,"addr:housename":null,"name":"SD Negeri Bantarkemang 6","addr:full":null,"barrier":null},"geometry":{"type":"Point","coordinates":[106.821,-6.618]}},
{"type":"Feature","properties":{"full_id":"n13438936393","osm_id":"13438936393","osm_type":"node","amenity":"school","ref":"20219943","education":"school","addr:subdistrict":"Baranangsiang","addr:province":null,"addr:district":"Bogor Timur","swing_gate:type":null,"entrance":null,"religion":null,"grades":null,"email":null,"phone":null,"name:en":null,"wheelchair":null,"building:structure":null,"building:roof":null,"building:material":null,"building:condition":null,"access:roof":null,"building":null,"operator":"Negeri","opening_hours":null,"addr:postcode":null,"school:type_idn":null,"nspn":null,"isced:level":null,"website":null,"school":null,"fee":null,"contact:phone":null,"contact:fax":null,"contact:email":null,"addr:country":null,"local_ref":null,"natural":null,"wikipedia":null,"operator:type":null,"capacity":null,"building:levels":null,"addr:city":"Kota Bogor","wikidata":null,"jenjang":null,"alt_name":null,"addr:street":null,"addr:housenumber":null,"addr:housename":null,"name":"SD Negeri Bantarkemang 3","addr:full":null,"barrier":null},"geometry":{"type":"Point","coordinates":[106.8211483,-6.6174533]}},
{"type":"Feature","properties":{"full_id":"n13438936405","osm_id":"13438936405","osm_type":"node","amenity":"school","ref":"20220064","education":"school","addr:subdistrict":"Batu Tulis","addr:province":null,"addr:district":"Bogor Selatan","swing_gate:type":null,"entrance":null,"religion":null,"grades":null,"email":null,"phone":null,"name:en":null,"wheelchair":null,"building:structure":null,"building:roof":null,"building:material":null,"building:condition":null,"access:roof":null,"building":null,"operator":"Negeri","opening_hours":null,"addr:postcode":null,"school:type_idn":null,"nspn":null,"isced:level":null,"website":null,"school":null,"fee":null,"contact:phone":null,"contact:fax":null,"contact:email":null,"addr:country":null,"local_ref":null,"natural":null,"wikipedia":null,"operator:type":null,"capacity":null,"building:levels":null,"addr:city":"Kota Bogor","wikidata":null,"jenjang":null,"alt_name":null,"addr:street":null,"addr:housenumber":null,"addr:housename":null,"name":"SD Negeri Batutulis 1","addr:full":null,"barrier":null},"geometry":{"type":"Point","coordinates":[106.8069059,-6.6193622]}},
{"type":"Feature","properties":{"full_id":"n13438936404","osm_id":"13438936404","osm_type":"node","amenity":"school","ref":"20219989","education":"school","addr:subdistrict":"Batu Tulis","addr:province":null,"addr:district":"Bogor Selatan","swing_gate:type":null,"entrance":null,"religion":null,"grades":null,"email":null,"phone":null,"name:en":null,"wheelchair":null,"building:structure":null,"building:roof":null,"building:material":null,"building:condition":null,"access:roof":null,"building":null,"operator":"Negeri","opening_hours":null,"addr:postcode":null,"school:type_idn":null,"nspn":null,"isced:level":null,"website":null,"school":null,"fee":null,"contact:phone":null,"contact:fax":null,"contact:email":null,"addr:country":null,"local_ref":null,"natural":null,"wikipedia":null,"operator:type":null,"capacity":null,"building:levels":null,"addr:city":"Kota Bogor","wikidata":null,"jenjang":null,"alt_name":null,"addr:street":null,"addr:housenumber":null,"addr:housename":null,"name":"SD Negeri Batutulis 3","addr:full":null,"barrier":null},"geometry":{"type":"Point","coordinates":[106.809075,-6.6240867]}},
{"type":"Feature","properties":{"full_id":"n13438936403","osm_id":"13438936403","osm_type":"node","amenity":"school","ref":"20220409","education":"school","addr:subdistrict":"Batu Tulis","addr:province":null,"addr:district":"Bogor Selatan","swing_gate:type":null,"entrance":null,"religion":null,"grades":null,"email":null,"phone":null,"name:en":null,"wheelchair":null,"building:structure":null,"building:roof":null,"building:material":null,"building:condition":null,"access:roof":null,"building":null,"operator":"Swasta","opening_hours":null,"addr:postcode":null,"school:type_idn":null,"nspn":null,"isced:level":null,"website":null,"school":null,"fee":null,"contact:phone":null,"contact:fax":null,"contact:email":null,"addr:country":null,"local_ref":null,"natural":null,"wikipedia":null,"operator:type":null,"capacity":null,"building:levels":null,"addr:city":"Kota Bogor","wikidata":null,"jenjang":null,"alt_name":null,"addr:street":null,"addr:housenumber":null,"addr:housename":null,"name":"SMP Bhakti Insani Bogor","addr:full":null,"barrier":null},"geometry":{"type":"Point","coordinates":[106.8107,-6.6188]}},
{"type":"Feature","properties":{"full_id":"n13438936402","osm_id":"13438936402","osm_type":"node","amenity":"school","ref":"20220309","education":"school","addr:subdistrict":"Batu Tulis","addr:province":null,"addr:district":"Bogor Selatan","swing_gate:type":null,"entrance":null,"religion":null,"grades":null,"email":null,"phone":null,"name:en":null,"wheelchair":null,"building:structure":null,"building:roof":null,"building:material":null,"building:condition":null,"access:roof":null,"building":null,"operator":"Swasta","opening_hours":null,"addr:postcode":null,"school:type_idn":null,"nspn":null,"isced:level":null,"website":null,"school":null,"fee":null,"contact:phone":null,"contact:fax":null,"contact:email":null,"addr:country":null,"local_ref":null,"natural":null,"wikipedia":null,"operator:type":null,"capacity":null,"building:levels":null,"addr:city":"Kota Bogor","wikidata":null,"jenjang":null,"alt_name":null,"addr:street":null,"addr:housenumber":null,"addr:housename":null,"name":"SMKS Bhakti Insani Bogor","addr:full":null,"barrier":null},"geometry":{"type":"Point","coordinates":[106.8106217,-6.6183667]}},
{"type":"Feature","properties":{"full_id":"n13438936420","osm_id":"13438936420","osm_type":"node","amenity":"school","ref":"20219914","education":"school","addr:subdistrict":"Balumbang Jaya","addr:province":null,"addr:district":"Bogor Barat","swing_gate:type":null,"entrance":null,"religion":null,"grades":null,"email":null,"phone":null,"name:en":null,"wheelchair":null,"building:structure":null,"building:roof":null,"building:material":null,"building:condition":null,"access:roof":null,"building":null,"operator":"Negeri","opening_hours":null,"addr:postcode":null,"school:type_idn":null,"nspn":null,"isced:level":null,"website":null,"school":null,"fee":null,"contact:phone":null,"contact:fax":null,"contact:email":null,"addr:country":null,"local_ref":null,"natural":null,"wikipedia":null,"operator:type":null,"capacity":null,"building:levels":null,"addr:city":"Kota Bogor","wikidata":null,"jenjang":null,"alt_name":null,"addr:street":null,"addr:housenumber":null,"addr:housename":null,"name":"SD Negeri Balungbang Jaya 2","addr:full":null,"barrier":null},"geometry":{"type":"Point","coordinates":[106.737,-6.5563]}},
{"type":"Feature","properties":{"full_id":"n13438936408","osm_id":"13438936408","osm_type":"node","amenity":"school","ref":"20220406;20219970;20220547","education":"school","addr:subdistrict":"Batu Tulis","addr:province":null,"addr:district":"Bogor Selatan","swing_gate:type":null,"entrance":null,"religion":null,"grades":null,"email":null,"phone":null,"name:en":null,"wheelchair":null,"building:structure":null,"building:roof":null,"building:material":null,"building:condition":null,"access:roof":null,"building":null,"operator":"Swasta","opening_hours":null,"addr:postcode":null,"school:type_idn":null,"nspn":null,"isced:level":null,"website":null,"school":null,"fee":null,"contact:phone":null,"contact:fax":null,"contact:email":null,"addr:country":null,"local_ref":null,"natural":null,"wikipedia":null,"operator:type":null,"capacity":null,"building:levels":null,"addr:city":"Kota Bogor","wikidata":null,"jenjang":null,"alt_name":null,"addr:street":null,"addr:housenumber":null,"addr:housename":null,"name":"SMP Ananda;SMAS Ananda;SD Ananda","addr:full":null,"barrier":null},"geometry":{"type":"Point","coordinates":[106.81197,-6.6188183]}},
{"type":"Feature","properties":{"full_id":"n13438936407","osm_id":"13438936407","osm_type":"node","amenity":"school","ref":"20220520","education":"school","addr:subdistrict":"Batu Tulis","addr:province":null,"addr:district":"Bogor Selatan","swing_gate:type":null,"entrance":null,"religion":null,"grades":null,"email":null,"phone":null,"name:en":null,"wheelchair":null,"building:structure":null,"building:roof":null,"building:material":null,"building:condition":null,"access:roof":null,"building":null,"operator":"Swasta","opening_hours":null,"addr:postcode":null,"school:type_idn":null,"nspn":null,"isced:level":null,"website":null,"school":null,"fee":null,"contact:phone":null,"contact:fax":null,"contact:email":null,"addr:country":null,"local_ref":null,"natural":null,"wikipedia":null,"operator:type":null,"capacity":null,"building:levels":null,"addr:city":"Kota Bogor","wikidata":null,"jenjang":null,"alt_name":null,"addr:street":null,"addr:housenumber":null,"addr:housename":null,"name":"SMAS Bhakti Insani","addr:full":null,"barrier":null},"geometry":{"type":"Point","coordinates":[106.810615,-6.618865]}},
{"type":"Feature","properties":{"full_id":"n13438936406","osm_id":"13438936406","osm_type":"node","amenity":"school","ref":"20219947","education":"school","addr:subdistrict":"Batu Tulis","addr:province":null,"addr:district":"Bogor Selatan","swing_gate:type":null,"entrance":null,"religion":null,"grades":null,"email":null,"phone":null,"name:en":null,"wheelchair":null,"building:structure":null,"building:roof":null,"building:material":null,"building:condition":null,"access:roof":null,"building":null,"operator":"Negeri","opening_hours":null,"addr:postcode":null,"school:type_idn":null,"nspn":null,"isced:level":null,"website":null,"school":null,"fee":null,"contact:phone":null,"contact:fax":null,"contact:email":null,"addr:country":null,"local_ref":null,"natural":null,"wikipedia":null,"operator:type":null,"capacity":null,"building:levels":null,"addr:city":"Kota Bogor","wikidata":null,"jenjang":null,"alt_name":null,"addr:street":null,"addr:housenumber":null,"addr:housename":null,"name":"SD Negeri Batutulis 2","addr:full":null,"barrier":null},"geometry":{"type":"Point","coordinates":[106.8091433,-6.6240183]}},
{"type":"Feature","properties":{"full_id":"n13438936424","osm_id":"13438936424","osm_type":"node","amenity":"school","ref":"20220284","education":"school","addr:subdistrict":"Bantarjati","addr:province":null,"addr:district":"Bogor Utara","swing_gate:type":null,"entrance":null,"religion":null,"grades":null,"email":null,"phone":null,"name:en":null,"wheelchair":null,"building:structure":null,"building:roof":null,"building:material":null,"building:condition":null,"access:roof":null,"building":null,"operator":"Swasta","opening_hours":null,"addr:postcode":null,"school:type_idn":null,"nspn":null,"isced:level":null,"website":null,"school":null,"fee":null,"contact:phone":null,"contact:fax":null,"contact:email":null,"addr:country":null,"local_ref":null,"natural":null,"wikipedia":null,"operator:type":null,"capacity":null,"building:levels":null,"addr:city":"Kota Bogor","wikidata":null,"jenjang":null,"alt_name":null,"addr:street":null,"addr:housenumber":null,"addr:housename":null,"name":"SMKS Bina Profesi Bogor","addr:full":null,"barrier":null},"geometry":{"type":"Point","coordinates":[106.8076,-6.5724]}},
{"type":"Feature","properties":{"full_id":"n13438936423","osm_id":"13438936423","osm_type":"node","amenity":"school","ref":"20220393","education":"school","addr:subdistrict":"Bantarjati","addr:province":null,"addr:district":"Bogor Utara","swing_gate:type":null,"entrance":null,"religion":null,"grades":null,"email":null,"phone":null,"name:en":null,"wheelchair":null,"building:structure":null,"building:roof":null,"building:material":null,"building:condition":null,"access:roof":null,"building":null,"operator":"Swasta","opening_hours":null,"addr:postcode":null,"school:type_idn":null,"nspn":null,"isced:level":null,"website":null,"school":null,"fee":null,"contact:phone":null,"contact:fax":null,"contact:email":null,"addr:country":null,"local_ref":null,"natural":null,"wikipedia":null,"operator:type":null,"capacity":null,"building:levels":null,"addr:city":"Kota Bogor","wikidata":null,"jenjang":null,"alt_name":null,"addr:street":null,"addr:housenumber":null,"addr:housename":null,"name":"SMP PGRI 6","addr:full":null,"barrier":null},"geometry":{"type":"Point","coordinates":[106.8104,-6.5697]}},
{"type":"Feature","properties":{"full_id":"n13438936422","osm_id":"13438936422","osm_type":"node","amenity":"school","ref":"20219913","education":"school","addr:subdistrict":"Balumbang Jaya","addr:province":null,"addr:district":"Bogor Barat","swing_gate:type":null,"entrance":null,"religion":null,"grades":null,"email":null,"phone":null,"name:en":null,"wheelchair":null,"building:structure":null,"building:roof":null,"building:material":null,"building:condition":null,"access:roof":null,"building":null,"operator":"Negeri","opening_hours":null,"addr:postcode":null,"school:type_idn":null,"nspn":null,"isced:level":null,"website":null,"school":null,"fee":null,"contact:phone":null,"contact:fax":null,"contact:email":null,"addr:country":null,"local_ref":null,"natural":null,"wikipedia":null,"operator:type":null,"capacity":null,"building:levels":null,"addr:city":"Kota Bogor","wikidata":null,"jenjang":null,"alt_name":null,"addr:street":null,"addr:housenumber":null,"addr:housename":null,"name":"SD Negeri Balungbang Jaya 1","addr:full":null,"barrier":null},"geometry":{"type":"Point","coordinates":[106.737,-6.5564]}},
{"type":"Feature","properties":{"full_id":"n13438936421","osm_id":"13438936421","osm_type":"node","amenity":"school","ref":"20238439","education":"school","addr:subdistrict":"Balumbang Jaya","addr:province":null,"addr:district":"Bogor Barat","swing_gate:type":null,"entrance":null,"religion":null,"grades":null,"email":null,"phone":null,"name:en":null,"wheelchair":null,"building:structure":null,"building:roof":null,"building:material":null,"building:condition":null,"access:roof":null,"building":null,"operator":"Negeri","opening_hours":null,"addr:postcode":null,"school:type_idn":null,"nspn":null,"isced:level":null,"website":null,"school":null,"fee":null,"contact:phone":null,"contact:fax":null,"contact:email":null,"addr:country":null,"local_ref":null,"natural":null,"wikipedia":null,"operator:type":null,"capacity":null,"building:levels":null,"addr:city":"Kota Bogor","wikidata":null,"jenjang":null,"alt_name":null,"addr:street":null,"addr:housenumber":null,"addr:housename":null,"name":"SD Negeri Balungbang Jaya 3","addr:full":null,"barrier":null},"geometry":{"type":"Point","coordinates":[106.7421,-6.5595]}},
{"type":"Feature","properties":{"full_id":"n13438936428","osm_id":"13438936428","osm_type":"node","amenity":"school","ref":"20220319;20220421","education":"school","addr:subdistrict":"Bantarjati","addr:province":null,"addr:district":"Bogor Utara","swing_gate:type":null,"entrance":null,"religion":null,"grades":null,"email":null,"phone":null,"name:en":null,"wheelchair":null,"building:structure":null,"building:roof":null,"building:material":null,"building:condition":null,"access:roof":null,"building":null,"operator":"Swasta","opening_hours":null,"addr:postcode":null,"school:type_idn":null,"nspn":null,"isced:level":null,"website":null,"school":null,"fee":null,"contact:phone":null,"contact:fax":null,"contact:email":null,"addr:country":null,"local_ref":null,"natural":null,"wikipedia":null,"operator:type":null,"capacity":null,"building:levels":null,"addr:city":"Kota Bogor","wikidata":null,"jenjang":null,"alt_name":null,"addr:street":null,"addr:housenumber":null,"addr:housename":null,"name":"SMP PGRI 16;SMAS PGRI 4","addr:full":null,"barrier":null},"geometry":{"type":"Point","coordinates":[106.8074,-6.5727]}},
{"type":"Feature","properties":{"full_id":"n13438936427","osm_id":"13438936427","osm_type":"node","amenity":"school","ref":"69853507","education":"school","addr:subdistrict":"Bantarjati","addr:province":null,"addr:district":"Bogor Utara","swing_gate:type":null,"entrance":null,"religion":null,"grades":null,"email":null,"phone":null,"name:en":null,"wheelchair":null,"building:structure":null,"building:roof":null,"building:material":null,"building:condition":null,"access:roof":null,"building":null,"operator":"Swasta","opening_hours":null,"addr:postcode":null,"school:type_idn":null,"nspn":null,"isced:level":null,"website":null,"school":null,"fee":null,"contact:phone":null,"contact:fax":null,"contact:email":null,"addr:country":null,"local_ref":null,"natural":null,"wikipedia":null,"operator:type":null,"capacity":null,"building:levels":null,"addr:city":"Kota Bogor","wikidata":null,"jenjang":null,"alt_name":null,"addr:street":null,"addr:housenumber":null,"addr:housename":null,"name":"SMKIT An Naba","addr:full":null,"barrier":null},"geometry":{"type":"Point","coordinates":[106.809049,-6.571975]}},
{"type":"Feature","properties":{"full_id":"n13438936426","osm_id":"13438936426","osm_type":"node","amenity":"school","ref":"20220277","education":"school","addr:subdistrict":"Bantarjati","addr:province":null,"addr:district":"Bogor Utara","swing_gate:type":null,"entrance":null,"religion":null,"grades":null,"email":null,"phone":null,"name:en":null,"wheelchair":null,"building:structure":null,"building:roof":null,"building:material":null,"building:condition":null,"access:roof":null,"building":null,"operator":"Swasta","opening_hours":null,"addr:postcode":null,"school:type_idn":null,"nspn":null,"isced:level":null,"website":null,"school":null,"fee":null,"contact:phone":null,"contact:fax":null,"contact:email":null,"addr:country":null,"local_ref":null,"natural":null,"wikipedia":null,"operator:type":null,"capacity":null,"building:levels":null,"addr:city":"Kota Bogor","wikidata":null,"jenjang":null,"alt_name":null,"addr:street":null,"addr:housenumber":null,"addr:housename":null,"name":"SMKS Pembangunan","addr:full":null,"barrier":null},"geometry":{"type":"Point","coordinates":[106.8084,-6.5755]}},
{"type":"Feature","properties":{"full_id":"n13438936425","osm_id":"13438936425","osm_type":"node","amenity":"school","ref":"20219946","education":"school","addr:subdistrict":"Bantarjati","addr:province":null,"addr:district":"Bogor Utara","swing_gate:type":null,"entrance":null,"religion":null,"grades":null,"email":null,"phone":null,"name:en":null,"wheelchair":null,"building:structure":null,"building:roof":null,"building:material":null,"building:condition":null,"access:roof":null,"building":null,"operator":"Negeri","opening_hours":null,"addr:postcode":null,"school:type_idn":null,"nspn":null,"isced:level":null,"website":null,"school":null,"fee":null,"contact:phone":null,"contact:fax":null,"contact:email":null,"addr:country":null,"local_ref":null,"natural":null,"wikipedia":null,"operator:type":null,"capacity":null,"building:levels":null,"addr:city":"Kota Bogor","wikidata":null,"jenjang":null,"alt_name":null,"addr:street":null,"addr:housenumber":null,"addr:housename":null,"name":"SD Negeri Bantarjati I","addr:full":null,"barrier":null},"geometry":{"type":"Point","coordinates":[106.8022,-6.5804]}},
{"type":"Feature","properties":{"full_id":"n13438936432","osm_id":"13438936432","osm_type":"node","amenity":"school","ref":"20219934","education":"school","addr:subdistrict":"Bantarjati","addr:province":null,"addr:district":"Bogor Utara","swing_gate:type":null,"entrance":null,"religion":null,"grades":null,"email":null,"phone":null,"name:en":null,"wheelchair":null,"building:structure":null,"building:roof":null,"building:material":null,"building:condition":null,"access:roof":null,"building":null,"operator":"Negeri","opening_hours":null,"addr:postcode":null,"school:type_idn":null,"nspn":null,"isced:level":null,"website":null,"school":null,"fee":null,"contact:phone":null,"contact:fax":null,"contact:email":null,"addr:country":null,"local_ref":null,"natural":null,"wikipedia":null,"operator:type":null,"capacity":null,"building:levels":null,"addr:city":"Kota Bogor","wikidata":null,"jenjang":null,"alt_name":null,"addr:street":null,"addr:housenumber":null,"addr:housename":null,"name":"SD Negeri Bantarjati 9","addr:full":null,"barrier":null},"geometry":{"type":"Point","coordinates":[106.81,-6.58]}},
{"type":"Feature","properties":{"full_id":"n13438936431","osm_id":"13438936431","osm_type":"node","amenity":"school","ref":"69861146","education":"school","addr:subdistrict":"Bantarjati","addr:province":null,"addr:district":"Bogor Utara","swing_gate:type":null,"entrance":null,"religion":null,"grades":null,"email":null,"phone":null,"name:en":null,"wheelchair":null,"building:structure":null,"building:roof":null,"building:material":null,"building:condition":null,"access:roof":null,"building":null,"operator":"Swasta","opening_hours":null,"addr:postcode":null,"school:type_idn":null,"nspn":null,"isced:level":null,"website":null,"school":null,"fee":null,"contact:phone":null,"contact:fax":null,"contact:email":null,"addr:country":null,"local_ref":null,"natural":null,"wikipedia":null,"operator:type":null,"capacity":null,"building:levels":null,"addr:city":"Kota Bogor","wikidata":null,"jenjang":null,"alt_name":null,"addr:street":null,"addr:housenumber":null,"addr:housename":null,"name":"SMPIT An Naba","addr:full":null,"barrier":null},"geometry":{"type":"Point","coordinates":[106.808083,-6.572522]}},
{"type":"Feature","properties":{"full_id":"n13438936430","osm_id":"13438936430","osm_type":"node","amenity":"school","ref":"20238474","education":"school","addr:subdistrict":"Bantarjati","addr:province":null,"addr:district":"Bogor Utara","swing_gate:type":null,"entrance":null,"religion":null,"grades":null,"email":null,"phone":null,"name:en":null,"wheelchair":null,"building:structure":null,"building:roof":null,"building:material":null,"building:condition":null,"access:roof":null,"building":null,"operator":"Swasta","opening_hours":null,"addr:postcode":null,"school:type_idn":null,"nspn":null,"isced:level":null,"website":null,"school":null,"fee":null,"contact:phone":null,"contact:fax":null,"contact:email":null,"addr:country":null,"local_ref":null,"natural":null,"wikipedia":null,"operator:type":null,"capacity":null,"building:levels":null,"addr:city":"Kota Bogor","wikidata":null,"jenjang":null,"alt_name":null,"addr:street":null,"addr:housenumber":null,"addr:housename":null,"name":"SDIT Alkautsar","addr:full":null,"barrier":null},"geometry":{"type":"Point","coordinates":[106.8056,-6.5751]}},
{"type":"Feature","properties":{"full_id":"n13438936429","osm_id":"13438936429","osm_type":"node","amenity":"school","ref":"20220481","education":"school","addr:subdistrict":"Bantarjati","addr:province":null,"addr:district":"Bogor Utara","swing_gate:type":null,"entrance":null,"religion":null,"grades":null,"email":null,"phone":null,"name:en":null,"wheelchair":null,"building:structure":null,"building:roof":null,"building:material":null,"building:condition":null,"access:roof":null,"building":null,"operator":"Negeri","opening_hours":null,"addr:postcode":null,"school:type_idn":null,"nspn":null,"isced:level":null,"website":null,"school":null,"fee":null,"contact:phone":null,"contact:fax":null,"contact:email":null,"addr:country":null,"local_ref":null,"natural":null,"wikipedia":null,"operator:type":null,"capacity":null,"building:levels":null,"addr:city":"Kota Bogor","wikidata":null,"jenjang":null,"alt_name":null,"addr:street":null,"addr:housenumber":null,"addr:housename":null,"name":"SD Negeri Kawungluwuk","addr:full":null,"barrier":null},"geometry":{"type":"Point","coordinates":[106.8112,-6.5711]}},
{"type":"Feature","properties":{"full_id":"n13438936436","osm_id":"13438936436","osm_type":"node","amenity":"school","ref":"20268961","education":"school","addr:subdistrict":"Bantarjati","addr:province":null,"addr:district":"Bogor Utara","swing_gate:type":null,"entrance":null,"religion":null,"grades":null,"email":null,"phone":null,"name:en":null,"wheelchair":null,"building:structure":null,"building:roof":null,"building:material":null,"building:condition":null,"access:roof":null,"building":null,"operator":"Swasta","opening_hours":null,"addr:postcode":null,"school:type_idn":null,"nspn":null,"isced:level":null,"website":null,"school":null,"fee":null,"contact:phone":null,"contact:fax":null,"contact:email":null,"addr:country":null,"local_ref":null,"natural":null,"wikipedia":null,"operator:type":null,"capacity":null,"building:levels":null,"addr:city":"Kota Bogor","wikidata":null,"jenjang":null,"alt_name":null,"addr:street":null,"addr:housenumber":null,"addr:housename":null,"name":"SMKS Farmasi Tunas Mandiri","addr:full":null,"barrier":null},"geometry":{"type":"Point","coordinates":[106.8142,-6.5685]}},
{"type":"Feature","properties":{"full_id":"n13438936435","osm_id":"13438936435","osm_type":"node","amenity":"school","ref":"20276384","education":"school","addr:subdistrict":"Bantarjati","addr:province":null,"addr:district":"Bogor Utara","swing_gate:type":null,"entrance":null,"religion":null,"grades":null,"email":null,"phone":null,"name:en":null,"wheelchair":null,"building:structure":null,"building:roof":null,"building:material":null,"building:condition":null,"access:roof":null,"building":null,"operator":"Swasta","opening_hours":null,"addr:postcode":null,"school:type_idn":null,"nspn":null,"isced:level":null,"website":null,"school":null,"fee":null,"contact:phone":null,"contact:fax":null,"contact:email":null,"addr:country":null,"local_ref":null,"natural":null,"wikipedia":null,"operator:type":null,"capacity":null,"building:levels":null,"addr:city":"Kota Bogor","wikidata":null,"jenjang":null,"alt_name":null,"addr:street":null,"addr:housenumber":null,"addr:housename":null,"name":"SMKS Kosgoro","addr:full":null,"barrier":null},"geometry":{"type":"Point","coordinates":[106.8091,-6.5792]}},
{"type":"Feature","properties":{"full_id":"n13438936434","osm_id":"13438936434","osm_type":"node","amenity":"school","ref":"20253188","education":"school","addr:subdistrict":"Bantarjati","addr:province":null,"addr:district":"Bogor Utara","swing_gate:type":null,"entrance":null,"religion":null,"grades":null,"email":null,"phone":null,"name:en":null,"wheelchair":null,"building:structure":null,"building:roof":null,"building:material":null,"building:condition":null,"access:roof":null,"building":null,"operator":"Swasta","opening_hours":null,"addr:postcode":null,"school:type_idn":null,"nspn":null,"isced:level":null,"website":null,"school":null,"fee":null,"contact:phone":null,"contact:fax":null,"contact:email":null,"addr:country":null,"local_ref":null,"natural":null,"wikipedia":null,"operator:type":null,"capacity":null,"building:levels":null,"addr:city":"Kota Bogor","wikidata":null,"jenjang":null,"alt_name":null,"addr:street":null,"addr:housenumber":null,"addr:housename":null,"name":"SMP Kosgoro","addr:full":null,"barrier":null},"geometry":{"type":"Point","coordinates":[106.8091,-6.579]}},
{"type":"Feature","properties":{"full_id":"n13438936433","osm_id":"13438936433","osm_type":"node","amenity":"school","ref":"20220321","education":"school","addr:subdistrict":"Bantarjati","addr:province":null,"addr:district":"Bogor Utara","swing_gate:type":null,"entrance":null,"religion":null,"grades":null,"email":null,"phone":null,"name:en":null,"wheelchair":null,"building:structure":null,"building:roof":null,"building:material":null,"building:condition":null,"access:roof":null,"building":null,"operator":"Swasta","opening_hours":null,"addr:postcode":null,"school:type_idn":null,"nspn":null,"isced:level":null,"website":null,"school":null,"fee":null,"contact:phone":null,"contact:fax":null,"contact:email":null,"addr:country":null,"local_ref":null,"natural":null,"wikipedia":null,"operator:type":null,"capacity":null,"building:levels":null,"addr:city":"Kota Bogor","wikidata":null,"jenjang":null,"alt_name":null,"addr:street":null,"addr:housenumber":null,"addr:housename":null,"name":"SMAS Kosgoro","addr:full":null,"barrier":null},"geometry":{"type":"Point","coordinates":[106.8083,-6.5792]}},
{"type":"Feature","properties":{"full_id":"n13438936445","osm_id":"13438936445","osm_type":"node","amenity":"school","ref":"20220300","education":"school","addr:subdistrict":"Babakan Pasar","addr:province":null,"addr:district":"Bogor Tengah","swing_gate:type":null,"entrance":null,"religion":null,"grades":null,"email":null,"phone":null,"name:en":null,"wheelchair":null,"building:structure":null,"building:roof":null,"building:material":null,"building:condition":null,"access:roof":null,"building":null,"operator":"Swasta","opening_hours":null,"addr:postcode":null,"school:type_idn":null,"nspn":null,"isced:level":null,"website":null,"school":null,"fee":null,"contact:phone":null,"contact:fax":null,"contact:email":null,"addr:country":null,"local_ref":null,"natural":null,"wikipedia":null,"operator:type":null,"capacity":null,"building:levels":null,"addr:city":"Kota Bogor","wikidata":null,"jenjang":null,"alt_name":null,"addr:street":null,"addr:housenumber":null,"addr:housename":null,"name":"SMKS Widaya Ananda Bogor","addr:full":null,"barrier":null},"geometry":{"type":"Point","coordinates":[106.8007,-6.6058]}},
{"type":"Feature","properties":{"full_id":"n13438936444","osm_id":"13438936444","osm_type":"node","amenity":"school","ref":"20220600","education":"school","addr:subdistrict":"Babakan Pasar","addr:province":null,"addr:district":"Bogor Tengah","swing_gate:type":null,"entrance":null,"religion":null,"grades":null,"email":null,"phone":null,"name:en":null,"wheelchair":null,"building:structure":null,"building:roof":null,"building:material":null,"building:condition":null,"access:roof":null,"building":null,"operator":"Negeri","opening_hours":null,"addr:postcode":null,"school:type_idn":null,"nspn":null,"isced:level":null,"website":null,"school":null,"fee":null,"contact:phone":null,"contact:fax":null,"contact:email":null,"addr:country":null,"local_ref":null,"natural":null,"wikipedia":null,"operator:type":null,"capacity":null,"building:levels":null,"addr:city":"Kota Bogor","wikidata":null,"jenjang":null,"alt_name":null,"addr:street":null,"addr:housenumber":null,"addr:housename":null,"name":"SD Negeri Roda","addr:full":null,"barrier":null},"geometry":{"type":"Point","coordinates":[106.8008,-6.6049]}},
{"type":"Feature","properties":{"full_id":"n13438936438","osm_id":"13438936438","osm_type":"node","amenity":"school","ref":"20220362","education":"school","addr:subdistrict":"Bantarjati","addr:province":null,"addr:district":"Bogor Utara","swing_gate:type":null,"entrance":null,"religion":null,"grades":null,"email":null,"phone":null,"name:en":null,"wheelchair":null,"building:structure":null,"building:roof":null,"building:material":null,"building:condition":null,"access:roof":null,"building":null,"operator":"Swasta","opening_hours":null,"addr:postcode":null,"school:type_idn":null,"nspn":null,"isced:level":null,"website":null,"school":null,"fee":null,"contact:phone":null,"contact:fax":null,"contact:email":null,"addr:country":null,"local_ref":null,"natural":null,"wikipedia":null,"operator:type":null,"capacity":null,"building:levels":null,"addr:city":"Kota Bogor","wikidata":null,"jenjang":null,"alt_name":null,"addr:street":null,"addr:housenumber":null,"addr:housename":null,"name":"SMP Yp Pembangunan","addr:full":null,"barrier":null},"geometry":{"type":"Point","coordinates":[106.808,-6.5752]}},
{"type":"Feature","properties":{"full_id":"n13438936437","osm_id":"13438936437","osm_type":"node","amenity":"school","ref":"20220330","education":"school","addr:subdistrict":"Bantarjati","addr:province":null,"addr:district":"Bogor Utara","swing_gate:type":null,"entrance":null,"religion":null,"grades":null,"email":null,"phone":null,"name:en":null,"wheelchair":null,"building:structure":null,"building:roof":null,"building:material":null,"building:condition":null,"access:roof":null,"building":null,"operator":"Swasta","opening_hours":null,"addr:postcode":null,"school:type_idn":null,"nspn":null,"isced:level":null,"website":null,"school":null,"fee":null,"contact:phone":null,"contact:fax":null,"contact:email":null,"addr:country":null,"local_ref":null,"natural":null,"wikipedia":null,"operator:type":null,"capacity":null,"building:levels":null,"addr:city":"Kota Bogor","wikidata":null,"jenjang":null,"alt_name":null,"addr:street":null,"addr:housenumber":null,"addr:housename":null,"name":"SMAS Yphb","addr:full":null,"barrier":null},"geometry":{"type":"Point","coordinates":[106.8084,-6.5786]}},
{"type":"Feature","properties":{"full_id":"n13438936454","osm_id":"13438936454","osm_type":"node","amenity":"school","ref":"20220394","education":"school","addr:subdistrict":"Babakan","addr:province":null,"addr:district":"Bogor Tengah","swing_gate:type":null,"entrance":null,"religion":null,"grades":null,"email":null,"phone":null,"name:en":null,"wheelchair":null,"building:structure":null,"building:roof":null,"building:material":null,"building:condition":null,"access:roof":null,"building":null,"operator":"Swasta","opening_hours":null,"addr:postcode":null,"school:type_idn":null,"nspn":null,"isced:level":null,"website":null,"school":null,"fee":null,"contact:phone":null,"contact:fax":null,"contact:email":null,"addr:country":null,"local_ref":null,"natural":null,"wikipedia":null,"operator:type":null,"capacity":null,"building:levels":null,"addr:city":"Kota Bogor","wikidata":null,"jenjang":null,"alt_name":null,"addr:street":null,"addr:housenumber":null,"addr:housename":null,"name":"SMP PGRI 5","addr:full":null,"barrier":null},"geometry":{"type":"Point","coordinates":[106.8086,-6.5848]}},
{"type":"Feature","properties":{"full_id":"n13438936453","osm_id":"13438936453","osm_type":"node","amenity":"school","ref":"20238500","education":"school","addr:subdistrict":"Babakan","addr:province":null,"addr:district":"Bogor Tengah","swing_gate:type":null,"entrance":null,"religion":null,"grades":null,"email":null,"phone":null,"name:en":null,"wheelchair":null,"building:structure":null,"building:roof":null,"building:material":null,"building:condition":null,"access:roof":null,"building":null,"operator":"Swasta","opening_hours":null,"addr:postcode":null,"school:type_idn":null,"nspn":null,"isced:level":null,"website":null,"school":null,"fee":null,"contact:phone":null,"contact:fax":null,"contact:email":null,"addr:country":null,"local_ref":null,"natural":null,"wikipedia":null,"operator:type":null,"capacity":null,"building:levels":null,"addr:city":"Kota Bogor","wikidata":null,"jenjang":null,"alt_name":null,"addr:street":null,"addr:housenumber":null,"addr:housename":null,"name":"SMP PGRI 1 Bogor","addr:full":null,"barrier":null},"geometry":{"type":"Point","coordinates":[106.804,-6.5863]}},
{"type":"Feature","properties":{"full_id":"n13438936452","osm_id":"13438936452","osm_type":"node","amenity":"school","ref":"20238527","education":"school","addr:subdistrict":"Babakan","addr:province":null,"addr:district":"Bogor Tengah","swing_gate:type":null,"entrance":null,"religion":null,"grades":null,"email":null,"phone":null,"name:en":null,"wheelchair":null,"building:structure":null,"building:roof":null,"building:material":null,"building:condition":null,"access:roof":null,"building":null,"operator":"Swasta","opening_hours":null,"addr:postcode":null,"school:type_idn":null,"nspn":null,"isced:level":null,"website":null,"school":null,"fee":null,"contact:phone":null,"contact:fax":null,"contact:email":null,"addr:country":null,"local_ref":null,"natural":null,"wikipedia":null,"operator:type":null,"capacity":null,"building:levels":null,"addr:city":"Kota Bogor","wikidata":null,"jenjang":null,"alt_name":null,"addr:street":null,"addr:housenumber":null,"addr:housename":null,"name":"SMKS Bina Insan Cita","addr:full":null,"barrier":null},"geometry":{"type":"Point","coordinates":[106.8059,-6.5927]}},
{"type":"Feature","properties":{"full_id":"n13438936451","osm_id":"13438936451","osm_type":"node","amenity":"school","ref":"20220290","education":"school","addr:subdistrict":"Babakan","addr:province":null,"addr:district":"Bogor Tengah","swing_gate:type":null,"entrance":null,"religion":null,"grades":null,"email":null,"phone":null,"name:en":null,"wheelchair":null,"building:structure":null,"building:roof":null,"building:material":null,"building:condition":null,"access:roof":null,"building":null,"operator":"Swasta","opening_hours":null,"addr:postcode":null,"school:type_idn":null,"nspn":null,"isced:level":null,"website":null,"school":null,"fee":null,"contact:phone":null,"contact:fax":null,"contact:email":null,"addr:country":null,"local_ref":null,"natural":null,"wikipedia":null,"operator:type":null,"capacity":null,"building:levels":null,"addr:city":"Kota Bogor","wikidata":null,"jenjang":null,"alt_name":null,"addr:street":null,"addr:housenumber":null,"addr:housename":null,"name":"SMKS PGRI 2 Bogor","addr:full":null,"barrier":null},"geometry":{"type":"Point","coordinates":[106.8084,-6.5829]}},
{"type":"Feature","properties":{"full_id":"n13438936458","osm_id":"13438936458","osm_type":"node","amenity":"school","ref":"20220037","education":"school","addr:subdistrict":"Babakan","addr:province":null,"addr:district":"Bogor Tengah","swing_gate:type":null,"entrance":null,"religion":null,"grades":null,"email":null,"phone":null,"name:en":null,"wheelchair":null,"building:structure":null,"building:roof":null,"building:material":null,"building:condition":null,"access:roof":null,"building":null,"operator":"Negeri","opening_hours":null,"addr:postcode":null,"school:type_idn":null,"nspn":null,"isced:level":null,"website":null,"school":null,"fee":null,"contact:phone":null,"contact:fax":null,"contact:email":null,"addr:country":null,"local_ref":null,"natural":null,"wikipedia":null,"operator:type":null,"capacity":null,"building:levels":null,"addr:city":"Kota Bogor","wikidata":null,"jenjang":null,"alt_name":null,"addr:street":null,"addr:housenumber":null,"addr:housename":null,"name":"SD Negeri Gunung Gede","addr:full":null,"barrier":null},"geometry":{"type":"Point","coordinates":[106.8066,-6.5823]}},
{"type":"Feature","properties":{"full_id":"n13438936457","osm_id":"13438936457","osm_type":"node","amenity":"school","ref":"20220580","education":"school","addr:subdistrict":"Babakan","addr:province":null,"addr:district":"Bogor Tengah","swing_gate:type":null,"entrance":null,"religion":null,"grades":null,"email":null,"phone":null,"name:en":null,"wheelchair":null,"building:structure":null,"building:roof":null,"building:material":null,"building:condition":null,"access:roof":null,"building":null,"operator":"Negeri","opening_hours":null,"addr:postcode":null,"school:type_idn":null,"nspn":null,"isced:level":null,"website":null,"school":null,"fee":null,"contact:phone":null,"contact:fax":null,"contact:email":null,"addr:country":null,"local_ref":null,"natural":null,"wikipedia":null,"operator:type":null,"capacity":null,"building:levels":null,"addr:city":"Kota Bogor","wikidata":null,"jenjang":null,"alt_name":null,"addr:street":null,"addr:housenumber":null,"addr:housename":null,"name":"SD Negeri Papandayan","addr:full":null,"barrier":null},"geometry":{"type":"Point","coordinates":[106.8042,-6.5863]}},
{"type":"Feature","properties":{"full_id":"n13438936456","osm_id":"13438936456","osm_type":"node","amenity":"school","ref":"70005574","education":"school","addr:subdistrict":"Babakan","addr:province":null,"addr:district":"Bogor Tengah","swing_gate:type":null,"entrance":null,"religion":null,"grades":null,"email":null,"phone":null,"name:en":null,"wheelchair":null,"building:structure":null,"building:roof":null,"building:material":null,"building:condition":null,"access:roof":null,"building":null,"operator":"Swasta","opening_hours":null,"addr:postcode":null,"school:type_idn":null,"nspn":null,"isced:level":null,"website":null,"school":null,"fee":null,"contact:phone":null,"contact:fax":null,"contact:email":null,"addr:country":null,"local_ref":null,"natural":null,"wikipedia":null,"operator:type":null,"capacity":null,"building:levels":null,"addr:city":"Kota Bogor","wikidata":null,"jenjang":null,"alt_name":null,"addr:street":null,"addr:housenumber":null,"addr:housename":null,"name":"SD Dian Harapan","addr:full":null,"barrier":null},"geometry":{"type":"Point","coordinates":[106.8047,-6.5955]}},
{"type":"Feature","properties":{"full_id":"n13438936455","osm_id":"13438936455","osm_type":"node","amenity":"school","ref":"20220403","education":"school","addr:subdistrict":"Babakan","addr:province":null,"addr:district":"Bogor Tengah","swing_gate:type":null,"entrance":null,"religion":null,"grades":null,"email":null,"phone":null,"name:en":null,"wheelchair":null,"building:structure":null,"building:roof":null,"building:material":null,"building:condition":null,"access:roof":null,"building":null,"operator":"Swasta","opening_hours":null,"addr:postcode":null,"school:type_idn":null,"nspn":null,"isced:level":null,"website":null,"school":null,"fee":null,"contact:phone":null,"contact:fax":null,"contact:email":null,"addr:country":null,"local_ref":null,"natural":null,"wikipedia":null,"operator:type":null,"capacity":null,"building:levels":null,"addr:city":"Kota Bogor","wikidata":null,"jenjang":null,"alt_name":null,"addr:street":null,"addr:housenumber":null,"addr:housename":null,"name":"SMP Islam Ytm 1","addr:full":null,"barrier":null},"geometry":{"type":"Point","coordinates":[106.8063,-6.5926]}},
{"type":"Feature","properties":{"full_id":"n13438936532","osm_id":"13438936532","osm_type":"node","amenity":"school","ref":"20220599","education":"school","addr:subdistrict":"Rancamaya","addr:province":null,"addr:district":"Bogor Selatan","swing_gate:type":null,"entrance":null,"religion":null,"grades":null,"email":null,"phone":null,"name:en":null,"wheelchair":null,"building:structure":null,"building:roof":null,"building:material":null,"building:condition":null,"access:roof":null,"building":null,"operator":"Negeri","opening_hours":null,"addr:postcode":null,"school:type_idn":null,"nspn":null,"isced:level":null,"website":null,"school":null,"fee":null,"contact:phone":null,"contact:fax":null,"contact:email":null,"addr:country":null,"local_ref":null,"natural":null,"wikipedia":null,"operator:type":null,"capacity":null,"building:levels":null,"addr:city":"Kota Bogor","wikidata":null,"jenjang":null,"alt_name":null,"addr:street":null,"addr:housenumber":null,"addr:housename":null,"name":"SD Negeri Rancamaya 1","addr:full":null,"barrier":null},"geometry":{"type":"Point","coordinates":[106.830735,-6.6666167]}},
{"type":"Feature","properties":{"full_id":"n13438936531","osm_id":"13438936531","osm_type":"node","amenity":"school","ref":"70003436","education":"school","addr:subdistrict":"Rancamaya","addr:province":null,"addr:district":"Bogor Selatan","swing_gate:type":null,"entrance":null,"religion":null,"grades":null,"email":null,"phone":null,"name:en":null,"wheelchair":null,"building:structure":null,"building:roof":null,"building:material":null,"building:condition":null,"access:roof":null,"building":null,"operator":"Negeri","opening_hours":null,"addr:postcode":null,"school:type_idn":null,"nspn":null,"isced:level":null,"website":null,"school":null,"fee":null,"contact:phone":null,"contact:fax":null,"contact:email":null,"addr:country":null,"local_ref":null,"natural":null,"wikipedia":null,"operator:type":null,"capacity":null,"building:levels":null,"addr:city":"Kota Bogor","wikidata":null,"jenjang":null,"alt_name":null,"addr:street":null,"addr:housenumber":null,"addr:housename":null,"name":"SLB Negeri 1 Kota Bogor","addr:full":null,"barrier":null},"geometry":{"type":"Point","coordinates":[106.8278,-6.6741]}},
{"type":"Feature","properties":{"full_id":"n13438936460","osm_id":"13438936460","osm_type":"node","amenity":"school","ref":"20220275","education":"school","addr:subdistrict":"Babakan","addr:province":null,"addr:district":"Bogor Tengah","swing_gate:type":null,"entrance":null,"religion":null,"grades":null,"email":null,"phone":null,"name:en":null,"wheelchair":null,"building:structure":null,"building:roof":null,"building:material":null,"building:condition":null,"access:roof":null,"building":null,"operator":"Negeri","opening_hours":null,"addr:postcode":null,"school:type_idn":null,"nspn":null,"isced:level":null,"website":null,"school":null,"fee":null,"contact:phone":null,"contact:fax":null,"contact:email":null,"addr:country":null,"local_ref":null,"natural":null,"wikipedia":null,"operator:type":null,"capacity":null,"building:levels":null,"addr:city":"Kota Bogor","wikidata":null,"jenjang":null,"alt_name":null,"addr:street":null,"addr:housenumber":null,"addr:housename":null,"name":"SMK Negeri 3 Bogor","addr:full":null,"barrier":null},"geometry":{"type":"Point","coordinates":[106.8066,-6.5832]}},
{"type":"Feature","properties":{"full_id":"n13438936459","osm_id":"13438936459","osm_type":"node","amenity":"school","ref":"70005573","education":"school","addr:subdistrict":"Babakan","addr:province":null,"addr:district":"Bogor Tengah","swing_gate:type":null,"entrance":null,"religion":null,"grades":null,"email":null,"phone":null,"name:en":null,"wheelchair":null,"building:structure":null,"building:roof":null,"building:material":null,"building:condition":null,"access:roof":null,"building":null,"operator":"Swasta","opening_hours":null,"addr:postcode":null,"school:type_idn":null,"nspn":null,"isced:level":null,"website":null,"school":null,"fee":null,"contact:phone":null,"contact:fax":null,"contact:email":null,"addr:country":null,"local_ref":null,"natural":null,"wikipedia":null,"operator:type":null,"capacity":null,"building:levels":null,"addr:city":"Kota Bogor","wikidata":null,"jenjang":null,"alt_name":null,"addr:street":null,"addr:housenumber":null,"addr:housename":null,"name":"SMP Dian Harapan","addr:full":null,"barrier":null},"geometry":{"type":"Point","coordinates":[106.804845,-6.5955284]}},
{"type":"Feature","properties":{"full_id":"n13438936544","osm_id":"13438936544","osm_type":"node","amenity":"school","ref":"20220389","education":"school","addr:subdistrict":"Rangga Mekar","addr:province":null,"addr:district":"Bogor Selatan","swing_gate:type":null,"entrance":null,"religion":null,"grades":null,"email":null,"phone":null,"name:en":null,"wheelchair":null,"building:structure":null,"building:roof":null,"building:material":null,"building:condition":null,"access:roof":null,"building":null,"operator":"Negeri","opening_hours":null,"addr:postcode":null,"school:type_idn":null,"nspn":null,"isced:level":null,"website":null,"school":null,"fee":null,"contact:phone":null,"contact:fax":null,"contact:email":null,"addr:country":null,"local_ref":null,"natural":null,"wikipedia":null,"operator:type":null,"capacity":null,"building:levels":null,"addr:city":"Kota Bogor","wikidata":null,"jenjang":null,"alt_name":null,"addr:street":null,"addr:housenumber":null,"addr:housename":null,"name":"SMP Negeri 13 Bogor","addr:full":null,"barrier":null},"geometry":{"type":"Point","coordinates":[106.8026,-6.6329]}},
{"type":"Feature","properties":{"full_id":"n13438936543","osm_id":"13438936543","osm_type":"node","amenity":"school","ref":"20220436","education":"school","addr:subdistrict":"Rangga Mekar","addr:province":null,"addr:district":"Bogor Selatan","swing_gate:type":null,"entrance":null,"religion":null,"grades":null,"email":null,"phone":null,"name:en":null,"wheelchair":null,"building:structure":null,"building:roof":null,"building:material":null,"building:condition":null,"access:roof":null,"building":null,"operator":"Negeri","opening_hours":null,"addr:postcode":null,"school:type_idn":null,"nspn":null,"isced:level":null,"website":null,"school":null,"fee":null,"contact:phone":null,"contact:fax":null,"contact:email":null,"addr:country":null,"local_ref":null,"natural":null,"wikipedia":null,"operator:type":null,"capacity":null,"building:levels":null,"addr:city":"Kota Bogor","wikidata":null,"jenjang":null,"alt_name":null,"addr:street":null,"addr:housenumber":null,"addr:housename":null,"name":"SD Negeri Pamoyanan 1","addr:full":null,"barrier":null},"geometry":{"type":"Point","coordinates":[106.805065,-6.628257]}},
{"type":"Feature","properties":{"full_id":"n13438936542","osm_id":"13438936542","osm_type":"node","amenity":"school","ref":"20238454","education":"school","addr:subdistrict":"Rangga Mekar","addr:province":null,"addr:district":"Bogor Selatan","swing_gate:type":null,"entrance":null,"religion":null,"grades":null,"email":null,"phone":null,"name:en":null,"wheelchair":null,"building:structure":null,"building:roof":null,"building:material":null,"building:condition":null,"access:roof":null,"building":null,"operator":"Negeri","opening_hours":null,"addr:postcode":null,"school:type_idn":null,"nspn":null,"isced:level":null,"website":null,"school":null,"fee":null,"contact:phone":null,"contact:fax":null,"contact:email":null,"addr:country":null,"local_ref":null,"natural":null,"wikipedia":null,"operator:type":null,"capacity":null,"building:levels":null,"addr:city":"Kota Bogor","wikidata":null,"jenjang":null,"alt_name":null,"addr:street":null,"addr:housenumber":null,"addr:housename":null,"name":"SD Negeri Rangga Mekar","addr:full":null,"barrier":null},"geometry":{"type":"Point","coordinates":[106.7996117,-6.6201517]}},
{"type":"Feature","properties":{"full_id":"n13438936533","osm_id":"13438936533","osm_type":"node","amenity":"school","ref":"20254347","education":"school","addr:subdistrict":"Rancamaya","addr:province":null,"addr:district":"Bogor Selatan","swing_gate:type":null,"entrance":null,"religion":null,"grades":null,"email":null,"phone":null,"name:en":null,"wheelchair":null,"building:structure":null,"building:roof":null,"building:material":null,"building:condition":null,"access:roof":null,"building":null,"operator":"Negeri","opening_hours":null,"addr:postcode":null,"school:type_idn":null,"nspn":null,"isced:level":null,"website":null,"school":null,"fee":null,"contact:phone":null,"contact:fax":null,"contact:email":null,"addr:country":null,"local_ref":null,"natural":null,"wikipedia":null,"operator:type":null,"capacity":null,"building:levels":null,"addr:city":"Kota Bogor","wikidata":null,"jenjang":null,"alt_name":null,"addr:street":null,"addr:housenumber":null,"addr:housename":null,"name":"SD Negeri Rancamaya 2","addr:full":null,"barrier":null},"geometry":{"type":"Point","coordinates":[106.8304133,-6.6752283]}},
{"type":"Feature","properties":{"full_id":"n13438936548","osm_id":"13438936548","osm_type":"node","amenity":"school","ref":"20235830","education":"school","addr:subdistrict":"Rangga Mekar","addr:province":null,"addr:district":"Bogor Selatan","swing_gate:type":null,"entrance":null,"religion":null,"grades":null,"email":null,"phone":null,"name:en":null,"wheelchair":null,"building:structure":null,"building:roof":null,"building:material":null,"building:condition":null,"access:roof":null,"building":null,"operator":"Swasta","opening_hours":null,"addr:postcode":null,"school:type_idn":null,"nspn":null,"isced:level":null,"website":null,"school":null,"fee":null,"contact:phone":null,"contact:fax":null,"contact:email":null,"addr:country":null,"local_ref":null,"natural":null,"wikipedia":null,"operator:type":null,"capacity":null,"building:levels":null,"addr:city":"Kota Bogor","wikidata":null,"jenjang":null,"alt_name":null,"addr:street":null,"addr:housenumber":null,"addr:housename":null,"name":"SMKS 2 Grafika Dasa Semesta Bogor","addr:full":null,"barrier":null},"geometry":{"type":"Point","coordinates":[106.8058367,-6.6321083]}},
{"type":"Feature","properties":{"full_id":"n13438936547","osm_id":"13438936547","osm_type":"node","amenity":"school","ref":"20220418","education":"school","addr:subdistrict":"Rangga Mekar","addr:province":null,"addr:district":"Bogor Selatan","swing_gate:type":null,"entrance":null,"religion":null,"grades":null,"email":null,"phone":null,"name:en":null,"wheelchair":null,"building:structure":null,"building:roof":null,"building:material":null,"building:condition":null,"access:roof":null,"building":null,"operator":"Swasta","opening_hours":null,"addr:postcode":null,"school:type_idn":null,"nspn":null,"isced:level":null,"website":null,"school":null,"fee":null,"contact:phone":null,"contact:fax":null,"contact:email":null,"addr:country":null,"local_ref":null,"natural":null,"wikipedia":null,"operator:type":null,"capacity":null,"building:levels":null,"addr:city":"Kota Bogor","wikidata":null,"jenjang":null,"alt_name":null,"addr:street":null,"addr:housenumber":null,"addr:housename":null,"name":"SMP PGRI 11","addr:full":null,"barrier":null},"geometry":{"type":"Point","coordinates":[106.7998367,-6.619975]}},
{"type":"Feature","properties":{"full_id":"n13438936546","osm_id":"13438936546","osm_type":"node","amenity":"school","ref":"20220602","education":"school","addr:subdistrict":"Rangga Mekar","addr:province":null,"addr:district":"Bogor Selatan","swing_gate:type":null,"entrance":null,"religion":null,"grades":null,"email":null,"phone":null,"name:en":null,"wheelchair":null,"building:structure":null,"building:roof":null,"building:material":null,"building:condition":null,"access:roof":null,"building":null,"operator":"Negeri","opening_hours":null,"addr:postcode":null,"school:type_idn":null,"nspn":null,"isced:level":null,"website":null,"school":null,"fee":null,"contact:phone":null,"contact:fax":null,"contact:email":null,"addr:country":null,"local_ref":null,"natural":null,"wikipedia":null,"operator:type":null,"capacity":null,"building:levels":null,"addr:city":"Kota Bogor","wikidata":null,"jenjang":null,"alt_name":null,"addr:street":null,"addr:housenumber":null,"addr:housename":null,"name":"SD Negeri Pamoyanan 3","addr:full":null,"barrier":null},"geometry":{"type":"Point","coordinates":[106.7994617,-6.6216467]}},
{"type":"Feature","properties":{"full_id":"n13438936545","osm_id":"13438936545","osm_type":"node","amenity":"school","ref":"20238491;20220280","education":"school","addr:subdistrict":"Rangga Mekar","addr:province":null,"addr:district":"Bogor Selatan","swing_gate:type":null,"entrance":null,"religion":null,"grades":null,"email":null,"phone":null,"name:en":null,"wheelchair":null,"building:structure":null,"building:roof":null,"building:material":null,"building:condition":null,"access:roof":null,"building":null,"operator":"Swasta","opening_hours":null,"addr:postcode":null,"school:type_idn":null,"nspn":null,"isced:level":null,"website":null,"school":null,"fee":null,"contact:phone":null,"contact:fax":null,"contact:email":null,"addr:country":null,"local_ref":null,"natural":null,"wikipedia":null,"operator:type":null,"capacity":null,"building:levels":null,"addr:city":"Kota Bogor","wikidata":null,"jenjang":null,"alt_name":null,"addr:street":null,"addr:housenumber":null,"addr:housename":null,"name":"SMKS 1 Dasa Semesta Bogor;SMP Dasa Semesta","addr:full":null,"barrier":null},"geometry":{"type":"Point","coordinates":[106.8054,-6.6318]}},
{"type":"Feature","properties":{"full_id":"n13438936552","osm_id":"13438936552","osm_type":"node","amenity":"school","ref":"20220084","education":"school","addr:subdistrict":"Pasir Kuda","addr:province":null,"addr:district":"Bogor Barat","swing_gate:type":null,"entrance":null,"religion":null,"grades":null,"email":null,"phone":null,"name:en":null,"wheelchair":null,"building:structure":null,"building:roof":null,"building:material":null,"building:condition":null,"access:roof":null,"building":null,"operator":"Negeri","opening_hours":null,"addr:postcode":null,"school:type_idn":null,"nspn":null,"isced:level":null,"website":null,"school":null,"fee":null,"contact:phone":null,"contact:fax":null,"contact:email":null,"addr:country":null,"local_ref":null,"natural":null,"wikipedia":null,"operator:type":null,"capacity":null,"building:levels":null,"addr:city":"Kota Bogor","wikidata":null,"jenjang":null,"alt_name":null,"addr:street":null,"addr:housenumber":null,"addr:housename":null,"name":"SD Negeri Cibalagung 4","addr:full":null,"barrier":null},"geometry":{"type":"Point","coordinates":[106.7846,-6.6027]}},
{"type":"Feature","properties":{"full_id":"n13438936551","osm_id":"13438936551","osm_type":"node","amenity":"school","ref":"20220083;20220072","education":"school","addr:subdistrict":"Pasir Kuda","addr:province":null,"addr:district":"Bogor Barat","swing_gate:type":null,"entrance":null,"religion":null,"grades":null,"email":null,"phone":null,"name:en":null,"wheelchair":null,"building:structure":null,"building:roof":null,"building:material":null,"building:condition":null,"access:roof":null,"building":null,"operator":"Negeri","opening_hours":null,"addr:postcode":null,"school:type_idn":null,"nspn":null,"isced:level":null,"website":null,"school":null,"fee":null,"contact:phone":null,"contact:fax":null,"contact:email":null,"addr:country":null,"local_ref":null,"natural":null,"wikipedia":null,"operator:type":null,"capacity":null,"building:levels":null,"addr:city":"Kota Bogor","wikidata":null,"jenjang":null,"alt_name":null,"addr:street":null,"addr:housenumber":null,"addr:housename":null,"name":"SD Negeri Cibalagung 3;SD Negeri Cibalagung 2","addr:full":null,"barrier":null},"geometry":{"type":"Point","coordinates":[106.7848,-6.6029]}},
{"type":"Feature","properties":{"full_id":"n13438936550","osm_id":"13438936550","osm_type":"node","amenity":"school","ref":"69952171","education":"school","addr:subdistrict":"Pasir Kuda","addr:province":null,"addr:district":"Bogor Barat","swing_gate:type":null,"entrance":null,"religion":null,"grades":null,"email":null,"phone":null,"name:en":null,"wheelchair":null,"building:structure":null,"building:roof":null,"building:material":null,"building:condition":null,"access:roof":null,"building":null,"operator":"Swasta","opening_hours":null,"addr:postcode":null,"school:type_idn":null,"nspn":null,"isced:level":null,"website":null,"school":null,"fee":null,"contact:phone":null,"contact:fax":null,"contact:email":null,"addr:country":null,"local_ref":null,"natural":null,"wikipedia":null,"operator:type":null,"capacity":null,"building:levels":null,"addr:city":"Kota Bogor","wikidata":null,"jenjang":null,"alt_name":null,"addr:street":null,"addr:housenumber":null,"addr:housename":null,"name":"SMK Bhakti Taruna 4 Bogor","addr:full":null,"barrier":null},"geometry":{"type":"Point","coordinates":[106.7858586,-6.6049656]}},
{"type":"Feature","properties":{"full_id":"n13438936549","osm_id":"13438936549","osm_type":"node","amenity":"school","ref":"69883219","education":"school","addr:subdistrict":"Rangga Mekar","addr:province":null,"addr:district":"Bogor Selatan","swing_gate:type":null,"entrance":null,"religion":null,"grades":null,"email":null,"phone":null,"name:en":null,"wheelchair":null,"building:structure":null,"building:roof":null,"building:material":null,"building:condition":null,"access:roof":null,"building":null,"operator":"Swasta","opening_hours":null,"addr:postcode":null,"school:type_idn":null,"nspn":null,"isced:level":null,"website":null,"school":null,"fee":null,"contact:phone":null,"contact:fax":null,"contact:email":null,"addr:country":null,"local_ref":null,"natural":null,"wikipedia":null,"operator:type":null,"capacity":null,"building:levels":null,"addr:city":"Kota Bogor","wikidata":null,"jenjang":null,"alt_name":null,"addr:street":null,"addr:housenumber":null,"addr:housename":null,"name":"SMA Dasa Semesta","addr:full":null,"barrier":null},"geometry":{"type":"Point","coordinates":[106.8054467,-6.631905]}},
{"type":"Feature","properties":{"full_id":"n13438936556","osm_id":"13438936556","osm_type":"node","amenity":"school","ref":"20220071","education":"school","addr:subdistrict":"Pasir Kuda","addr:province":null,"addr:district":"Bogor Barat","swing_gate:type":null,"entrance":null,"religion":null,"grades":null,"email":null,"phone":null,"name:en":null,"wheelchair":null,"building:structure":null,"building:roof":null,"building:material":null,"building:condition":null,"access:roof":null,"building":null,"operator":"Negeri","opening_hours":null,"addr:postcode":null,"school:type_idn":null,"nspn":null,"isced:level":null,"website":null,"school":null,"fee":null,"contact:phone":null,"contact:fax":null,"contact:email":null,"addr:country":null,"local_ref":null,"natural":null,"wikipedia":null,"operator:type":null,"capacity":null,"building:levels":null,"addr:city":"Kota Bogor","wikidata":null,"jenjang":null,"alt_name":null,"addr:street":null,"addr:housenumber":null,"addr:housename":null,"name":"SD Negeri Cibalagung 1","addr:full":null,"barrier":null},"geometry":{"type":"Point","coordinates":[106.7847,-6.6028]}},
{"type":"Feature","properties":{"full_id":"n13438936555","osm_id":"13438936555","osm_type":"node","amenity":"school","ref":"20238487","education":"school","addr:subdistrict":"Pasir Kuda","addr:province":null,"addr:district":"Bogor Barat","swing_gate:type":null,"entrance":null,"religion":null,"grades":null,"email":null,"phone":null,"name:en":null,"wheelchair":null,"building:structure":null,"building:roof":null,"building:material":null,"building:condition":null,"access:roof":null,"building":null,"operator":"Swasta","opening_hours":null,"addr:postcode":null,"school:type_idn":null,"nspn":null,"isced:level":null,"website":null,"school":null,"fee":null,"contact:phone":null,"contact:fax":null,"contact:email":null,"addr:country":null,"local_ref":null,"natural":null,"wikipedia":null,"operator:type":null,"capacity":null,"building:levels":null,"addr:city":"Kota Bogor","wikidata":null,"jenjang":null,"alt_name":null,"addr:street":null,"addr:housenumber":null,"addr:housename":null,"name":"SMP Bhakti Taruna 2","addr:full":null,"barrier":null},"geometry":{"type":"Point","coordinates":[106.7922,-6.61]}},
{"type":"Feature","properties":{"full_id":"n13438936554","osm_id":"13438936554","osm_type":"node","amenity":"school","ref":"20219974","education":"school","addr:subdistrict":"Pasir Kuda","addr:province":null,"addr:district":"Bogor Barat","swing_gate:type":null,"entrance":null,"religion":null,"grades":null,"email":null,"phone":null,"name:en":null,"wheelchair":null,"building:structure":null,"building:roof":null,"building:material":null,"building:condition":null,"access:roof":null,"building":null,"operator":"Swasta","opening_hours":null,"addr:postcode":null,"school:type_idn":null,"nspn":null,"isced:level":null,"website":null,"school":null,"fee":null,"contact:phone":null,"contact:fax":null,"contact:email":null,"addr:country":null,"local_ref":null,"natural":null,"wikipedia":null,"operator:type":null,"capacity":null,"building:levels":null,"addr:city":"Kota Bogor","wikidata":null,"jenjang":null,"alt_name":null,"addr:street":null,"addr:housenumber":null,"addr:housename":null,"name":"SDI Al Mustarih","addr:full":null,"barrier":null},"geometry":{"type":"Point","coordinates":[106.7859,-6.6035]}},
{"type":"Feature","properties":{"full_id":"n13438936553","osm_id":"13438936553","osm_type":"node","amenity":"school","ref":"20220085","education":"school","addr:subdistrict":"Pasir Kuda","addr:province":null,"addr:district":"Bogor Barat","swing_gate:type":null,"entrance":null,"religion":null,"grades":null,"email":null,"phone":null,"name:en":null,"wheelchair":null,"building:structure":null,"building:roof":null,"building:material":null,"building:condition":null,"access:roof":null,"building":null,"operator":"Negeri","opening_hours":null,"addr:postcode":null,"school:type_idn":null,"nspn":null,"isced:level":null,"website":null,"school":null,"fee":null,"contact:phone":null,"contact:fax":null,"contact:email":null,"addr:country":null,"local_ref":null,"natural":null,"wikipedia":null,"operator:type":null,"capacity":null,"building:levels":null,"addr:city":"Kota Bogor","wikidata":null,"jenjang":null,"alt_name":null,"addr:street":null,"addr:housenumber":null,"addr:housename":null,"name":"SD Negeri Cibalagung 5","addr:full":null,"barrier":null},"geometry":{"type":"Point","coordinates":[106.7861,-6.6036]}},
{"type":"Feature","properties":{"full_id":"n13438936561","osm_id":"13438936561","osm_type":"node","amenity":"school","ref":"20220601","education":"school","addr:subdistrict":"Pasir Mulya","addr:province":null,"addr:district":"Bogor Barat","swing_gate:type":null,"entrance":null,"religion":null,"grades":null,"email":null,"phone":null,"name:en":null,"wheelchair":null,"building:structure":null,"building:roof":null,"building:material":null,"building:condition":null,"access:roof":null,"building":null,"operator":"Negeri","opening_hours":null,"addr:postcode":null,"school:type_idn":null,"nspn":null,"isced:level":null,"website":null,"school":null,"fee":null,"contact:phone":null,"contact:fax":null,"contact:email":null,"addr:country":null,"local_ref":null,"natural":null,"wikipedia":null,"operator:type":null,"capacity":null,"building:levels":null,"addr:city":"Kota Bogor","wikidata":null,"jenjang":null,"alt_name":null,"addr:street":null,"addr:housenumber":null,"addr:housename":null,"name":"SD Negeri Selakopi","addr:full":null,"barrier":null},"geometry":{"type":"Point","coordinates":[106.7732,-6.598]}},
{"type":"Feature","properties":{"full_id":"n13438936560","osm_id":"13438936560","osm_type":"node","amenity":"school","ref":"20220368","education":"school","addr:subdistrict":"Pasir Mulya","addr:province":null,"addr:district":"Bogor Barat","swing_gate:type":null,"entrance":null,"religion":null,"grades":null,"email":null,"phone":null,"name:en":null,"wheelchair":null,"building:structure":null,"building:roof":null,"building:material":null,"building:condition":null,"access:roof":null,"building":null,"operator":"Swasta","opening_hours":null,"addr:postcode":null,"school:type_idn":null,"nspn":null,"isced:level":null,"website":null,"school":null,"fee":null,"contact:phone":null,"contact:fax":null,"contact:email":null,"addr:country":null,"local_ref":null,"natural":null,"wikipedia":null,"operator:type":null,"capacity":null,"building:levels":null,"addr:city":"Kota Bogor","wikidata":null,"jenjang":null,"alt_name":null,"addr:street":null,"addr:housenumber":null,"addr:housename":null,"name":"SMP Rimba Teruna","addr:full":null,"barrier":null},"geometry":{"type":"Point","coordinates":[106.776,-6.6009]}},
{"type":"Feature","properties":{"full_id":"n13438936558","osm_id":"13438936558","osm_type":"node","amenity":"school","ref":"70005524","education":"school","addr:subdistrict":"Pasir Kuda","addr:province":null,"addr:district":"Bogor Barat","swing_gate:type":null,"entrance":null,"religion":null,"grades":null,"email":null,"phone":null,"name:en":null,"wheelchair":null,"building:structure":null,"building:roof":null,"building:material":null,"building:condition":null,"access:roof":null,"building":null,"operator":"Swasta","opening_hours":null,"addr:postcode":null,"school:type_idn":null,"nspn":null,"isced:level":null,"website":null,"school":null,"fee":null,"contact:phone":null,"contact:fax":null,"contact:email":null,"addr:country":null,"local_ref":null,"natural":null,"wikipedia":null,"operator:type":null,"capacity":null,"building:levels":null,"addr:city":"Kota Bogor","wikidata":null,"jenjang":null,"alt_name":null,"addr:street":null,"addr:housenumber":null,"addr:housename":null,"name":"SMP Bina Karya Kreatif","addr:full":null,"barrier":null},"geometry":{"type":"Point","coordinates":[106.7812,-6.6018]}},
{"type":"Feature","properties":{"full_id":"n13438936557","osm_id":"13438936557","osm_type":"node","amenity":"school","ref":"20220402","education":"school","addr:subdistrict":"Pasir Kuda","addr:province":null,"addr:district":"Bogor Barat","swing_gate:type":null,"entrance":null,"religion":null,"grades":null,"email":null,"phone":null,"name:en":null,"wheelchair":null,"building:structure":null,"building:roof":null,"building:material":null,"building:condition":null,"access:roof":null,"building":null,"operator":"Swasta","opening_hours":null,"addr:postcode":null,"school:type_idn":null,"nspn":null,"isced:level":null,"website":null,"school":null,"fee":null,"contact:phone":null,"contact:fax":null,"contact:email":null,"addr:country":null,"local_ref":null,"natural":null,"wikipedia":null,"operator:type":null,"capacity":null,"building:levels":null,"addr:city":"Kota Bogor","wikidata":null,"jenjang":null,"alt_name":null,"addr:street":null,"addr:housenumber":null,"addr:housename":null,"name":"SMP Islam Almustarih","addr:full":null,"barrier":null},"geometry":{"type":"Point","coordinates":[106.7855,-6.6034]}},
{"type":"Feature","properties":{"full_id":"n13438936580","osm_id":"13438936580","osm_type":"node","amenity":"school","ref":"20220576","education":"school","addr:subdistrict":"Panaragan","addr:province":null,"addr:district":"Bogor Tengah","swing_gate:type":null,"entrance":null,"religion":null,"grades":null,"email":null,"phone":null,"name:en":null,"wheelchair":null,"building:structure":null,"building:roof":null,"building:material":null,"building:condition":null,"access:roof":null,"building":null,"operator":"Negeri","opening_hours":null,"addr:postcode":null,"school:type_idn":null,"nspn":null,"isced:level":null,"website":null,"school":null,"fee":null,"contact:phone":null,"contact:fax":null,"contact:email":null,"addr:country":null,"local_ref":null,"natural":null,"wikipedia":null,"operator:type":null,"capacity":null,"building:levels":null,"addr:city":"Kota Bogor","wikidata":null,"jenjang":null,"alt_name":null,"addr:street":null,"addr:housenumber":null,"addr:housename":null,"name":"SD Negeri Panaragan 3 Bogor","addr:full":null,"barrier":null},"geometry":{"type":"Point","coordinates":[106.7866,-6.5958]}},
{"type":"Feature","properties":{"full_id":"n13438936565","osm_id":"13438936565","osm_type":"node","amenity":"school","ref":"20254295;20220303","education":"school","addr:subdistrict":"Pasir Mulya","addr:province":null,"addr:district":"Bogor Barat","swing_gate:type":null,"entrance":null,"religion":null,"grades":null,"email":null,"phone":null,"name:en":null,"wheelchair":null,"building:structure":null,"building:roof":null,"building:material":null,"building:condition":null,"access:roof":null,"building":null,"operator":"Swasta","opening_hours":null,"addr:postcode":null,"school:type_idn":null,"nspn":null,"isced:level":null,"website":null,"school":null,"fee":null,"contact:phone":null,"contact:fax":null,"contact:email":null,"addr:country":null,"local_ref":null,"natural":null,"wikipedia":null,"operator:type":null,"capacity":null,"building:levels":null,"addr:city":"Kota Bogor","wikidata":null,"jenjang":null,"alt_name":null,"addr:street":null,"addr:housenumber":null,"addr:housename":null,"name":"SMKS Taruna Bangsa 2 Bogor;SMP Taruna Bangsa","addr:full":null,"barrier":null},"geometry":{"type":"Point","coordinates":[106.775,-6.5984]}},
{"type":"Feature","properties":{"full_id":"n13438936564","osm_id":"13438936564","osm_type":"node","amenity":"school","ref":"20230482","education":"school","addr:subdistrict":"Pasir Mulya","addr:province":null,"addr:district":"Bogor Barat","swing_gate:type":null,"entrance":null,"religion":null,"grades":null,"email":null,"phone":null,"name:en":null,"wheelchair":null,"building:structure":null,"building:roof":null,"building:material":null,"building:condition":null,"access:roof":null,"building":null,"operator":"Negeri","opening_hours":null,"addr:postcode":null,"school:type_idn":null,"nspn":null,"isced:level":null,"website":null,"school":null,"fee":null,"contact:phone":null,"contact:fax":null,"contact:email":null,"addr:country":null,"local_ref":null,"natural":null,"wikipedia":null,"operator:type":null,"capacity":null,"building:levels":null,"addr:city":"Kota Bogor","wikidata":null,"jenjang":null,"alt_name":null,"addr:street":null,"addr:housenumber":null,"addr:housename":null,"name":"SD Negeri Ciomas 04","addr:full":null,"barrier":null},"geometry":{"type":"Point","coordinates":[106.7731,-6.6009]}},
{"type":"Feature","properties":{"full_id":"n13438936563","osm_id":"13438936563","osm_type":"node","amenity":"school","ref":"20220344","education":"school","addr:subdistrict":"Pasir Mulya","addr:province":null,"addr:district":"Bogor Barat","swing_gate:type":null,"entrance":null,"religion":null,"grades":null,"email":null,"phone":null,"name:en":null,"wheelchair":null,"building:structure":null,"building:roof":null,"building:material":null,"building:condition":null,"access:roof":null,"building":null,"operator":"Swasta","opening_hours":null,"addr:postcode":null,"school:type_idn":null,"nspn":null,"isced:level":null,"website":null,"school":null,"fee":null,"contact:phone":null,"contact:fax":null,"contact:email":null,"addr:country":null,"local_ref":null,"natural":null,"wikipedia":null,"operator:type":null,"capacity":null,"building:levels":null,"addr:city":"Kota Bogor","wikidata":null,"jenjang":null,"alt_name":null,"addr:street":null,"addr:housenumber":null,"addr:housename":null,"name":"SMAS Rimba Madya","addr:full":null,"barrier":null},"geometry":{"type":"Point","coordinates":[106.7759,-6.6008]}},
{"type":"Feature","properties":{"full_id":"n13438936593","osm_id":"13438936593","osm_type":"node","amenity":"school","ref":"20220401","education":"school","addr:subdistrict":"Pasir Jaya","addr:province":null,"addr:district":"Bogor Barat","swing_gate:type":null,"entrance":null,"religion":null,"grades":null,"email":null,"phone":null,"name:en":null,"wheelchair":null,"building:structure":null,"building:roof":null,"building:material":null,"building:condition":null,"access:roof":null,"building":null,"operator":"Swasta","opening_hours":null,"addr:postcode":null,"school:type_idn":null,"nspn":null,"isced:level":null,"website":null,"school":null,"fee":null,"contact:phone":null,"contact:fax":null,"contact:email":null,"addr:country":null,"local_ref":null,"natural":null,"wikipedia":null,"operator:type":null,"capacity":null,"building:levels":null,"addr:city":"Kota Bogor","wikidata":null,"jenjang":null,"alt_name":null,"addr:street":null,"addr:housenumber":null,"addr:housename":null,"name":"SMP Insan Kamil","addr:full":null,"barrier":null},"geometry":{"type":"Point","coordinates":[106.7836,-6.6007]}},
{"type":"Feature","properties":{"full_id":"n13438936583","osm_id":"13438936583","osm_type":"node","amenity":"school","ref":"20220575","education":"school","addr:subdistrict":"Panaragan","addr:province":null,"addr:district":"Bogor Tengah","swing_gate:type":null,"entrance":null,"religion":null,"grades":null,"email":null,"phone":null,"name:en":null,"wheelchair":null,"building:structure":null,"building:roof":null,"building:material":null,"building:condition":null,"access:roof":null,"building":null,"operator":"Negeri","opening_hours":null,"addr:postcode":null,"school:type_idn":null,"nspn":null,"isced:level":null,"website":null,"school":null,"fee":null,"contact:phone":null,"contact:fax":null,"contact:email":null,"addr:country":null,"local_ref":null,"natural":null,"wikipedia":null,"operator:type":null,"capacity":null,"building:levels":null,"addr:city":"Kota Bogor","wikidata":null,"jenjang":null,"alt_name":null,"addr:street":null,"addr:housenumber":null,"addr:housename":null,"name":"SD Negeri Panaragan 2","addr:full":null,"barrier":null},"geometry":{"type":"Point","coordinates":[106.7864,-6.596]}},
{"type":"Feature","properties":{"full_id":"n13438936582","osm_id":"13438936582","osm_type":"node","amenity":"school","ref":"20220574","education":"school","addr:subdistrict":"Panaragan","addr:province":null,"addr:district":"Bogor Tengah","swing_gate:type":null,"entrance":null,"religion":null,"grades":null,"email":null,"phone":null,"name:en":null,"wheelchair":null,"building:structure":null,"building:roof":null,"building:material":null,"building:condition":null,"access:roof":null,"building":null,"operator":"Negeri","opening_hours":null,"addr:postcode":null,"school:type_idn":null,"nspn":null,"isced:level":null,"website":null,"school":null,"fee":null,"contact:phone":null,"contact:fax":null,"contact:email":null,"addr:country":null,"local_ref":null,"natural":null,"wikipedia":null,"operator:type":null,"capacity":null,"building:levels":null,"addr:city":"Kota Bogor","wikidata":null,"jenjang":null,"alt_name":null,"addr:street":null,"addr:housenumber":null,"addr:housename":null,"name":"SD Negeri Panaragan 1","addr:full":null,"barrier":null},"geometry":{"type":"Point","coordinates":[106.7865,-6.5959]}},
{"type":"Feature","properties":{"full_id":"n13438936581","osm_id":"13438936581","osm_type":"node","amenity":"school","ref":"20220577","education":"school","addr:subdistrict":"Panaragan","addr:province":null,"addr:district":"Bogor Tengah","swing_gate:type":null,"entrance":null,"religion":null,"grades":null,"email":null,"phone":null,"name:en":null,"wheelchair":null,"building:structure":null,"building:roof":null,"building:material":null,"building:condition":null,"access:roof":null,"building":null,"operator":"Negeri","opening_hours":null,"addr:postcode":null,"school:type_idn":null,"nspn":null,"isced:level":null,"website":null,"school":null,"fee":null,"contact:phone":null,"contact:fax":null,"contact:email":null,"addr:country":null,"local_ref":null,"natural":null,"wikipedia":null,"operator:type":null,"capacity":null,"building:levels":null,"addr:city":"Kota Bogor","wikidata":null,"jenjang":null,"alt_name":null,"addr:street":null,"addr:housenumber":null,"addr:housename":null,"name":"SD Negeri Panaragan Kidul Bogor","addr:full":null,"barrier":null},"geometry":{"type":"Point","coordinates":[106.7844,-6.5973]}},
{"type":"Feature","properties":{"full_id":"n13438936603","osm_id":"13438936603","osm_type":"node","amenity":"school","ref":"20220342","education":"school","addr:subdistrict":"Paledang","addr:province":null,"addr:district":"Bogor Tengah","swing_gate:type":null,"entrance":null,"religion":null,"grades":null,"email":null,"phone":null,"name:en":null,"wheelchair":null,"building:structure":null,"building:roof":null,"building:material":null,"building:condition":null,"access:roof":null,"building":null,"operator":"Negeri","opening_hours":null,"addr:postcode":null,"school:type_idn":null,"nspn":null,"isced:level":null,"website":null,"school":null,"fee":null,"contact:phone":null,"contact:fax":null,"contact:email":null,"addr:country":null,"local_ref":null,"natural":null,"wikipedia":null,"operator:type":null,"capacity":null,"building:levels":null,"addr:city":"Kota Bogor","wikidata":null,"jenjang":null,"alt_name":null,"addr:street":null,"addr:housenumber":null,"addr:housename":null,"name":"SMA Negeri 1 Bogor","addr:full":null,"barrier":null},"geometry":{"type":"Point","coordinates":[106.7933,-6.5974]}},
{"type":"Feature","properties":{"full_id":"n13438936596","osm_id":"13438936596","osm_type":"node","amenity":"school","ref":"20220327","education":"school","addr:subdistrict":"Pasir Jaya","addr:province":null,"addr:district":"Bogor Barat","swing_gate:type":null,"entrance":null,"religion":null,"grades":null,"email":null,"phone":null,"name:en":null,"wheelchair":null,"building:structure":null,"building:roof":null,"building:material":null,"building:condition":null,"access:roof":null,"building":null,"operator":"Swasta","opening_hours":null,"addr:postcode":null,"school:type_idn":null,"nspn":null,"isced:level":null,"website":null,"school":null,"fee":null,"contact:phone":null,"contact:fax":null,"contact:email":null,"addr:country":null,"local_ref":null,"natural":null,"wikipedia":null,"operator:type":null,"capacity":null,"building:levels":null,"addr:city":"Kota Bogor","wikidata":null,"jenjang":null,"alt_name":null,"addr:street":null,"addr:housenumber":null,"addr:housename":null,"name":"SMAS Insan Kamil","addr:full":null,"barrier":null},"geometry":{"type":"Point","coordinates":[106.7829,-6.601]}},
{"type":"Feature","properties":{"full_id":"n13438936595","osm_id":"13438936595","osm_type":"node","amenity":"school","ref":"20238531","education":"school","addr:subdistrict":"Pasir Jaya","addr:province":null,"addr:district":"Bogor Barat","swing_gate:type":null,"entrance":null,"religion":null,"grades":null,"email":null,"phone":null,"name:en":null,"wheelchair":null,"building:structure":null,"building:roof":null,"building:material":null,"building:condition":null,"access:roof":null,"building":null,"operator":"Swasta","opening_hours":null,"addr:postcode":null,"school:type_idn":null,"nspn":null,"isced:level":null,"website":null,"school":null,"fee":null,"contact:phone":null,"contact:fax":null,"contact:email":null,"addr:country":null,"local_ref":null,"natural":null,"wikipedia":null,"operator:type":null,"capacity":null,"building:levels":null,"addr:city":"Kota Bogor","wikidata":null,"jenjang":null,"alt_name":null,"addr:street":null,"addr:housenumber":null,"addr:housename":null,"name":"SMKS Infokom Bogor","addr:full":null,"barrier":null},"geometry":{"type":"Point","coordinates":[106.7793,-6.5973]}},
{"type":"Feature","properties":{"full_id":"n13438936594","osm_id":"13438936594","osm_type":"node","amenity":"school","ref":"69995756","education":"school","addr:subdistrict":"Pasir Jaya","addr:province":null,"addr:district":"Bogor Barat","swing_gate:type":null,"entrance":null,"religion":null,"grades":null,"email":null,"phone":null,"name:en":null,"wheelchair":null,"building:structure":null,"building:roof":null,"building:material":null,"building:condition":null,"access:roof":null,"building":null,"operator":"Swasta","opening_hours":null,"addr:postcode":null,"school:type_idn":null,"nspn":null,"isced:level":null,"website":null,"school":null,"fee":null,"contact:phone":null,"contact:fax":null,"contact:email":null,"addr:country":null,"local_ref":null,"natural":null,"wikipedia":null,"operator:type":null,"capacity":null,"building:levels":null,"addr:city":"Kota Bogor","wikidata":null,"jenjang":null,"alt_name":null,"addr:street":null,"addr:housenumber":null,"addr:housename":null,"name":"SDIT Sholahuddin","addr:full":null,"barrier":null},"geometry":{"type":"Point","coordinates":[106.7940439,-6.6172161]}},
{"type":"Feature","properties":{"full_id":"n13438936607","osm_id":"13438936607","osm_type":"node","amenity":"school","ref":"20220583","education":"school","addr:subdistrict":"Paledang","addr:province":null,"addr:district":"Bogor Tengah","swing_gate:type":null,"entrance":null,"religion":null,"grades":null,"email":null,"phone":null,"name:en":null,"wheelchair":null,"building:structure":null,"building:roof":null,"building:material":null,"building:condition":null,"access:roof":null,"building":null,"operator":"Negeri","opening_hours":null,"addr:postcode":null,"school:type_idn":null,"nspn":null,"isced:level":null,"website":null,"school":null,"fee":null,"contact:phone":null,"contact:fax":null,"contact:email":null,"addr:country":null,"local_ref":null,"natural":null,"wikipedia":null,"operator:type":null,"capacity":null,"building:levels":null,"addr:city":"Kota Bogor","wikidata":null,"jenjang":null,"alt_name":null,"addr:street":null,"addr:housenumber":null,"addr:housename":null,"name":"SD Negeri Polisi 5","addr:full":null,"barrier":null},"geometry":{"type":"Point","coordinates":[106.7912,-6.5981]}},
{"type":"Feature","properties":{"full_id":"n13438936606","osm_id":"13438936606","osm_type":"node","amenity":"school","ref":"20220582","education":"school","addr:subdistrict":"Paledang","addr:province":null,"addr:district":"Bogor Tengah","swing_gate:type":null,"entrance":null,"religion":null,"grades":null,"email":null,"phone":null,"name:en":null,"wheelchair":null,"building:structure":null,"building:roof":null,"building:material":null,"building:condition":null,"access:roof":null,"building":null,"operator":"Negeri","opening_hours":null,"addr:postcode":null,"school:type_idn":null,"nspn":null,"isced:level":null,"website":null,"school":null,"fee":null,"contact:phone":null,"contact:fax":null,"contact:email":null,"addr:country":null,"local_ref":null,"natural":null,"wikipedia":null,"operator:type":null,"capacity":null,"building:levels":null,"addr:city":"Kota Bogor","wikidata":null,"jenjang":null,"alt_name":null,"addr:street":null,"addr:housenumber":null,"addr:housename":null,"name":"SD Negeri Polisi 4","addr:full":null,"barrier":null},"geometry":{"type":"Point","coordinates":[106.7914,-6.5979]}},
{"type":"Feature","properties":{"full_id":"n13438936605","osm_id":"13438936605","osm_type":"node","amenity":"school","ref":"20220569","education":"school","addr:subdistrict":"Paledang","addr:province":null,"addr:district":"Bogor Tengah","swing_gate:type":null,"entrance":null,"religion":null,"grades":null,"email":null,"phone":null,"name:en":null,"wheelchair":null,"building:structure":null,"building:roof":null,"building:material":null,"building:condition":null,"access:roof":null,"building":null,"operator":"Negeri","opening_hours":null,"addr:postcode":null,"school:type_idn":null,"nspn":null,"isced:level":null,"website":null,"school":null,"fee":null,"contact:phone":null,"contact:fax":null,"contact:email":null,"addr:country":null,"local_ref":null,"natural":null,"wikipedia":null,"operator:type":null,"capacity":null,"building:levels":null,"addr:city":"Kota Bogor","wikidata":null,"jenjang":null,"alt_name":null,"addr:street":null,"addr:housenumber":null,"addr:housename":null,"name":"SD Negeri Polisi 1","addr:full":null,"barrier":null},"geometry":{"type":"Point","coordinates":[106.7931,-6.6012]}},
{"type":"Feature","properties":{"full_id":"n13438936604","osm_id":"13438936604","osm_type":"node","amenity":"school","ref":"20220385","education":"school","addr:subdistrict":"Paledang","addr:province":null,"addr:district":"Bogor Tengah","swing_gate:type":null,"entrance":null,"religion":null,"grades":null,"email":null,"phone":null,"name:en":null,"wheelchair":null,"building:structure":null,"building:roof":null,"building:material":null,"building:condition":null,"access:roof":null,"building":null,"operator":"Negeri","opening_hours":null,"addr:postcode":null,"school:type_idn":null,"nspn":null,"isced:level":null,"website":null,"school":null,"fee":null,"contact:phone":null,"contact:fax":null,"contact:email":null,"addr:country":null,"local_ref":null,"natural":null,"wikipedia":null,"operator:type":null,"capacity":null,"building:levels":null,"addr:city":"Kota Bogor","wikidata":null,"jenjang":null,"alt_name":null,"addr:street":null,"addr:housenumber":null,"addr:housename":null,"name":"SMP Negeri 1 Bogor","addr:full":null,"barrier":null},"geometry":{"type":"Point","coordinates":[106.7934,-6.5975]}},
{"type":"Feature","properties":{"full_id":"n13438936611","osm_id":"13438936611","osm_type":"node","amenity":"school","ref":"69896725","education":"school","addr:subdistrict":"Paledang","addr:province":null,"addr:district":"Bogor Tengah","swing_gate:type":null,"entrance":null,"religion":null,"grades":null,"email":null,"phone":null,"name:en":null,"wheelchair":null,"building:structure":null,"building:roof":null,"building:material":null,"building:condition":null,"access:roof":null,"building":null,"operator":"Swasta","opening_hours":null,"addr:postcode":null,"school:type_idn":null,"nspn":null,"isced:level":null,"website":null,"school":null,"fee":null,"contact:phone":null,"contact:fax":null,"contact:email":null,"addr:country":null,"local_ref":null,"natural":null,"wikipedia":null,"operator:type":null,"capacity":null,"building:levels":null,"addr:city":"Kota Bogor","wikidata":null,"jenjang":null,"alt_name":null,"addr:street":null,"addr:housenumber":null,"addr:housename":null,"name":"SMK Global Indonesia","addr:full":null,"barrier":null},"geometry":{"type":"Point","coordinates":[106.7927,-6.5985]}},
{"type":"Feature","properties":{"full_id":"n13438936610","osm_id":"13438936610","osm_type":"node","amenity":"school","ref":"20220404","education":"school","addr:subdistrict":"Paledang","addr:province":null,"addr:district":"Bogor Tengah","swing_gate:type":null,"entrance":null,"religion":null,"grades":null,"email":null,"phone":null,"name:en":null,"wheelchair":null,"building:structure":null,"building:roof":null,"building:material":null,"building:condition":null,"access:roof":null,"building":null,"operator":"Swasta","opening_hours":null,"addr:postcode":null,"school:type_idn":null,"nspn":null,"isced:level":null,"website":null,"school":null,"fee":null,"contact:phone":null,"contact:fax":null,"contact:email":null,"addr:country":null,"local_ref":null,"natural":null,"wikipedia":null,"operator:type":null,"capacity":null,"building:levels":null,"addr:city":"Kota Bogor","wikidata":null,"jenjang":null,"alt_name":null,"addr:street":null,"addr:housenumber":null,"addr:housename":null,"name":"SMP Bpk Penabur Bogor","addr:full":null,"barrier":null},"geometry":{"type":"Point","coordinates":[106.7919,-6.5999]}},
{"type":"Feature","properties":{"full_id":"n13438936609","osm_id":"13438936609","osm_type":"node","amenity":"school","ref":"20220325","education":"school","addr:subdistrict":"Paledang","addr:province":null,"addr:district":"Bogor Tengah","swing_gate:type":null,"entrance":null,"religion":null,"grades":null,"email":null,"phone":null,"name:en":null,"wheelchair":null,"building:structure":null,"building:roof":null,"building:material":null,"building:condition":null,"access:roof":null,"building":null,"operator":"Swasta","opening_hours":null,"addr:postcode":null,"school:type_idn":null,"nspn":null,"isced:level":null,"website":null,"school":null,"fee":null,"contact:phone":null,"contact:fax":null,"contact:email":null,"addr:country":null,"local_ref":null,"natural":null,"wikipedia":null,"operator:type":null,"capacity":null,"building:levels":null,"addr:city":"Kota Bogor","wikidata":null,"jenjang":null,"alt_name":null,"addr:street":null,"addr:housenumber":null,"addr:housename":null,"name":"SMAS Budi Mulia","addr:full":null,"barrier":null},"geometry":{"type":"Point","coordinates":[106.7931,-6.5973]}},
{"type":"Feature","properties":{"full_id":"n13438936608","osm_id":"13438936608","osm_type":"node","amenity":"school","ref":"20219973","education":"school","addr:subdistrict":"Paledang","addr:province":null,"addr:district":"Bogor Tengah","swing_gate:type":null,"entrance":null,"religion":null,"grades":null,"email":null,"phone":null,"name:en":null,"wheelchair":null,"building:structure":null,"building:roof":null,"building:material":null,"building:condition":null,"access:roof":null,"building":null,"operator":"Swasta","opening_hours":null,"addr:postcode":null,"school:type_idn":null,"nspn":null,"isced:level":null,"website":null,"school":null,"fee":null,"contact:phone":null,"contact:fax":null,"contact:email":null,"addr:country":null,"local_ref":null,"natural":null,"wikipedia":null,"operator:type":null,"capacity":null,"building:levels":null,"addr:city":"Kota Bogor","wikidata":null,"jenjang":null,"alt_name":null,"addr:street":null,"addr:housenumber":null,"addr:housename":null,"name":"SD Budi Mulia","addr:full":null,"barrier":null},"geometry":{"type":"Point","coordinates":[106.7926,-6.5974]}},
{"type":"Feature","properties":{"full_id":"n13438936615","osm_id":"13438936615","osm_type":"node","amenity":"school","ref":"20220396","education":"school","addr:subdistrict":"Paledang","addr:province":null,"addr:district":"Bogor Tengah","swing_gate:type":null,"entrance":null,"religion":null,"grades":null,"email":null,"phone":null,"name:en":null,"wheelchair":null,"building:structure":null,"building:roof":null,"building:material":null,"building:condition":null,"access:roof":null,"building":null,"operator":"Swasta","opening_hours":null,"addr:postcode":null,"school:type_idn":null,"nspn":null,"isced:level":null,"website":null,"school":null,"fee":null,"contact:phone":null,"contact:fax":null,"contact:email":null,"addr:country":null,"local_ref":null,"natural":null,"wikipedia":null,"operator:type":null,"capacity":null,"building:levels":null,"addr:city":"Kota Bogor","wikidata":null,"jenjang":null,"alt_name":null,"addr:street":null,"addr:housenumber":null,"addr:housename":null,"name":"SMP Budi Mulia Bogor","addr:full":null,"barrier":null},"geometry":{"type":"Point","coordinates":[106.7925,-6.5974]}},
{"type":"Feature","properties":{"full_id":"n13438936614","osm_id":"13438936614","osm_type":"node","amenity":"school","ref":"20219972","education":"school","addr:subdistrict":"Paledang","addr:province":null,"addr:district":"Bogor Tengah","swing_gate:type":null,"entrance":null,"religion":null,"grades":null,"email":null,"phone":null,"name:en":null,"wheelchair":null,"building:structure":null,"building:roof":null,"building:material":null,"building:condition":null,"access:roof":null,"building":null,"operator":"Swasta","opening_hours":null,"addr:postcode":null,"school:type_idn":null,"nspn":null,"isced:level":null,"website":null,"school":null,"fee":null,"contact:phone":null,"contact:fax":null,"contact:email":null,"addr:country":null,"local_ref":null,"natural":null,"wikipedia":null,"operator:type":null,"capacity":null,"building:levels":null,"addr:city":"Kota Bogor","wikidata":null,"jenjang":null,"alt_name":null,"addr:street":null,"addr:housenumber":null,"addr:housename":null,"name":"SD Bpk Penabur","addr:full":null,"barrier":null},"geometry":{"type":"Point","coordinates":[106.792,-6.6]}},
{"type":"Feature","properties":{"full_id":"n13438936613","osm_id":"13438936613","osm_type":"node","amenity":"school","ref":"20220324","education":"school","addr:subdistrict":"Paledang","addr:province":null,"addr:district":"Bogor Tengah","swing_gate:type":null,"entrance":null,"religion":null,"grades":null,"email":null,"phone":null,"name:en":null,"wheelchair":null,"building:structure":null,"building:roof":null,"building:material":null,"building:condition":null,"access:roof":null,"building":null,"operator":"Swasta","opening_hours":null,"addr:postcode":null,"school:type_idn":null,"nspn":null,"isced:level":null,"website":null,"school":null,"fee":null,"contact:phone":null,"contact:fax":null,"contact:email":null,"addr:country":null,"local_ref":null,"natural":null,"wikipedia":null,"operator:type":null,"capacity":null,"building:levels":null,"addr:city":"Kota Bogor","wikidata":null,"jenjang":null,"alt_name":null,"addr:street":null,"addr:housenumber":null,"addr:housename":null,"name":"SMAS Bpk Penabur Bogor","addr:full":null,"barrier":null},"geometry":{"type":"Point","coordinates":[106.7927685,-6.6005551]}},
{"type":"Feature","properties":{"full_id":"n13438936612","osm_id":"13438936612","osm_type":"node","amenity":"school","ref":"20220381","education":"school","addr:subdistrict":"Paledang","addr:province":null,"addr:district":"Bogor Tengah","swing_gate:type":null,"entrance":null,"religion":null,"grades":null,"email":null,"phone":null,"name:en":null,"wheelchair":null,"building:structure":null,"building:roof":null,"building:material":null,"building:condition":null,"access:roof":null,"building":null,"operator":"Negeri","opening_hours":null,"addr:postcode":null,"school:type_idn":null,"nspn":null,"isced:level":null,"website":null,"school":null,"fee":null,"contact:phone":null,"contact:fax":null,"contact:email":null,"addr:country":null,"local_ref":null,"natural":null,"wikipedia":null,"operator:type":null,"capacity":null,"building:levels":null,"addr:city":"Kota Bogor","wikidata":null,"jenjang":null,"alt_name":null,"addr:street":null,"addr:housenumber":null,"addr:housename":null,"name":"SMP Negeri 7 Bogor","addr:full":null,"barrier":null},"geometry":{"type":"Point","coordinates":[106.7913,-6.5997]}},
{"type":"Feature","properties":{"full_id":"n13438936623","osm_id":"13438936623","osm_type":"node","amenity":"school","ref":"20220519","education":"school","addr:subdistrict":"Pamoyanan","addr:province":null,"addr:district":"Bogor Selatan","swing_gate:type":null,"entrance":null,"religion":null,"grades":null,"email":null,"phone":null,"name:en":null,"wheelchair":null,"building:structure":null,"building:roof":null,"building:material":null,"building:condition":null,"access:roof":null,"building":null,"operator":"Negeri","opening_hours":null,"addr:postcode":null,"school:type_idn":null,"nspn":null,"isced:level":null,"website":null,"school":null,"fee":null,"contact:phone":null,"contact:fax":null,"contact:email":null,"addr:country":null,"local_ref":null,"natural":null,"wikipedia":null,"operator:type":null,"capacity":null,"building:levels":null,"addr:city":"Kota Bogor","wikidata":null,"jenjang":null,"alt_name":null,"addr:street":null,"addr:housenumber":null,"addr:housename":null,"name":"SD Negeri Pamoyanan 2","addr:full":null,"barrier":null},"geometry":{"type":"Point","coordinates":[106.79974,-6.63478]}},
{"type":"Feature","properties":{"full_id":"n13438936622","osm_id":"13438936622","osm_type":"node","amenity":"school","ref":"70012275","education":"school","addr:subdistrict":"Pamoyanan","addr:province":null,"addr:district":"Bogor Selatan","swing_gate:type":null,"entrance":null,"religion":null,"grades":null,"email":null,"phone":null,"name:en":null,"wheelchair":null,"building:structure":null,"building:roof":null,"building:material":null,"building:condition":null,"access:roof":null,"building":null,"operator":"Swasta","opening_hours":null,"addr:postcode":null,"school:type_idn":null,"nspn":null,"isced:level":null,"website":null,"school":null,"fee":null,"contact:phone":null,"contact:fax":null,"contact:email":null,"addr:country":null,"local_ref":null,"natural":null,"wikipedia":null,"operator:type":null,"capacity":null,"building:levels":null,"addr:city":"Kota Bogor","wikidata":null,"jenjang":null,"alt_name":null,"addr:street":null,"addr:housenumber":null,"addr:housename":null,"name":"SDIT Nurul Fata","addr:full":null,"barrier":null},"geometry":{"type":"Point","coordinates":[106.7984,-6.6335]}},
{"type":"Feature","properties":{"full_id":"n13438936621","osm_id":"13438936621","osm_type":"node","amenity":"school","ref":"70013065","education":"school","addr:subdistrict":"Pamoyanan","addr:province":null,"addr:district":"Bogor Selatan","swing_gate:type":null,"entrance":null,"religion":null,"grades":null,"email":null,"phone":null,"name:en":null,"wheelchair":null,"building:structure":null,"building:roof":null,"building:material":null,"building:condition":null,"access:roof":null,"building":null,"operator":"Swasta","opening_hours":null,"addr:postcode":null,"school:type_idn":null,"nspn":null,"isced:level":null,"website":null,"school":null,"fee":null,"contact:phone":null,"contact:fax":null,"contact:email":null,"addr:country":null,"local_ref":null,"natural":null,"wikipedia":null,"operator:type":null,"capacity":null,"building:levels":null,"addr:city":"Kota Bogor","wikidata":null,"jenjang":null,"alt_name":null,"addr:street":null,"addr:housenumber":null,"addr:housename":null,"name":"SDIT Birru Wattaqwa","addr:full":null,"barrier":null},"geometry":{"type":"Point","coordinates":[106.8079,-6.6417]}},
{"type":"Feature","properties":{"full_id":"n13438936616","osm_id":"13438936616","osm_type":"node","amenity":"school","ref":"20220570","education":"school","addr:subdistrict":"Paledang","addr:province":null,"addr:district":"Bogor Tengah","swing_gate:type":null,"entrance":null,"religion":null,"grades":null,"email":null,"phone":null,"name:en":null,"wheelchair":null,"building:structure":null,"building:roof":null,"building:material":null,"building:condition":null,"access:roof":null,"building":null,"operator":"Negeri","opening_hours":null,"addr:postcode":null,"school:type_idn":null,"nspn":null,"isced:level":null,"website":null,"school":null,"fee":null,"contact:phone":null,"contact:fax":null,"contact:email":null,"addr:country":null,"local_ref":null,"natural":null,"wikipedia":null,"operator:type":null,"capacity":null,"building:levels":null,"addr:city":"Kota Bogor","wikidata":null,"jenjang":null,"alt_name":null,"addr:street":null,"addr:housenumber":null,"addr:housename":null,"name":"SD Negeri Polisi 2","addr:full":null,"barrier":null},"geometry":{"type":"Point","coordinates":[106.7917,-6.5975]}},
{"type":"Feature","properties":{"full_id":"n13438936627","osm_id":"13438936627","osm_type":"node","amenity":"school","ref":"70008403","education":"school","addr:subdistrict":"Pamoyanan","addr:province":null,"addr:district":"Bogor Selatan","swing_gate:type":null,"entrance":null,"religion":null,"grades":null,"email":null,"phone":null,"name:en":null,"wheelchair":null,"building:structure":null,"building:roof":null,"building:material":null,"building:condition":null,"access:roof":null,"building":null,"operator":"Swasta","opening_hours":null,"addr:postcode":null,"school:type_idn":null,"nspn":null,"isced:level":null,"website":null,"school":null,"fee":null,"contact:phone":null,"contact:fax":null,"contact:email":null,"addr:country":null,"local_ref":null,"natural":null,"wikipedia":null,"operator:type":null,"capacity":null,"building:levels":null,"addr:city":"Kota Bogor","wikidata":null,"jenjang":null,"alt_name":null,"addr:street":null,"addr:housenumber":null,"addr:housename":null,"name":"SMP Islam Terpadu Nurul Fata","addr:full":null,"barrier":null},"geometry":{"type":"Point","coordinates":[106.7987,-6.6339]}},
{"type":"Feature","properties":{"full_id":"n13438936626","osm_id":"13438936626","osm_type":"node","amenity":"school","ref":"20220464","education":"school","addr:subdistrict":"Pamoyanan","addr:province":null,"addr:district":"Bogor Selatan","swing_gate:type":null,"entrance":null,"religion":null,"grades":null,"email":null,"phone":null,"name:en":null,"wheelchair":null,"building:structure":null,"building:roof":null,"building:material":null,"building:condition":null,"access:roof":null,"building":null,"operator":"Negeri","opening_hours":null,"addr:postcode":null,"school:type_idn":null,"nspn":null,"isced:level":null,"website":null,"school":null,"fee":null,"contact:phone":null,"contact:fax":null,"contact:email":null,"addr:country":null,"local_ref":null,"natural":null,"wikipedia":null,"operator:type":null,"capacity":null,"building:levels":null,"addr:city":"Kota Bogor","wikidata":null,"jenjang":null,"alt_name":null,"addr:street":null,"addr:housenumber":null,"addr:housename":null,"name":"SD Negeri Pabuaran","addr:full":null,"barrier":null},"geometry":{"type":"Point","coordinates":[106.80804,-6.637024]}},
{"type":"Feature","properties":{"full_id":"n13438936625","osm_id":"13438936625","osm_type":"node","amenity":"school","ref":"20238492","education":"school","addr:subdistrict":"Pamoyanan","addr:province":null,"addr:district":"Bogor Selatan","swing_gate:type":null,"entrance":null,"religion":null,"grades":null,"email":null,"phone":null,"name:en":null,"wheelchair":null,"building:structure":null,"building:roof":null,"building:material":null,"building:condition":null,"access:roof":null,"building":null,"operator":"Swasta","opening_hours":null,"addr:postcode":null,"school:type_idn":null,"nspn":null,"isced:level":null,"website":null,"school":null,"fee":null,"contact:phone":null,"contact:fax":null,"contact:email":null,"addr:country":null,"local_ref":null,"natural":null,"wikipedia":null,"operator:type":null,"capacity":null,"building:levels":null,"addr:city":"Kota Bogor","wikidata":null,"jenjang":null,"alt_name":null,"addr:street":null,"addr:housenumber":null,"addr:housename":null,"name":"SMP Harapan Taruna","addr:full":null,"barrier":null},"geometry":{"type":"Point","coordinates":[106.80604,-6.6445033]}},
{"type":"Feature","properties":{"full_id":"n13438936624","osm_id":"13438936624","osm_type":"node","amenity":"school","ref":"20220019","education":"school","addr:subdistrict":"Pamoyanan","addr:province":null,"addr:district":"Bogor Selatan","swing_gate:type":null,"entrance":null,"religion":null,"grades":null,"email":null,"phone":null,"name:en":null,"wheelchair":null,"building:structure":null,"building:roof":null,"building:material":null,"building:condition":null,"access:roof":null,"building":null,"operator":"Negeri","opening_hours":null,"addr:postcode":null,"school:type_idn":null,"nspn":null,"isced:level":null,"website":null,"school":null,"fee":null,"contact:phone":null,"contact:fax":null,"contact:email":null,"addr:country":null,"local_ref":null,"natural":null,"wikipedia":null,"operator:type":null,"capacity":null,"building:levels":null,"addr:city":"Kota Bogor","wikidata":null,"jenjang":null,"alt_name":null,"addr:street":null,"addr:housenumber":null,"addr:housename":null,"name":"SD Negeri Ciranjang","addr:full":null,"barrier":null},"geometry":{"type":"Point","coordinates":[106.802475,-6.6478117]}},
{"type":"Feature","properties":{"full_id":"n13438936631","osm_id":"13438936631","osm_type":"node","amenity":"school","ref":"20220566","education":"school","addr:subdistrict":"Pabaton","addr:province":null,"addr:district":"Bogor Tengah","swing_gate:type":null,"entrance":null,"religion":null,"grades":null,"email":null,"phone":null,"name:en":null,"wheelchair":null,"building:structure":null,"building:roof":null,"building:material":null,"building:condition":null,"access:roof":null,"building":null,"operator":"Negeri","opening_hours":null,"addr:postcode":null,"school:type_idn":null,"nspn":null,"isced:level":null,"website":null,"school":null,"fee":null,"contact:phone":null,"contact:fax":null,"contact:email":null,"addr:country":null,"local_ref":null,"natural":null,"wikipedia":null,"operator:type":null,"capacity":null,"building:levels":null,"addr:city":"Kota Bogor","wikidata":null,"jenjang":null,"alt_name":null,"addr:street":null,"addr:housenumber":null,"addr:housename":null,"name":"SD Negeri Pengadilan 5","addr:full":null,"barrier":null},"geometry":{"type":"Point","coordinates":[106.7933,-6.5922]}},
{"type":"Feature","properties":{"full_id":"n13438936630","osm_id":"13438936630","osm_type":"node","amenity":"school","ref":"20220343","education":"school","addr:subdistrict":"Pabaton","addr:province":null,"addr:district":"Bogor Tengah","swing_gate:type":null,"entrance":null,"religion":null,"grades":null,"email":null,"phone":null,"name:en":null,"wheelchair":null,"building:structure":null,"building:roof":null,"building:material":null,"building:condition":null,"access:roof":null,"building":null,"operator":"Swasta","opening_hours":null,"addr:postcode":null,"school:type_idn":null,"nspn":null,"isced:level":null,"website":null,"school":null,"fee":null,"contact:phone":null,"contact:fax":null,"contact:email":null,"addr:country":null,"local_ref":null,"natural":null,"wikipedia":null,"operator:type":null,"capacity":null,"building:levels":null,"addr:city":"Kota Bogor","wikidata":null,"jenjang":null,"alt_name":null,"addr:street":null,"addr:housenumber":null,"addr:housename":null,"name":"SMAS Regina Pacis","addr:full":null,"barrier":null},"geometry":{"type":"Point","coordinates":[106.7964,-6.5921]}},
{"type":"Feature","properties":{"full_id":"n13438936629","osm_id":"13438936629","osm_type":"node","amenity":"school","ref":"20220572","education":"school","addr:subdistrict":"Pabaton","addr:province":null,"addr:district":"Bogor Tengah","swing_gate:type":null,"entrance":null,"religion":null,"grades":null,"email":null,"phone":null,"name:en":null,"wheelchair":null,"building:structure":null,"building:roof":null,"building:material":null,"building:condition":null,"access:roof":null,"building":null,"operator":"Negeri","opening_hours":null,"addr:postcode":null,"school:type_idn":null,"nspn":null,"isced:level":null,"website":null,"school":null,"fee":null,"contact:phone":null,"contact:fax":null,"contact:email":null,"addr:country":null,"local_ref":null,"natural":null,"wikipedia":null,"operator:type":null,"capacity":null,"building:levels":null,"addr:city":"Kota Bogor","wikidata":null,"jenjang":null,"alt_name":null,"addr:street":null,"addr:housenumber":null,"addr:housename":null,"name":"SD Negeri Pengadilan 1 Bogor","addr:full":null,"barrier":null},"geometry":{"type":"Point","coordinates":[106.7931,-6.5921]}},
{"type":"Feature","properties":{"full_id":"n13438936628","osm_id":"13438936628","osm_type":"node","amenity":"school","ref":"20220367","education":"school","addr:subdistrict":"Pabaton","addr:province":null,"addr:district":"Bogor Tengah","swing_gate:type":null,"entrance":null,"religion":null,"grades":null,"email":null,"phone":null,"name:en":null,"wheelchair":null,"building:structure":null,"building:roof":null,"building:material":null,"building:condition":null,"access:roof":null,"building":null,"operator":"Swasta","opening_hours":null,"addr:postcode":null,"school:type_idn":null,"nspn":null,"isced:level":null,"website":null,"school":null,"fee":null,"contact:phone":null,"contact:fax":null,"contact:email":null,"addr:country":null,"local_ref":null,"natural":null,"wikipedia":null,"operator:type":null,"capacity":null,"building:levels":null,"addr:city":"Kota Bogor","wikidata":null,"jenjang":null,"alt_name":null,"addr:street":null,"addr:housenumber":null,"addr:housename":null,"name":"SMP Regina Pacis","addr:full":null,"barrier":null},"geometry":{"type":"Point","coordinates":[106.796798,-6.592545]}},
{"type":"Feature","properties":{"full_id":"n13438936635","osm_id":"13438936635","osm_type":"node","amenity":"school","ref":"20220564","education":"school","addr:subdistrict":"Pabaton","addr:province":null,"addr:district":"Bogor Tengah","swing_gate:type":null,"entrance":null,"religion":null,"grades":null,"email":null,"phone":null,"name:en":null,"wheelchair":null,"building:structure":null,"building:roof":null,"building:material":null,"building:condition":null,"access:roof":null,"building":null,"operator":"Negeri","opening_hours":null,"addr:postcode":null,"school:type_idn":null,"nspn":null,"isced:level":null,"website":null,"school":null,"fee":null,"contact:phone":null,"contact:fax":null,"contact:email":null,"addr:country":null,"local_ref":null,"natural":null,"wikipedia":null,"operator:type":null,"capacity":null,"building:levels":null,"addr:city":"Kota Bogor","wikidata":null,"jenjang":null,"alt_name":null,"addr:street":null,"addr:housenumber":null,"addr:housename":null,"name":"SD Negeri Pengadilan 3","addr:full":null,"barrier":null},"geometry":{"type":"Point","coordinates":[106.7932,-6.5922]}}
]
}
